[04Aug2026 17:23:35.533] [main/INFO] [cpw.mods.modlauncher.Launcher/MODLAUNCHER]: ModLauncher running: args [--launchTarget, forgeserver, --fml.forgeVersion, 47.4.22, --fml.mcVersion, 1.20.1, --fml.forgeGroup, net.minecraftforge, --fml.mcpVersion, 20230612.114412, nogui]
[04Aug2026 17:23:35.541] [main/INFO] [cpw.mods.modlauncher.Launcher/MODLAUNCHER]: ModLauncher 10.0.9+10.0.9+main.dcd20f30 starting: java version 17.0.19 by Ubuntu; OS Linux arch amd64 version 6.8.0-1052-azure
[04Aug2026 17:23:53.144] [main/INFO] [net.minecraftforge.fml.loading.ImmediateWindowHandler/]: ImmediateWindowProvider not loading because launch target is forgeserver
[04Aug2026 17:23:53.165] [main/INFO] [Preloading Tricks/]: Injected 6 jars into BOOT layer
[04Aug2026 17:23:53.915] [main/INFO] [Preloading Tricks/]: Preloading Tricks Installed
[04Aug2026 17:23:53.915] [main/INFO] [Preloading Tricks/]: Inject ClassTransformLaunchPlugin
[04Aug2026 17:23:54.313] [main/INFO] [mixin-transmog/]: Mixin Transmogrifier is definitely up to no good...
[04Aug2026 17:23:54.451] [main/INFO] [mixin-transmog/]: crimes against java were committed
[04Aug2026 17:23:54.509] [main/INFO] [mixin-transmog/]: Original mixin transformation service successfully crobbed by mixin-transmogrifier!
[04Aug2026 17:23:54.637] [main/INFO] [mixin/]: SpongePowered MIXIN Subsystem Version=0.8.5 Source=union:/workspaces/lolaso2.0/servidor_minecraft/mods/Connector-1.0.0-beta.49+1.20.1.jar%23390%23402!/ Service=ModLauncher Env=SERVER
[04Aug2026 17:23:54.867] [main/INFO] [Preloading Tricks/]: Loading 0 additional mods
[04Aug2026 17:23:56.003] [main/WARN] [net.minecraftforge.fml.loading.moddiscovery.ModFileParser/LOADING]: Mod file /workspaces/lolaso2.0/servidor_minecraft/libraries/net/minecraftforge/fmlcore/1.20.1-47.4.22/fmlcore-1.20.1-47.4.22.jar is missing mods.toml file
[04Aug2026 17:23:56.005] [main/WARN] [net.minecraftforge.fml.loading.moddiscovery.ModFileParser/LOADING]: Mod file /workspaces/lolaso2.0/servidor_minecraft/libraries/net/minecraftforge/javafmllanguage/1.20.1-47.4.22/javafmllanguage-1.20.1-47.4.22.jar is missing mods.toml file
[04Aug2026 17:23:56.006] [main/WARN] [net.minecraftforge.fml.loading.moddiscovery.ModFileParser/LOADING]: Mod file /workspaces/lolaso2.0/servidor_minecraft/libraries/net/minecraftforge/lowcodelanguage/1.20.1-47.4.22/lowcodelanguage-1.20.1-47.4.22.jar is missing mods.toml file
[04Aug2026 17:23:56.007] [main/WARN] [net.minecraftforge.fml.loading.moddiscovery.ModFileParser/LOADING]: Mod file /workspaces/lolaso2.0/servidor_minecraft/libraries/net/minecraftforge/mclanguage/1.20.1-47.4.22/mclanguage-1.20.1-47.4.22.jar is missing mods.toml file
[04Aug2026 17:23:56.060] [main/INFO] [net.minecraftforge.fml.loading.moddiscovery.ModDiscoverer/]: PreloadingTricks adding 1 additional dependency sources
[04Aug2026 17:23:58.921] [main/WARN] [net.minecraftforge.jarjar.selection.JarSelector/]: Attempted to select a dependency jar for JarJar which was passed in as source: midnightlib. Using Mod File: union:/workspaces/lolaso2.0/servidor_minecraft/mods/midnightlib-forge-1.9.2+1.20.1.jar%23594!/
[04Aug2026 17:23:58.922] [main/WARN] [net.minecraftforge.jarjar.selection.JarSelector/]: Attempted to select a dependency jar for JarJar which was passed in as source: fabric_api. Using Mod File: union:/workspaces/lolaso2.0/servidor_minecraft/mods/fabric-api-0.92.6+1.11.14+1.20.1.jar%23523!/
[04Aug2026 17:23:58.922] [main/WARN] [net.minecraftforge.jarjar.selection.JarSelector/]: Attempted to select a dependency jar for JarJar which was passed in as source: resourcefullib. Using Mod File: union:/workspaces/lolaso2.0/servidor_minecraft/mods/resourcefullib-forge-1.20.1-2.1.29.jar%23640!/
[04Aug2026 17:23:58.922] [main/INFO] [net.minecraftforge.fml.loading.moddiscovery.JarInJarDependencyLocator/]: Found 90 dependencies adding them to mods collection
[04Aug2026 17:24:00.098] [main/INFO] [org.sinytra.connector.locator.DependencyResolver/]: Dependency resolution found 1 candidates to load
[04Aug2026 17:24:01.910] [main/INFO] [net.minecraftforge.fml.loading.moddiscovery.ModDiscoverer/]: PreloadingTricks calling PreloadingTricksCallbacks.SETUP_MODS in `ModDiscoverer#discoverMods`
[04Aug2026 17:24:01.918] [main/INFO] [dev.nyon.klf.compat.kff.TransformationService/]: Found KFF: Applying compatibility patches.
[04Aug2026 17:24:01.921] [main/INFO] [dev.nyon.klf.compat.kff.TransformationService/]: Compatibility patches applied successfully.
[04Aug2026 17:24:01.985] [main/WARN] [net.minecraftforge.fml.loading.moddiscovery.ModFile/]: fdlib-1.0.9-1.20.1.jar contains an invalid 'accessTransformers' TOML entry. Should be e.g. accessTransformers = ["META-INF/accesstransformer.cfg", "META-INF/extra_at.cfg"] or accessTransformers = [] for no ATs. Falling back to default.
[04Aug2026 17:24:02.042] [main/WARN] [net.minecraftforge.fml.loading.moddiscovery.ModFile/]: cinematiccataclysm-1.0.1-1.20.1.jar contains an invalid 'accessTransformers' TOML entry. Should be e.g. accessTransformers = ["META-INF/accesstransformer.cfg", "META-INF/extra_at.cfg"] or accessTransformers = [] for no ATs. Falling back to default.
[04Aug2026 17:24:02.093] [main/INFO] [net.minecraftforge.fml.loading.LanguageLoadingProvider/]: PreloadingTricks calling PreloadingTricksCallbacks.SETUP_LANGUAGE_ADAPTER in `LanguageLoadingProvider#loadLanguageProviders`
[04Aug2026 17:24:02.811] [main/INFO] [org.sinytra.connector.service.hacks.ModuleLayerMigrator/]: Successfully made module authlib transformable
[04Aug2026 17:24:10.364] [main/INFO] [mixin/]: Compatibility level set to JAVA_17
[04Aug2026 17:24:12.098] [main/INFO] [mixin/]: Successfully loaded Mixin Connector [com.sonicether.soundphysics.MixinConnector]
[04Aug2026 17:24:12.134] [main/INFO] [cpw.mods.modlauncher.LaunchServiceHandler/MODLAUNCHER]: Launching target 'forgeserver' with arguments [nogui]
[04Aug2026 17:24:12.224] [main/WARN] [mixin/]: Reference map 'mixins.create_security.refmap.json' for mixins.create_security.json could not be read. If this is a development environment you can ignore this message
[04Aug2026 17:24:12.402] [main/INFO] [ModernFix/]: Loaded configuration file for ModernFix 5.27.58+mc1.20.1: 110 options available, 2 override(s) found
[04Aug2026 17:24:12.402] [main/WARN] [ModernFix/]: Option 'mixin.perf.deduplicate_location' overriden (by user configuration) to 'true'
[04Aug2026 17:24:12.403] [main/WARN] [ModernFix/]: Option 'mixin.perf.thread_priorities' overriden (by mods [smoothboot]) to 'false'
[04Aug2026 17:24:12.403] [main/INFO] [ModernFix/]: Applying Nashorn fix
[04Aug2026 17:24:12.416] [main/INFO] [ModernFix/]: Applied Forge config corruption patch
[04Aug2026 17:24:12.485] [main/WARN] [mixin/]: Reference map '' for chat_heads.forge.mixins.json could not be read. If this is a development environment you can ignore this message
[04Aug2026 17:24:12.502] [main/INFO] [Embeddium/]: Loaded configuration file for Embeddium: 396 options available, 0 override(s) found
[04Aug2026 17:24:12.522] [main/WARN] [mixin/]: Reference map 'handcrafted-forge-1.20.1-forge-refmap.json' for handcrafted.mixins.json could not be read. If this is a development environment you can ignore this message
[04Aug2026 17:24:12.535] [main/WARN] [mixin/]: Reference map 'createprism.refmap.json' for createprism.mixins.json could not be read. If this is a development environment you can ignore this message
[04Aug2026 17:24:12.570] [main/WARN] [mixin/]: Reference map 'yungsextras.refmap.json' for yungsextras.mixins.json could not be read. If this is a development environment you can ignore this message
[04Aug2026 17:24:12.575] [main/WARN] [mixin/]: Reference map 'yungsextras.refmap.json' for yungsextras_forge.mixins.json could not be read. If this is a development environment you can ignore this message
[04Aug2026 17:24:12.734] [main/INFO] [Radium Config/]: Loaded configuration file for Radium: 125 options available, 2 override(s) found
[04Aug2026 17:24:12.895] [main/WARN] [mixin/]: Reference map 'farmersrespite.refmap.json' for farmersrespite.mixins.json could not be read. If this is a development environment you can ignore this message
[04Aug2026 17:24:12.947] [main/WARN] [mixin/]: Reference map 'wits-common-refmap.json' for wits-common.mixins.json could not be read. If this is a development environment you can ignore this message
[04Aug2026 17:24:13.020] [main/WARN] [mixin/]: Reference map 'cristellib-forge-refmap.json' for cristellib.mixins.json could not be read. If this is a development environment you can ignore this message
[04Aug2026 17:24:13.359] [main/WARN] [mixin/]: Reference map 'anvianslib.refmap.json' for anvianslib.mixins.json could not be read. If this is a development environment you can ignore this message
[04Aug2026 17:24:13.401] [main/WARN] [mixin/]: Reference map 'integrated_cataclysm.refmap.json' for integrated_cataclysm.mixins.json could not be read. If this is a development environment you can ignore this message
[04Aug2026 17:24:13.406] [main/WARN] [mixin/]: Reference map 'underground_village.refmap.json' for underground_village.mixins.json could not be read. If this is a development environment you can ignore this message
[04Aug2026 17:24:13.464] [main/WARN] [mixin/]: Reference map 'nethervinery-common-refmap.json' for nethervinery-common.mixins.json could not be read. If this is a development environment you can ignore this message
[04Aug2026 17:24:13.526] [main/WARN] [mixin/]: Reference map 'mixins.kleiders_custom_renderer.refmap.json' for mixins.kleiders_custom_renderer.json could not be read. If this is a development environment you can ignore this message
[04Aug2026 17:24:13.618] [main/WARN] [mixin/]: Reference map 'cgs.mixin-refmap.json' for cgs.mixin.json could not be read. If this is a development environment you can ignore this message
[04Aug2026 17:24:13.896] [main/WARN] [mixin/]: Reference map 'createartifacts.refmap.json' for createartifacts.mixins.json could not be read. If this is a development environment you can ignore this message
[04Aug2026 17:24:13.976] [main/WARN] [mixin/]: Reference map 'itemselector.refmap.json' for l2itemselector.mixins.json could not be read. If this is a development environment you can ignore this message
[04Aug2026 17:24:14.021] [main/WARN] [mixin/]: Reference map '' for adapter.init.mixins.json could not be read. If this is a development environment you can ignore this message
[04Aug2026 17:24:15.029] [main/ERROR] [net.minecraftforge.fml.loading.RuntimeDistCleaner/DISTXFORM]: Attempted to load class net/minecraft/client/MouseHandler for invalid dist DEDICATED_SERVER
[04Aug2026 17:24:15.030] [main/WARN] [mixin/]: Error loading class: net/minecraft/client/MouseHandler (java.lang.RuntimeException: Attempted to load class net/minecraft/client/MouseHandler for invalid dist DEDICATED_SERVER)
[04Aug2026 17:24:15.030] [main/WARN] [mixin/]: @Mixin target net.minecraft.client.MouseHandler was not found fabric-screen-api-v1.mixins.json:MouseMixin from mod fabric_screen_api_v1
[04Aug2026 17:24:15.031] [main/ERROR] [net.minecraftforge.fml.loading.RuntimeDistCleaner/DISTXFORM]: Attempted to load class net/minecraft/client/gui/screens/Screen for invalid dist DEDICATED_SERVER
[04Aug2026 17:24:15.031] [main/WARN] [mixin/]: Error loading class: net/minecraft/client/gui/screens/Screen (java.lang.RuntimeException: Attempted to load class net/minecraft/client/gui/screens/Screen for invalid dist DEDICATED_SERVER)
[04Aug2026 17:24:15.031] [main/WARN] [mixin/]: @Mixin target net.minecraft.client.gui.screens.Screen was not found fabric-screen-api-v1.mixins.json:ScreenAccessor from mod fabric_screen_api_v1
[04Aug2026 17:24:15.154] [main/WARN] [mixin/]: Error loading class: dynamic_fps/impl/DynamicFPSMod (java.lang.ClassNotFoundException: dynamic_fps.impl.DynamicFPSMod)
[04Aug2026 17:24:15.155] [main/WARN] [mixin/]: @Mixin target dynamic_fps.impl.DynamicFPSMod was not found mixins.sodiumoptionsmodcompat.json:DynamicFPSConfigAccessor from mod sodiumoptionsmodcompat
[04Aug2026 17:24:15.531] [main/WARN] [mixin/]: Error loading class: com/teammetallurgy/aquaculture/entity/AquaFishingBobberEntity (java.lang.ClassNotFoundException: com.teammetallurgy.aquaculture.entity.AquaFishingBobberEntity)
[04Aug2026 17:24:15.542] [main/WARN] [Radium Config/]: Force-disabling mixin 'alloc.blockstate.StateMixin' as option 'mixin.alloc.blockstate' (added by mods [ferritecore]) disables it and children
[04Aug2026 17:24:15.950] [main/WARN] [mixin/]: Error loading class: net/minecraft/client/player/KeyboardInput (java.lang.ClassNotFoundException: net.minecraft.client.player.KeyboardInput)
[04Aug2026 17:24:15.950] [main/WARN] [mixin/]: @Mixin target net.minecraft.client.player.KeyboardInput was not found fdlib.mixins.json:KeyboardInputMixin from mod fdlib
[04Aug2026 17:24:16.122] [main/WARN] [mixin/]: Error loading class: com/mrbysco/spoiled/config/SpoiledConfigCache (java.lang.ClassNotFoundException: com.mrbysco.spoiled.config.SpoiledConfigCache)
[04Aug2026 17:24:16.122] [main/WARN] [mixin/]: @Mixin target com.mrbysco.spoiled.config.SpoiledConfigCache was not found cold_sweat.mixin.json:compat.MixinSpoiledIcebox$ContainerModifier from mod cold_sweat
[04Aug2026 17:24:16.349] [main/ERROR] [net.minecraftforge.fml.loading.RuntimeDistCleaner/DISTXFORM]: Attempted to load class net/minecraft/client/gui/screens/Screen for invalid dist DEDICATED_SERVER
[04Aug2026 17:24:16.349] [main/WARN] [mixin/]: Error loading class: net/minecraft/client/gui/screens/Screen (java.lang.RuntimeException: Attempted to load class net/minecraft/client/gui/screens/Screen for invalid dist DEDICATED_SERVER)
[04Aug2026 17:24:16.349] [main/WARN] [mixin/]: @Mixin target net.minecraft.client.gui.screens.Screen was not found relics.mixins.json:ScreenMixin from mod relics
[04Aug2026 17:24:16.610] [main/WARN] [mixin/]: Error loading class: me/jellysquid/mods/lithium/common/ai/pathing/PathNodeDefaults (java.lang.ClassNotFoundException: me.jellysquid.mods.lithium.common.ai.pathing.PathNodeDefaults)
[04Aug2026 17:24:16.656] [main/INFO] [culinarycompat-mixin/]: FD addItem returns ItemStack; applying cutting board cap mixin
[04Aug2026 17:24:16.670] [main/WARN] [mixin/]: Error loading class: net/blay09/mods/cookingforblockheads/KitchenMultiBlock (java.lang.ClassNotFoundException: net.blay09.mods.cookingforblockheads.KitchenMultiBlock)
[04Aug2026 17:24:16.670] [main/WARN] [mixin/]: @Mixin target net.blay09.mods.cookingforblockheads.KitchenMultiBlock was not found culinarycompat.mixins.json:cfb.Multiblock from mod culinarycompat
[04Aug2026 17:24:16.678] [main/WARN] [mixin/]: Error loading class: net/blay09/mods/cookingforblockheads/menu/RecipeBookMenu (java.lang.ClassNotFoundException: net.blay09.mods.cookingforblockheads.menu.RecipeBookMenu)
[04Aug2026 17:24:16.678] [main/WARN] [mixin/]: @Mixin target net.blay09.mods.cookingforblockheads.menu.RecipeBookMenu was not found culinarycompat.mixins.json:cfb.RecipeBook from mod culinarycompat
[04Aug2026 17:24:16.685] [main/WARN] [mixin/]: Error loading class: net/blay09/mods/cookingforblockheads/registry/CookingRegistry (java.lang.ClassNotFoundException: net.blay09.mods.cookingforblockheads.registry.CookingRegistry)
[04Aug2026 17:24:16.686] [main/WARN] [mixin/]: @Mixin target net.blay09.mods.cookingforblockheads.registry.CookingRegistry was not found culinarycompat.mixins.json:cfb.Registry from mod culinarycompat
[04Aug2026 17:24:16.694] [main/WARN] [mixin/]: Error loading class: cn/foggyhillside/ends_delight/blockentitiy/EndStoveBlockEntity (java.lang.ClassNotFoundException: cn.foggyhillside.ends_delight.blockentitiy.EndStoveBlockEntity)
[04Aug2026 17:24:16.695] [main/WARN] [mixin/]: @Mixin target cn.foggyhillside.ends_delight.blockentitiy.EndStoveBlockEntity was not found culinarycompat.mixins.json:compat.EndsDelight from mod culinarycompat
[04Aug2026 17:24:16.724] [main/ERROR] [net.minecraftforge.fml.loading.RuntimeDistCleaner/DISTXFORM]: Attempted to load class com/github/L_Ender/cataclysm/client/event/ClientEvent for invalid dist DEDICATED_SERVER
[04Aug2026 17:24:16.725] [main/WARN] [mixin/]: Error loading class: com/github/L_Ender/cataclysm/client/event/ClientEvent (java.lang.RuntimeException: Attempted to load class com/github/L_Ender/cataclysm/client/event/ClientEvent for invalid dist DEDICATED_SERVER)
[04Aug2026 17:24:16.725] [main/WARN] [mixin/]: @Mixin target com.github.L_Ender.cataclysm.client.event.ClientEvent was not found incineratorstryhard.mixins.json:ClientEventMixin from mod incineratorstryhard
[04Aug2026 17:24:17.031] [main/WARN] [mixin/]: Error loading class: me/jellysquid/mods/lithium/common/ai/pathing/PathNodeDefaults (java.lang.ClassNotFoundException: me.jellysquid.mods.lithium.common.ai.pathing.PathNodeDefaults)
[04Aug2026 17:24:17.188] [main/WARN] [mixin/]: Error loading class: dev/emi/emi/screen/RecipeScreen (java.lang.ClassNotFoundException: dev.emi.emi.screen.RecipeScreen)
[04Aug2026 17:24:17.188] [main/WARN] [mixin/]: @Mixin target dev.emi.emi.screen.RecipeScreen was not found ali.emi.mixins.json:MixinRecipeScreen from mod ali
[04Aug2026 17:24:17.542] [main/ERROR] [net.minecraftforge.fml.loading.RuntimeDistCleaner/DISTXFORM]: Attempted to load class net/minecraft/client/player/AbstractClientPlayer for invalid dist DEDICATED_SERVER
[04Aug2026 17:24:17.542] [main/WARN] [mixin/]: Error loading class: net/minecraft/client/player/AbstractClientPlayer (java.lang.RuntimeException: Attempted to load class net/minecraft/client/player/AbstractClientPlayer for invalid dist DEDICATED_SERVER)
[04Aug2026 17:24:17.542] [main/WARN] [mixin/]: @Mixin target net.minecraft.client.player.AbstractClientPlayer was not found mixins.create_sa.json:AbstractClientPlayerMixin from mod create_sa
[04Aug2026 17:24:17.545] [main/ERROR] [net.minecraftforge.fml.loading.RuntimeDistCleaner/DISTXFORM]: Attempted to load class net/minecraft/client/Camera for invalid dist DEDICATED_SERVER
[04Aug2026 17:24:17.545] [main/WARN] [mixin/]: Error loading class: net/minecraft/client/Camera (java.lang.RuntimeException: Attempted to load class net/minecraft/client/Camera for invalid dist DEDICATED_SERVER)
[04Aug2026 17:24:17.545] [main/WARN] [mixin/]: @Mixin target net.minecraft.client.Camera was not found legendary_monsters.mixins.json:CameraInvoker from mod legendary_monsters
[04Aug2026 17:24:17.598] [main/WARN] [mixin/]: Error loading class: com/alekiponi/alekiships/common/entity/vehicle/AbstractAlekiBoatEntity (java.lang.ClassNotFoundException: com.alekiponi.alekiships.common.entity.vehicle.AbstractAlekiBoatEntity)
[04Aug2026 17:24:17.599] [main/WARN] [mixin/]: @Mixin target com.alekiponi.alekiships.common.entity.vehicle.AbstractAlekiBoatEntity was not found wakes.mixins.json:AlekiBoatAccessor from mod wakes
[04Aug2026 17:24:17.720] [main/INFO] [DisableConflictingMixinPlugin/]: Applying mixin: com.github.leopoko.solclassic.forge.mixin.PlayerMixinForge for target class: net.minecraft.world.entity.player.Player
[04Aug2026 17:24:17.720] [main/INFO] [DisableConflictingMixinPlugin/]: Applying mixin: com.github.leopoko.solclassic.forge.mixin.LivingEntityMixinForge for target class: net.minecraft.world.entity.LivingEntity
[04Aug2026 17:24:17.721] [main/INFO] [DisableConflictingMixinPlugin/]: Applying mixin: com.github.leopoko.solclassic.forge.mixin.WickerBasketMixinForge for target class: com.github.leopoko.solclassic.item.WickerBasketItem
[04Aug2026 17:24:18.056] [main/ERROR] [net.minecraftforge.fml.loading.RuntimeDistCleaner/DISTXFORM]: Attempted to load class net/minecraft/client/renderer/texture/SpriteContents$InterpolationData for invalid dist DEDICATED_SERVER
[04Aug2026 17:24:18.056] [main/WARN] [mixin/]: Error loading class: net/minecraft/client/renderer/texture/SpriteContents$InterpolationData (java.lang.RuntimeException: Attempted to load class net/minecraft/client/renderer/texture/SpriteContents$InterpolationData for invalid dist DEDICATED_SERVER)
[04Aug2026 17:24:18.057] [main/WARN] [mixin/]: @Mixin target net.minecraft.client.renderer.texture.SpriteContents$InterpolationData was not found fusion.mixins.json:embeddium.SpriteContentsInterpolationDataMixinEmbeddium from mod fusion
[04Aug2026 17:24:18.102] [main/WARN] [mixin/]: Error loading class: com/mojang/blaze3d/platform/InputConstants$Key (java.lang.ClassNotFoundException: com.mojang.blaze3d.platform.InputConstants$Key)
[04Aug2026 17:24:18.222] [main/WARN] [mixin/]: Error loading class: com/mojang/blaze3d/platform/InputConstants$Key (java.lang.ClassNotFoundException: com.mojang.blaze3d.platform.InputConstants$Key)
[04Aug2026 17:24:18.260] [main/INFO] [SBCompatMixinPlugin/]: [SoL Classic] SophisticatedCore detected, enabling SB Feeding Upgrade compatibility
[04Aug2026 17:24:18.293] [main/INFO] [MixinExtras|Service/]: Initializing MixinExtras via com.llamalad7.mixinextras.service.MixinExtrasServiceImpl(version=0.5.3).
[04Aug2026 17:24:18.879] [main/INFO] [Smooth Boot (Reloaded)/]: Smooth Boot (Reloaded) config initialized
[04Aug2026 17:24:19.044] [main/WARN] [mixin/]: Static binding violation: PRIVATE @Overwrite method m_216202_ in modernfix-modernfix.mixins.json:perf.tag_id_caching.TagOrElementLocationMixin from mod modernfix cannot reduce visibiliy of PUBLIC target method, visibility will be upgraded.
[04Aug2026 17:24:19.135] [main/WARN] [net.minecraft.SystemReport/]: Failed retrieving info for group hardware
java.lang.NoClassDefFoundError: com/sun/jna/Platform
	at oshi.SystemInfo.<clinit>(SystemInfo.java:60) ~[oshi-core-6.2.2.jar%2369!/:6.2.2]
	at net.minecraft.SystemReport.m_143564_(SystemReport.java:52) ~[server-1.20.1-20230612.114412-srg.jar%23696!/:?]
	at net.minecraft.SystemReport.m_143516_(SystemReport.java:82) ~[server-1.20.1-20230612.114412-srg.jar%23696!/:?]
	at net.minecraft.SystemReport.<init>(SystemReport.java:52) ~[server-1.20.1-20230612.114412-srg.jar%23696!/:?]
	at net.minecraft.CrashReport.<init>(CrashReport.java:31) ~[server-1.20.1-20230612.114412-srg.jar%23696!/:?]
	at net.minecraft.CrashReport.m_127529_(CrashReport.java:216) ~[server-1.20.1-20230612.114412-srg.jar%23696!/:?]
	at net.minecraft.server.Main.main(Main.java:116) ~[server-1.20.1-20230612.114412-srg.jar%23696!/:?]
	at jdk.internal.reflect.NativeMethodAccessorImpl.invoke0(Native Method) ~[?:?]
	at jdk.internal.reflect.NativeMethodAccessorImpl.invoke(NativeMethodAccessorImpl.java:77) ~[?:?]
	at jdk.internal.reflect.DelegatingMethodAccessorImpl.invoke(DelegatingMethodAccessorImpl.java:43) ~[?:?]
	at java.lang.reflect.Method.invoke(Method.java:569) ~[?:?]
	at net.minecraftforge.fml.loading.targets.CommonLaunchHandler.runTarget(CommonLaunchHandler.java:111) ~[fmlloader-1.20.1-47.4.22.jar%2367!/:?]
	at net.minecraftforge.fml.loading.targets.CommonLaunchHandler.serverService(CommonLaunchHandler.java:103) ~[fmlloader-1.20.1-47.4.22.jar%2367!/:?]
	at net.minecraftforge.fml.loading.targets.CommonServerLaunchHandler.lambda$makeService$0(CommonServerLaunchHandler.java:27) ~[fmlloader-1.20.1-47.4.22.jar%2367!/:?]
	at cpw.mods.modlauncher.LaunchServiceHandlerDecorator.launch(LaunchServiceHandlerDecorator.java:30) ~[modlauncher-10.0.9.jar%2353!/:?]
	at cpw.mods.modlauncher.LaunchServiceHandler.launch(LaunchServiceHandler.java:53) ~[modlauncher-10.0.9.jar%2353!/:?]
	at cpw.mods.modlauncher.LaunchServiceHandler.launch(LaunchServiceHandler.java:71) ~[modlauncher-10.0.9.jar%2353!/:?]
	at cpw.mods.modlauncher.Launcher.run(Launcher.java:108) ~[modlauncher-10.0.9.jar%2353!/:?]
	at cpw.mods.modlauncher.Launcher.main(Launcher.java:78) ~[modlauncher-10.0.9.jar%2353!/:?]
	at cpw.mods.modlauncher.BootstrapLaunchConsumer.accept(BootstrapLaunchConsumer.java:26) ~[modlauncher-10.0.9.jar%2353!/:?]
	at cpw.mods.modlauncher.BootstrapLaunchConsumer.accept(BootstrapLaunchConsumer.java:23) ~[modlauncher-10.0.9.jar%2353!/:?]
	at cpw.mods.bootstraplauncher.BootstrapLauncher.main(BootstrapLauncher.java:141) ~[bootstraplauncher-1.1.2.jar:?]
Caused by: java.lang.ClassNotFoundException: com.sun.jna.Platform
	at jdk.internal.loader.BuiltinClassLoader.loadClass(BuiltinClassLoader.java:641) ~[?:?]
	at java.lang.ClassLoader.loadClass(ClassLoader.java:525) ~[?:?]
	at cpw.mods.cl.ModuleClassLoader.loadClass(ModuleClassLoader.java:137) ~[securejarhandler-2.1.10.jar:?]
	at java.lang.ClassLoader.loadClass(ClassLoader.java:525) ~[?:?]
	... 22 more
[04Aug2026 17:24:19.181] [main/INFO] [net.minecraft.server.Bootstrap/]: ModernFix reached bootstrap stage (46.50 s after launch)
[04Aug2026 17:24:19.491] [main/WARN] [mixin/]: @Final field delegatesByName:Ljava/util/Map; in modernfix-modernfix.mixins.json:perf.forge_registry_alloc.ForgeRegistryMixin from mod modernfix should be final
[04Aug2026 17:24:19.491] [main/WARN] [mixin/]: @Final field delegatesByValue:Ljava/util/Map; in modernfix-modernfix.mixins.json:perf.forge_registry_alloc.ForgeRegistryMixin from mod modernfix should be final
[04Aug2026 17:24:19.985] [main/INFO] [ModernFix/]: Injecting BlockStateBase cache population hook into getNeighborPathNodeType from me.jellysquid.mods.lithium.mixin.ai.pathing.AbstractBlockStateMixin
[04Aug2026 17:24:19.986] [main/INFO] [ModernFix/]: Injecting BlockStateBase cache population hook into getPathNodeType from me.jellysquid.mods.lithium.mixin.ai.pathing.AbstractBlockStateMixin
[04Aug2026 17:24:19.986] [main/INFO] [ModernFix/]: Injecting BlockStateBase cache population hook into getAllFlags from me.jellysquid.mods.lithium.mixin.util.block_tracking.AbstractBlockStateMixin
[04Aug2026 17:24:21.532] [main/INFO] [net.minecraft.server.Bootstrap/]: Vanilla bootstrap took 2342 milliseconds
[04Aug2026 17:24:24.492] [main/WARN] [mixin/]: Static binding violation: PRIVATE @Overwrite method m_135379_ in lithium.mixins.json:entity.data_tracker.use_arrays.DataTrackerMixin from mod radium cannot reduce visibiliy of PUBLIC target method, visibility will be upgraded.
[04Aug2026 17:24:25.699] [main/WARN] [mixin/]: Method overwrite conflict for m_47505_ in lithium.mixins.json:world.temperature_cache.BiomeMixin from mod radium, previously written by org.embeddedt.modernfix.common.mixin.perf.remove_biome_temperature_cache.BiomeMixin. Skipping method.
[04Aug2026 17:24:26.902] [modloading-worker-0/INFO] [oelib/]: Registered config fix chain oei:common_config currentVersion=1
[04Aug2026 17:24:27.412] [modloading-worker-0/WARN] [mixin/]: Method overwrite conflict for getPools in majruszsdifficulty-forge.mixins.json:IMixinLootTable from mod majruszsdifficulty, previously written by com.blackgear.platform.core.mixin.forge.LootTableMixin. Skipping method.
[04Aug2026 17:24:27.412] [modloading-worker-0/WARN] [mixin/]: Method overwrite conflict for getPools in ali.forge.mixins.json:MixinLootTableForge from mod ali, previously written by com.blackgear.platform.core.mixin.forge.LootTableMixin. Skipping method.
[04Aug2026 17:24:27.413] [modloading-worker-0/WARN] [mixin/]: Method overwrite conflict for getPools in createdieselgenerators.mixins.json:LootTableAccessor from mod createdieselgenerators, previously written by com.blackgear.platform.core.mixin.forge.LootTableMixin. Skipping method.
[04Aug2026 17:24:27.571] [modloading-worker-0/INFO] [com.iafenvoy.jupiter.Jupiter/]: Config spec system detected, register to Jupiter Config System.
[04Aug2026 17:24:27.579] [modloading-worker-0/INFO] [com.iafenvoy.jupiter.Jupiter/]: Cloth Config API detected, register to Jupiter Config System.
[04Aug2026 17:24:27.813] [modloading-worker-0/WARN] [mixin/]: Static binding violation: PRIVATE @Overwrite method m_215924_ in modernfix-modernfix.mixins.json:perf.tag_id_caching.TagEntryMixin from mod modernfix cannot reduce visibiliy of PUBLIC target method, visibility will be upgraded.
[04Aug2026 17:24:28.043] [modloading-worker-0/INFO] [Create: Trading Floor/]: Create: Trading Floor initializing! Platform: Forge
[04Aug2026 17:24:28.043] [modloading-worker-0/INFO] [Create: Trading Floor/]: Registering all Create: Trading Floor entries
[04Aug2026 17:24:28.044] [modloading-worker-0/INFO] [Create: Trading Floor/]: Registering Particle Emitters for: Create: Trading Floor
[04Aug2026 17:24:28.049] [modloading-worker-0/INFO] [Create: Trading Floor/]: Finished Initialisation For Mod: trading_floor
[04Aug2026 17:24:29.110] [modloading-worker-0/INFO] [cc.sighs.oelib.network.api.NetworkAutoRegistration/]: [NetworkAutoReg] Scanning 4 package(s) for packets...
[04Aug2026 17:24:29.174] [modloading-worker-0/INFO] [cc.sighs.oelib.network.api.NetworkAutoRegistration/]: [NetworkAutoReg] Scan packages: [cc.sighs.oelib.data.net, cc.sighs.oelib.network.chunk, cc.sighs.oelib.config.net, cc.sighs.oelib.dev.example.net] | found: 6 | added: 6 | skipped: 0
[04Aug2026 17:24:29.175] [modloading-worker-0/INFO] [cc.sighs.oelib.event.EventAutoRegistration/]: [EventAutoReg] Scanning 1 package(s) for event listeners...
[04Aug2026 17:24:29.192] [modloading-worker-0/INFO] [cc.sighs.oelib.event.EventAutoRegistration/]: [EventAutoReg] Registered 1 listener class(es).
[04Aug2026 17:24:29.215] [modloading-worker-0/INFO] [oelib/]: Data registry initialized with 1 registered types
[04Aug2026 17:24:29.215] [modloading-worker-0/WARN] [oelib/]: MVEL2 not found in classpath. Expression engine will be disabled.
[04Aug2026 17:24:29.309] [modloading-worker-0/INFO] [net.minecraftforge.common.ForgeMod/FORGEMOD]: Forge mod loading, version 47.4.22, for MC 1.20.1 with MCP 20230612.114412
[04Aug2026 17:24:29.310] [modloading-worker-0/INFO] [net.minecraftforge.common.MinecraftForge/FORGE]: MinecraftForge v47.4.22 Initialized
[04Aug2026 17:24:29.370] [modloading-worker-0/INFO] [MapDistanceFix/]: Initializing MapDistanceFix (Forge)
[04Aug2026 17:24:29.373] [modloading-worker-0/INFO] [MapDistanceFix/]: MapDistanceFix initialized successfully!
[04Aug2026 17:24:29.564] [modloading-worker-0/INFO] [necronomicon/]: Necronomicon Initialized
[04Aug2026 17:24:29.569] [modloading-worker-0/INFO] [necronomicon/]: File exists, reading config for elocindev.necronomicon.NecronomiconConfig.
[04Aug2026 17:24:29.572] [modloading-worker-0/INFO] [necronomicon/]: Config for elocindev.necronomicon.NecronomiconConfig read successfully.
[04Aug2026 17:24:29.576] [modloading-worker-0/INFO] [necronomicon/]: there is a brick about to fall through your roof at terminal velocity
[04Aug2026 17:24:29.576] [modloading-worker-0/INFO] [necronomicon/]: there is a brick about to fall through your roof at terminal velocity
[04Aug2026 17:24:30.200] [modloading-worker-0/INFO] [snownee.kiwi.Kiwi/INIT]: Processing 6 KiwiModule annotations
[04Aug2026 17:24:30.294] [modloading-worker-0/INFO] [thedarkcolour.kotlinforforge.test.KotlinForForge/]: Kotlin For Forge Enabled!
[04Aug2026 17:24:30.318] [modloading-worker-0/INFO] [Exile Log: com.robertx22.library_of_exile.registry.helpers.OrderedModConstructor/]: Mod Constructor Registered : library_of_exile
[04Aug2026 17:24:30.503] [modloading-worker-0/WARN] [mixin/]: Method overwrite conflict for getEntries in majruszsdifficulty-common.mixins.json:IMixinLootPool from mod majruszsdifficulty, previously written by com.blackgear.platform.core.mixin.forge.LootPoolMixin. Skipping method.
[04Aug2026 17:24:30.504] [modloading-worker-0/WARN] [mixin/]: Method overwrite conflict for getEntries in createdieselgenerators.mixins.json:LootPoolAccessor from mod createdieselgenerators, previously written by com.blackgear.platform.core.mixin.forge.LootPoolMixin. Skipping method.
[04Aug2026 17:24:30.591] [modloading-worker-0/INFO] [zeta/]: Doing super early config setup for zeta
[04Aug2026 17:24:30.624] [modloading-worker-0/INFO] [com.adonis.createfisheryindustry.CreateFisheryMod/]: Registered thick soup fluids (real flowing fluids now)...
[04Aug2026 17:24:30.665] [modloading-worker-0/INFO] [End's Phantasm/]: [Phantasm] Loading Configs for Phantasm
[04Aug2026 17:24:30.680] [modloading-worker-0/WARN] [End's Phantasm/]: [Phantasm] Couldn't find config value for path : "[dreaming_den, entities, behemoth, snoring_volume]", defaulting to 1
[04Aug2026 17:24:30.848] [modloading-worker-0/INFO] [End's Phantasm/]: [Phantasm] Registering Sounds for mod id : phantasm
[04Aug2026 17:24:31.351] [modloading-worker-0/INFO] [xaero.map.WorldMap/]: Registering common data for channel xaeroworldmap:main!
[04Aug2026 17:24:31.436] [modloading-worker-0/INFO] [xaero.map.WorldMap/]: Loading primary common config for channel xaeroworldmap:main!
[04Aug2026 17:24:31.444] [modloading-worker-0/INFO] [xaero.map.WorldMap/]: Loading server config profiles for channel xaeroworldmap:main!
[04Aug2026 17:24:31.611] [modloading-worker-0/INFO] [Bookshelf/]: Fixing MC-151457. Crafting remainder for minecraft:pufferfish_bucket is now minecraft:bucket.
[04Aug2026 17:24:31.611] [modloading-worker-0/INFO] [Bookshelf/]: Fixing MC-151457. Crafting remainder for minecraft:salmon_bucket is now minecraft:bucket.
[04Aug2026 17:24:31.611] [modloading-worker-0/INFO] [Bookshelf/]: Fixing MC-151457. Crafting remainder for minecraft:cod_bucket is now minecraft:bucket.
[04Aug2026 17:24:31.611] [modloading-worker-0/INFO] [Bookshelf/]: Fixing MC-151457. Crafting remainder for minecraft:tropical_fish_bucket is now minecraft:bucket.
[04Aug2026 17:24:31.612] [modloading-worker-0/INFO] [Bookshelf/]: Fixing MC-151457. Crafting remainder for minecraft:axolotl_bucket is now minecraft:bucket.
[04Aug2026 17:24:31.612] [modloading-worker-0/INFO] [Bookshelf/]: Fixing MC-151457. Crafting remainder for minecraft:powder_snow_bucket is now minecraft:bucket.
[04Aug2026 17:24:31.612] [modloading-worker-0/INFO] [Bookshelf/]: Fixing MC-151457. Crafting remainder for minecraft:tadpole_bucket is now minecraft:bucket.
[04Aug2026 17:24:31.745] [modloading-worker-0/INFO] [Railways/]: Steam 'n' Rails v1.7.2 initializing! Commit hash: 7c1a21e3a4edbd6b5f1301f82a8bfbeb5fdb1444 on Create version: 6.0.8 on platform: Forge
[04Aug2026 17:24:31.863] [modloading-worker-0/INFO] [de.keksuccino.melody.Melody/]: [MELODY] Disabling Melody since it's loaded server-side.
[04Aug2026 17:24:31.942] [modloading-worker-0/INFO] [de.keksuccino.konkrete.Konkrete/]: [KONKRETE] Successfully initialized!
[04Aug2026 17:24:31.943] [modloading-worker-0/INFO] [de.keksuccino.konkrete.Konkrete/]: [KONKRETE] Server-side libs ready to use!
[04Aug2026 17:24:32.580] [modloading-worker-0/INFO] [Railways/]: Registered bogey styles from railways
[04Aug2026 17:24:32.687] [modloading-worker-0/INFO] [Create Unbreakable Tools Mod/]: Create Unbreakable Tools Mod initializing!
[04Aug2026 17:24:32.822] [modloading-worker-0/INFO] [Anvian's Lib/]: Telemetry data sent: 201
[04Aug2026 17:24:32.829] [modloading-worker-0/INFO] [Create Unbreakable Tools Mod/]: Registering items for Create Unbreakable Tools Mod
[04Aug2026 17:24:32.837] [modloading-worker-0/INFO] [Create Unbreakable Tools Mod/]: Registering blocks for Create Unbreakable Tools Mod
[04Aug2026 17:24:32.844] [modloading-worker-0/INFO] [com.cupboard.Cupboard/]: Loaded config for: memorysettings.json
[04Aug2026 17:24:32.844] [modloading-worker-0/WARN] [com.memorysettings.config.CommonConfiguration/]: You have allocated less memory( 14336 MB) than the recommended minimum for this pack: 16000 MB.
The suggested amount for your system is: 6998 mb.
 Click OK to visit a wiki with instructions on how to allocate more memory, or Cancel to ignore this warning.
[04Aug2026 17:24:32.849] [modloading-worker-0/WARN] [com.memorysettings.config.CommonConfiguration/]: You have less memory allocated(14336mb) than recommended for this pack, the minimum is: 16000mb.
The recommended amount for your system is: 6998 mb.
The recommended for your system is lower than the required minimum of 16000mb for this pack, things may not work out so well.
Most common sign of insufficient ram is frequent stutters.

[04Aug2026 17:24:33.326] [modloading-worker-0/INFO] [Railways/]: Registering data fixers
[04Aug2026 17:24:33.430] [modloading-worker-0/INFO] [Collective/]: Loading Collective version 8.39.
[04Aug2026 17:24:33.531] [modloading-worker-0/INFO] [oelib/]: Registered config fix chain oeb:common_config currentVersion=1
[04Aug2026 17:24:33.535] [modloading-worker-0/INFO] [ModernFix/]: Bypassed Mojang DFU
[04Aug2026 17:24:33.535] [modloading-worker-0/INFO] [ModernFix/]: Instantiating Mojang DFU
[04Aug2026 17:24:33.599] [modloading-worker-0/INFO] [dev.architectury.networking.forge.NetworkManagerImpl/]: Registering C2S receiver with id architectury:sync_ids
[04Aug2026 17:24:33.686] [modloading-worker-0/INFO] [JamLib/]: Initializing JamLib on Forge
[04Aug2026 17:24:33.709] [modloading-worker-0/INFO] [JamLib/]: Updated config file at /workspaces/lolaso2.0/servidor_minecraft/config/rightclickharvest.json5
[04Aug2026 17:24:33.710] [modloading-worker-0/INFO] [Right Click Harvest/]: Initializing Right Click Harvest on FORGE
[04Aug2026 17:24:33.722] [modloading-worker-0/INFO] [com.cupboard.Cupboard/]: Loaded config for: cupboard.json
[04Aug2026 17:24:33.812] [modloading-worker-0/INFO] [de.cristelknight999.wwoo_forge.wwoo_forge/]: Enabling William Wythers' Overhauled Overworld [FORGE]
[04Aug2026 17:24:33.832] [modloading-worker-0/INFO] [Bed Benefits/]: Loaded config file.
[04Aug2026 17:24:33.833] [modloading-worker-0/INFO] [Bed Benefits/]: Saved config file.
[04Aug2026 17:24:33.879] [KubeJS Background Thread/INFO] [KubeJS/]: Loaded common.properties
[04Aug2026 17:24:33.880] [KubeJS Background Thread/INFO] [KubeJS/]: Loaded dev.properties
[04Aug2026 17:24:33.918] [modloading-worker-0/INFO] [KubeJS/]: Looking for KubeJS plugins...
[04Aug2026 17:24:33.967] [modloading-worker-0/INFO] [KubeJS/]: Found plugin source kubejs
[04Aug2026 17:24:33.998] [modloading-worker-0/WARN] [KubeJS/]: Plugin dev.latvian.mods.kubejs.forge.BuiltinKubeJSForgeClientPlugin does not load on server side, skipping
[04Aug2026 17:24:33.998] [modloading-worker-0/WARN] [KubeJS/]: Plugin dev.latvian.mods.kubejs.integration.forge.gamestages.GameStagesIntegration does not have required mod gamestages loaded, skipping
[04Aug2026 17:24:33.998] [modloading-worker-0/INFO] [KubeJS/]: Found plugin source kubejs_curios
[04Aug2026 17:24:34.002] [modloading-worker-0/INFO] [KubeJS/]: Found plugin source createdieselgenerators
[04Aug2026 17:24:34.070] [modloading-worker-0/INFO] [KubeJS/]: Found plugin source exposure
[04Aug2026 17:24:34.072] [modloading-worker-0/INFO] [KubeJS/]: Found plugin source oneenoughenchantment
[04Aug2026 17:24:34.087] [modloading-worker-0/INFO] [KubeJS/]: Found plugin source kubejs_create
[04Aug2026 17:24:34.310] [modloading-worker-0/INFO] [KubeJS/]: Found plugin source cold_sweat
[04Aug2026 17:24:34.313] [modloading-worker-0/INFO] [KubeJS/]: Found plugin source morejs
[04Aug2026 17:24:34.316] [modloading-worker-0/INFO] [KubeJS/]: Found plugin source lootjs
[04Aug2026 17:24:34.327] [modloading-worker-0/INFO] [KubeJS/]: Done in 407.3 ms
[04Aug2026 17:24:34.510] [modloading-worker-0/INFO] [xaero.lib.XaeroLib/]: Registering common data for channel xaerolib:main!
[04Aug2026 17:24:34.511] [modloading-worker-0/INFO] [xaero.lib.XaeroLib/]: Loading primary common config for channel xaerolib:main!
[04Aug2026 17:24:34.512] [modloading-worker-0/INFO] [xaero.lib.XaeroLib/]: Loading server config profiles for channel xaerolib:main!
[04Aug2026 17:24:34.612] [modloading-worker-0/INFO] [com.simibubi.create.Create/]: Create 6.0.8 initializing! Commit hash: 1a1a9a2819b4f89f78caec41b55ed8cb222fa24b
[04Aug2026 17:24:34.643] [modloading-worker-0/INFO] [Rhino Script Remapper/]: Loading Rhino Minecraft remapper...
[04Aug2026 17:24:34.649] [modloading-worker-0/INFO] [dev.latvian.mods.rhino.mod.util.RhinoProperties/]: Rhino properties loaded.
[04Aug2026 17:24:34.663] [modloading-worker-0/INFO] [Rhino Script Remapper/]: Loading mappings for 1.20.1
[04Aug2026 17:24:34.793] [modloading-worker-0/INFO] [com.mojang.datafixers.DataFixerBuilder/]: 0 Datafixer optimizations took 0 milliseconds
[04Aug2026 17:24:34.796] [modloading-worker-0/INFO] [Railways/MultiRegistryCallback/]: Registering callback for create:track_signal in minecraft:block_entity_type
[04Aug2026 17:24:34.797] [modloading-worker-0/INFO] [Railways/MultiRegistryCallback/]: Registering callback for railways:track_signal_source in create:display_source
[04Aug2026 17:24:34.797] [modloading-worker-0/INFO] [Railways/MultiRegistryCallback/]: Registering callback for create:copycat in minecraft:block_entity_type
[04Aug2026 17:24:34.797] [modloading-worker-0/INFO] [Railways/MultiRegistryCallback/]: Registering callback for railways:conductor_vent in minecraft:block
[04Aug2026 17:24:34.797] [modloading-worker-0/INFO] [Railways/MultiRegistryCallback/]: Registering callback for create:flywheel in minecraft:block_entity_type
[04Aug2026 17:24:34.798] [modloading-worker-0/INFO] [Railways/MultiRegistryCallback/]: Registering callback for railways:locometal_flywheel in minecraft:block
[04Aug2026 17:24:34.798] [modloading-worker-0/INFO] [Railways/MultiRegistryCallback/]: Registering callback for create:sliding_door in minecraft:block_entity_type
[04Aug2026 17:24:34.798] [modloading-worker-0/INFO] [Railways/MultiRegistryCallback/]: Registering callback for railways:sliding_locometal_door in minecraft:block
[04Aug2026 17:24:34.798] [modloading-worker-0/INFO] [Railways/MultiRegistryCallback/]: Registering callback for create:sliding_door in minecraft:block_entity_type
[04Aug2026 17:24:34.798] [modloading-worker-0/INFO] [Railways/MultiRegistryCallback/]: Registering callback for railways:folding_locometal_door in minecraft:block
[04Aug2026 17:24:34.798] [modloading-worker-0/INFO] [Railways/MultiRegistryCallback/]: Registering callback for create:flywheel in minecraft:block_entity_type
[04Aug2026 17:24:34.798] [modloading-worker-0/INFO] [Railways/MultiRegistryCallback/]: Registering callback for railways:brown_locometal_flywheel in minecraft:block
[04Aug2026 17:24:34.798] [modloading-worker-0/INFO] [Railways/MultiRegistryCallback/]: Registering callback for create:sliding_door in minecraft:block_entity_type
[04Aug2026 17:24:34.798] [modloading-worker-0/INFO] [Railways/MultiRegistryCallback/]: Registering callback for railways:brown_sliding_locometal_door in minecraft:block
[04Aug2026 17:24:34.798] [modloading-worker-0/INFO] [Railways/MultiRegistryCallback/]: Registering callback for create:sliding_door in minecraft:block_entity_type
[04Aug2026 17:24:34.798] [modloading-worker-0/INFO] [Railways/MultiRegistryCallback/]: Registering callback for railways:brown_folding_locometal_door in minecraft:block
[04Aug2026 17:24:34.798] [modloading-worker-0/INFO] [Railways/MultiRegistryCallback/]: Registering callback for create:flywheel in minecraft:block_entity_type
[04Aug2026 17:24:34.799] [modloading-worker-0/INFO] [Railways/MultiRegistryCallback/]: Registering callback for railways:maroon_locometal_flywheel in minecraft:block
[04Aug2026 17:24:34.799] [modloading-worker-0/INFO] [Railways/MultiRegistryCallback/]: Registering callback for create:sliding_door in minecraft:block_entity_type
[04Aug2026 17:24:34.799] [modloading-worker-0/INFO] [Railways/MultiRegistryCallback/]: Registering callback for railways:maroon_sliding_locometal_door in minecraft:block
[04Aug2026 17:24:34.799] [modloading-worker-0/INFO] [Railways/MultiRegistryCallback/]: Registering callback for create:sliding_door in minecraft:block_entity_type
[04Aug2026 17:24:34.799] [modloading-worker-0/INFO] [Railways/MultiRegistryCallback/]: Registering callback for railways:maroon_folding_locometal_door in minecraft:block
[04Aug2026 17:24:34.799] [modloading-worker-0/INFO] [Railways/MultiRegistryCallback/]: Registering callback for create:flywheel in minecraft:block_entity_type
[04Aug2026 17:24:34.799] [modloading-worker-0/INFO] [Railways/MultiRegistryCallback/]: Registering callback for railways:red_locometal_flywheel in minecraft:block
[04Aug2026 17:24:34.799] [modloading-worker-0/INFO] [Railways/MultiRegistryCallback/]: Registering callback for create:sliding_door in minecraft:block_entity_type
[04Aug2026 17:24:34.799] [modloading-worker-0/INFO] [Railways/MultiRegistryCallback/]: Registering callback for railways:red_sliding_locometal_door in minecraft:block
[04Aug2026 17:24:34.799] [modloading-worker-0/INFO] [Railways/MultiRegistryCallback/]: Registering callback for create:sliding_door in minecraft:block_entity_type
[04Aug2026 17:24:34.799] [modloading-worker-0/INFO] [Railways/MultiRegistryCallback/]: Registering callback for railways:red_folding_locometal_door in minecraft:block
[04Aug2026 17:24:34.799] [modloading-worker-0/INFO] [Railways/MultiRegistryCallback/]: Registering callback for create:flywheel in minecraft:block_entity_type
[04Aug2026 17:24:34.799] [modloading-worker-0/INFO] [Railways/MultiRegistryCallback/]: Registering callback for railways:vermilion_locometal_flywheel in minecraft:block
[04Aug2026 17:24:34.799] [modloading-worker-0/INFO] [Railways/MultiRegistryCallback/]: Registering callback for create:sliding_door in minecraft:block_entity_type
[04Aug2026 17:24:34.799] [modloading-worker-0/INFO] [Railways/MultiRegistryCallback/]: Registering callback for railways:vermilion_sliding_locometal_door in minecraft:block
[04Aug2026 17:24:34.800] [modloading-worker-0/INFO] [Railways/MultiRegistryCallback/]: Registering callback for create:sliding_door in minecraft:block_entity_type
[04Aug2026 17:24:34.800] [modloading-worker-0/INFO] [Railways/MultiRegistryCallback/]: Registering callback for railways:vermilion_folding_locometal_door in minecraft:block
[04Aug2026 17:24:34.800] [modloading-worker-0/INFO] [Railways/MultiRegistryCallback/]: Registering callback for create:flywheel in minecraft:block_entity_type
[04Aug2026 17:24:34.800] [modloading-worker-0/INFO] [Railways/MultiRegistryCallback/]: Registering callback for railways:orange_locometal_flywheel in minecraft:block
[04Aug2026 17:24:34.800] [modloading-worker-0/INFO] [Railways/MultiRegistryCallback/]: Registering callback for create:sliding_door in minecraft:block_entity_type
[04Aug2026 17:24:34.800] [modloading-worker-0/INFO] [Railways/MultiRegistryCallback/]: Registering callback for railways:orange_sliding_locometal_door in minecraft:block
[04Aug2026 17:24:34.800] [modloading-worker-0/INFO] [Railways/MultiRegistryCallback/]: Registering callback for create:sliding_door in minecraft:block_entity_type
[04Aug2026 17:24:34.800] [modloading-worker-0/INFO] [Railways/MultiRegistryCallback/]: Registering callback for railways:orange_folding_locometal_door in minecraft:block
[04Aug2026 17:24:34.800] [modloading-worker-0/INFO] [Railways/MultiRegistryCallback/]: Registering callback for create:flywheel in minecraft:block_entity_type
[04Aug2026 17:24:34.800] [modloading-worker-0/INFO] [Railways/MultiRegistryCallback/]: Registering callback for railways:granite_locometal_flywheel in minecraft:block
[04Aug2026 17:24:34.800] [modloading-worker-0/INFO] [Railways/MultiRegistryCallback/]: Registering callback for create:sliding_door in minecraft:block_entity_type
[04Aug2026 17:24:34.800] [modloading-worker-0/INFO] [Railways/MultiRegistryCallback/]: Registering callback for railways:granite_sliding_locometal_door in minecraft:block
[04Aug2026 17:24:34.800] [modloading-worker-0/INFO] [Railways/MultiRegistryCallback/]: Registering callback for create:sliding_door in minecraft:block_entity_type
[04Aug2026 17:24:34.801] [modloading-worker-0/INFO] [Railways/MultiRegistryCallback/]: Registering callback for railways:granite_folding_locometal_door in minecraft:block
[04Aug2026 17:24:34.801] [modloading-worker-0/INFO] [Railways/MultiRegistryCallback/]: Registering callback for create:flywheel in minecraft:block_entity_type
[04Aug2026 17:24:34.801] [modloading-worker-0/INFO] [Railways/MultiRegistryCallback/]: Registering callback for railways:dripstone_locometal_flywheel in minecraft:block
[04Aug2026 17:24:34.801] [modloading-worker-0/INFO] [Railways/MultiRegistryCallback/]: Registering callback for create:sliding_door in minecraft:block_entity_type
[04Aug2026 17:24:34.801] [modloading-worker-0/INFO] [Railways/MultiRegistryCallback/]: Registering callback for railways:dripstone_sliding_locometal_door in minecraft:block
[04Aug2026 17:24:34.801] [modloading-worker-0/INFO] [Railways/MultiRegistryCallback/]: Registering callback for create:sliding_door in minecraft:block_entity_type
[04Aug2026 17:24:34.801] [modloading-worker-0/INFO] [Railways/MultiRegistryCallback/]: Registering callback for railways:dripstone_folding_locometal_door in minecraft:block
[04Aug2026 17:24:34.801] [modloading-worker-0/INFO] [Railways/MultiRegistryCallback/]: Registering callback for create:flywheel in minecraft:block_entity_type
[04Aug2026 17:24:34.801] [modloading-worker-0/INFO] [Railways/MultiRegistryCallback/]: Registering callback for railways:ochrum_locometal_flywheel in minecraft:block
[04Aug2026 17:24:34.801] [modloading-worker-0/INFO] [Railways/MultiRegistryCallback/]: Registering callback for create:sliding_door in minecraft:block_entity_type
[04Aug2026 17:24:34.801] [modloading-worker-0/INFO] [Railways/MultiRegistryCallback/]: Registering callback for railways:ochrum_sliding_locometal_door in minecraft:block
[04Aug2026 17:24:34.801] [modloading-worker-0/INFO] [Railways/MultiRegistryCallback/]: Registering callback for create:sliding_door in minecraft:block_entity_type
[04Aug2026 17:24:34.801] [modloading-worker-0/INFO] [Railways/MultiRegistryCallback/]: Registering callback for railways:ochrum_folding_locometal_door in minecraft:block
[04Aug2026 17:24:34.801] [modloading-worker-0/INFO] [Railways/MultiRegistryCallback/]: Registering callback for create:flywheel in minecraft:block_entity_type
[04Aug2026 17:24:34.802] [modloading-worker-0/INFO] [Railways/MultiRegistryCallback/]: Registering callback for railways:yellow_locometal_flywheel in minecraft:block
[04Aug2026 17:24:34.802] [modloading-worker-0/INFO] [Railways/MultiRegistryCallback/]: Registering callback for create:sliding_door in minecraft:block_entity_type
[04Aug2026 17:24:34.802] [modloading-worker-0/INFO] [Railways/MultiRegistryCallback/]: Registering callback for railways:yellow_sliding_locometal_door in minecraft:block
[04Aug2026 17:24:34.802] [modloading-worker-0/INFO] [Railways/MultiRegistryCallback/]: Registering callback for create:sliding_door in minecraft:block_entity_type
[04Aug2026 17:24:34.802] [modloading-worker-0/INFO] [Railways/MultiRegistryCallback/]: Registering callback for railways:yellow_folding_locometal_door in minecraft:block
[04Aug2026 17:24:34.802] [modloading-worker-0/INFO] [Railways/MultiRegistryCallback/]: Registering callback for create:flywheel in minecraft:block_entity_type
[04Aug2026 17:24:34.802] [modloading-worker-0/INFO] [Railways/MultiRegistryCallback/]: Registering callback for railways:chartreuse_locometal_flywheel in minecraft:block
[04Aug2026 17:24:34.802] [modloading-worker-0/INFO] [Railways/MultiRegistryCallback/]: Registering callback for create:sliding_door in minecraft:block_entity_type
[04Aug2026 17:24:34.802] [modloading-worker-0/INFO] [Railways/MultiRegistryCallback/]: Registering callback for railways:chartreuse_sliding_locometal_door in minecraft:block
[04Aug2026 17:24:34.802] [modloading-worker-0/INFO] [Railways/MultiRegistryCallback/]: Registering callback for create:sliding_door in minecraft:block_entity_type
[04Aug2026 17:24:34.802] [modloading-worker-0/INFO] [Railways/MultiRegistryCallback/]: Registering callback for railways:chartreuse_folding_locometal_door in minecraft:block
[04Aug2026 17:24:34.802] [modloading-worker-0/INFO] [Railways/MultiRegistryCallback/]: Registering callback for create:flywheel in minecraft:block_entity_type
[04Aug2026 17:24:34.802] [modloading-worker-0/INFO] [Railways/MultiRegistryCallback/]: Registering callback for railways:olive_green_locometal_flywheel in minecraft:block
[04Aug2026 17:24:34.802] [modloading-worker-0/INFO] [Railways/MultiRegistryCallback/]: Registering callback for create:sliding_door in minecraft:block_entity_type
[04Aug2026 17:24:34.802] [modloading-worker-0/INFO] [Railways/MultiRegistryCallback/]: Registering callback for railways:olive_green_sliding_locometal_door in minecraft:block
[04Aug2026 17:24:34.802] [modloading-worker-0/INFO] [Railways/MultiRegistryCallback/]: Registering callback for create:sliding_door in minecraft:block_entity_type
[04Aug2026 17:24:34.803] [modloading-worker-0/INFO] [Railways/MultiRegistryCallback/]: Registering callback for railways:olive_green_folding_locometal_door in minecraft:block
[04Aug2026 17:24:34.803] [modloading-worker-0/INFO] [Railways/MultiRegistryCallback/]: Registering callback for create:flywheel in minecraft:block_entity_type
[04Aug2026 17:24:34.803] [modloading-worker-0/INFO] [Railways/MultiRegistryCallback/]: Registering callback for railways:lime_locometal_flywheel in minecraft:block
[04Aug2026 17:24:34.803] [modloading-worker-0/INFO] [Railways/MultiRegistryCallback/]: Registering callback for create:sliding_door in minecraft:block_entity_type
[04Aug2026 17:24:34.803] [modloading-worker-0/INFO] [Railways/MultiRegistryCallback/]: Registering callback for railways:lime_sliding_locometal_door in minecraft:block
[04Aug2026 17:24:34.803] [modloading-worker-0/INFO] [Railways/MultiRegistryCallback/]: Registering callback for create:sliding_door in minecraft:block_entity_type
[04Aug2026 17:24:34.803] [modloading-worker-0/INFO] [Railways/MultiRegistryCallback/]: Registering callback for railways:lime_folding_locometal_door in minecraft:block
[04Aug2026 17:24:34.803] [modloading-worker-0/INFO] [Railways/MultiRegistryCallback/]: Registering callback for create:flywheel in minecraft:block_entity_type
[04Aug2026 17:24:34.803] [modloading-worker-0/INFO] [Railways/MultiRegistryCallback/]: Registering callback for railways:green_locometal_flywheel in minecraft:block
[04Aug2026 17:24:34.803] [modloading-worker-0/INFO] [Railways/MultiRegistryCallback/]: Registering callback for create:sliding_door in minecraft:block_entity_type
[04Aug2026 17:24:34.803] [modloading-worker-0/INFO] [Railways/MultiRegistryCallback/]: Registering callback for railways:green_sliding_locometal_door in minecraft:block
[04Aug2026 17:24:34.803] [modloading-worker-0/INFO] [Railways/MultiRegistryCallback/]: Registering callback for create:sliding_door in minecraft:block_entity_type
[04Aug2026 17:24:34.803] [modloading-worker-0/INFO] [Railways/MultiRegistryCallback/]: Registering callback for railways:green_folding_locometal_door in minecraft:block
[04Aug2026 17:24:34.803] [modloading-worker-0/INFO] [Railways/MultiRegistryCallback/]: Registering callback for create:flywheel in minecraft:block_entity_type
[04Aug2026 17:24:34.803] [modloading-worker-0/INFO] [Railways/MultiRegistryCallback/]: Registering callback for railways:pine_green_locometal_flywheel in minecraft:block
[04Aug2026 17:24:34.804] [modloading-worker-0/INFO] [Railways/MultiRegistryCallback/]: Registering callback for create:sliding_door in minecraft:block_entity_type
[04Aug2026 17:24:34.804] [modloading-worker-0/INFO] [Railways/MultiRegistryCallback/]: Registering callback for railways:pine_green_sliding_locometal_door in minecraft:block
[04Aug2026 17:24:34.804] [modloading-worker-0/INFO] [Railways/MultiRegistryCallback/]: Registering callback for create:sliding_door in minecraft:block_entity_type
[04Aug2026 17:24:34.804] [modloading-worker-0/INFO] [Railways/MultiRegistryCallback/]: Registering callback for railways:pine_green_folding_locometal_door in minecraft:block
[04Aug2026 17:24:34.804] [modloading-worker-0/INFO] [Railways/MultiRegistryCallback/]: Registering callback for create:flywheel in minecraft:block_entity_type
[04Aug2026 17:24:34.804] [modloading-worker-0/INFO] [Railways/MultiRegistryCallback/]: Registering callback for railways:cyan_locometal_flywheel in minecraft:block
[04Aug2026 17:24:34.804] [modloading-worker-0/INFO] [Railways/MultiRegistryCallback/]: Registering callback for create:sliding_door in minecraft:block_entity_type
[04Aug2026 17:24:34.804] [modloading-worker-0/INFO] [Railways/MultiRegistryCallback/]: Registering callback for railways:cyan_sliding_locometal_door in minecraft:block
[04Aug2026 17:24:34.804] [modloading-worker-0/INFO] [Railways/MultiRegistryCallback/]: Registering callback for create:sliding_door in minecraft:block_entity_type
[04Aug2026 17:24:34.804] [modloading-worker-0/INFO] [Railways/MultiRegistryCallback/]: Registering callback for railways:cyan_folding_locometal_door in minecraft:block
[04Aug2026 17:24:34.804] [modloading-worker-0/INFO] [Railways/MultiRegistryCallback/]: Registering callback for create:flywheel in minecraft:block_entity_type
[04Aug2026 17:24:34.804] [modloading-worker-0/INFO] [Railways/MultiRegistryCallback/]: Registering callback for railways:sea_green_locometal_flywheel in minecraft:block
[04Aug2026 17:24:34.804] [modloading-worker-0/INFO] [Railways/MultiRegistryCallback/]: Registering callback for create:sliding_door in minecraft:block_entity_type
[04Aug2026 17:24:34.804] [modloading-worker-0/INFO] [Railways/MultiRegistryCallback/]: Registering callback for railways:sea_green_sliding_locometal_door in minecraft:block
[04Aug2026 17:24:34.805] [modloading-worker-0/INFO] [Railways/MultiRegistryCallback/]: Registering callback for create:sliding_door in minecraft:block_entity_type
[04Aug2026 17:24:34.805] [modloading-worker-0/INFO] [Railways/MultiRegistryCallback/]: Registering callback for railways:sea_green_folding_locometal_door in minecraft:block
[04Aug2026 17:24:34.805] [modloading-worker-0/INFO] [Railways/MultiRegistryCallback/]: Registering callback for create:flywheel in minecraft:block_entity_type
[04Aug2026 17:24:34.805] [modloading-worker-0/INFO] [Railways/MultiRegistryCallback/]: Registering callback for railways:turquoise_locometal_flywheel in minecraft:block
[04Aug2026 17:24:34.805] [modloading-worker-0/INFO] [Railways/MultiRegistryCallback/]: Registering callback for create:sliding_door in minecraft:block_entity_type
[04Aug2026 17:24:34.805] [modloading-worker-0/INFO] [Railways/MultiRegistryCallback/]: Registering callback for railways:turquoise_sliding_locometal_door in minecraft:block
[04Aug2026 17:24:34.805] [modloading-worker-0/INFO] [Railways/MultiRegistryCallback/]: Registering callback for create:sliding_door in minecraft:block_entity_type
[04Aug2026 17:24:34.805] [modloading-worker-0/INFO] [Railways/MultiRegistryCallback/]: Registering callback for railways:turquoise_folding_locometal_door in minecraft:block
[04Aug2026 17:24:34.805] [modloading-worker-0/INFO] [Railways/MultiRegistryCallback/]: Registering callback for create:flywheel in minecraft:block_entity_type
[04Aug2026 17:24:34.805] [modloading-worker-0/INFO] [Railways/MultiRegistryCallback/]: Registering callback for railways:light_blue_locometal_flywheel in minecraft:block
[04Aug2026 17:24:34.805] [modloading-worker-0/INFO] [Railways/MultiRegistryCallback/]: Registering callback for create:sliding_door in minecraft:block_entity_type
[04Aug2026 17:24:34.805] [modloading-worker-0/INFO] [Railways/MultiRegistryCallback/]: Registering callback for railways:light_blue_sliding_locometal_door in minecraft:block
[04Aug2026 17:24:34.806] [modloading-worker-0/INFO] [Railways/MultiRegistryCallback/]: Registering callback for create:sliding_door in minecraft:block_entity_type
[04Aug2026 17:24:34.806] [modloading-worker-0/INFO] [Railways/MultiRegistryCallback/]: Registering callback for railways:light_blue_folding_locometal_door in minecraft:block
[04Aug2026 17:24:34.806] [modloading-worker-0/INFO] [Railways/MultiRegistryCallback/]: Registering callback for create:flywheel in minecraft:block_entity_type
[04Aug2026 17:24:34.806] [modloading-worker-0/INFO] [Railways/MultiRegistryCallback/]: Registering callback for railways:blue_locometal_flywheel in minecraft:block
[04Aug2026 17:24:34.806] [modloading-worker-0/INFO] [Railways/MultiRegistryCallback/]: Registering callback for create:sliding_door in minecraft:block_entity_type
[04Aug2026 17:24:34.806] [modloading-worker-0/INFO] [Railways/MultiRegistryCallback/]: Registering callback for railways:blue_sliding_locometal_door in minecraft:block
[04Aug2026 17:24:34.806] [modloading-worker-0/INFO] [Railways/MultiRegistryCallback/]: Registering callback for create:sliding_door in minecraft:block_entity_type
[04Aug2026 17:24:34.806] [modloading-worker-0/INFO] [Railways/MultiRegistryCallback/]: Registering callback for railways:blue_folding_locometal_door in minecraft:block
[04Aug2026 17:24:34.806] [modloading-worker-0/INFO] [Railways/MultiRegistryCallback/]: Registering callback for create:flywheel in minecraft:block_entity_type
[04Aug2026 17:24:34.806] [modloading-worker-0/INFO] [Railways/MultiRegistryCallback/]: Registering callback for railways:royal_blue_locometal_flywheel in minecraft:block
[04Aug2026 17:24:34.806] [modloading-worker-0/INFO] [Railways/MultiRegistryCallback/]: Registering callback for create:sliding_door in minecraft:block_entity_type
[04Aug2026 17:24:34.807] [modloading-worker-0/INFO] [Railways/MultiRegistryCallback/]: Registering callback for railways:royal_blue_sliding_locometal_door in minecraft:block
[04Aug2026 17:24:34.807] [modloading-worker-0/INFO] [Railways/MultiRegistryCallback/]: Registering callback for create:sliding_door in minecraft:block_entity_type
[04Aug2026 17:24:34.807] [modloading-worker-0/INFO] [Railways/MultiRegistryCallback/]: Registering callback for railways:royal_blue_folding_locometal_door in minecraft:block
[04Aug2026 17:24:34.807] [modloading-worker-0/INFO] [Railways/MultiRegistryCallback/]: Registering callback for create:flywheel in minecraft:block_entity_type
[04Aug2026 17:24:34.807] [modloading-worker-0/INFO] [Railways/MultiRegistryCallback/]: Registering callback for railways:purple_locometal_flywheel in minecraft:block
[04Aug2026 17:24:34.810] [modloading-worker-0/INFO] [Railways/MultiRegistryCallback/]: Registering callback for create:sliding_door in minecraft:block_entity_type
[04Aug2026 17:24:34.810] [modloading-worker-0/INFO] [Railways/MultiRegistryCallback/]: Registering callback for railways:purple_sliding_locometal_door in minecraft:block
[04Aug2026 17:24:34.810] [modloading-worker-0/INFO] [Railways/MultiRegistryCallback/]: Registering callback for create:sliding_door in minecraft:block_entity_type
[04Aug2026 17:24:34.810] [modloading-worker-0/INFO] [Railways/MultiRegistryCallback/]: Registering callback for railways:purple_folding_locometal_door in minecraft:block
[04Aug2026 17:24:34.810] [modloading-worker-0/INFO] [Railways/MultiRegistryCallback/]: Registering callback for create:flywheel in minecraft:block_entity_type
[04Aug2026 17:24:34.810] [modloading-worker-0/INFO] [Railways/MultiRegistryCallback/]: Registering callback for railways:magenta_locometal_flywheel in minecraft:block
[04Aug2026 17:24:34.810] [modloading-worker-0/INFO] [Railways/MultiRegistryCallback/]: Registering callback for create:sliding_door in minecraft:block_entity_type
[04Aug2026 17:24:34.810] [modloading-worker-0/INFO] [Railways/MultiRegistryCallback/]: Registering callback for railways:magenta_sliding_locometal_door in minecraft:block
[04Aug2026 17:24:34.810] [modloading-worker-0/INFO] [Railways/MultiRegistryCallback/]: Registering callback for create:sliding_door in minecraft:block_entity_type
[04Aug2026 17:24:34.810] [modloading-worker-0/INFO] [Railways/MultiRegistryCallback/]: Registering callback for railways:magenta_folding_locometal_door in minecraft:block
[04Aug2026 17:24:34.810] [modloading-worker-0/INFO] [Railways/MultiRegistryCallback/]: Registering callback for create:flywheel in minecraft:block_entity_type
[04Aug2026 17:24:34.810] [modloading-worker-0/INFO] [Railways/MultiRegistryCallback/]: Registering callback for railways:pink_locometal_flywheel in minecraft:block
[04Aug2026 17:24:34.810] [modloading-worker-0/INFO] [Railways/MultiRegistryCallback/]: Registering callback for create:sliding_door in minecraft:block_entity_type
[04Aug2026 17:24:34.811] [modloading-worker-0/INFO] [Railways/MultiRegistryCallback/]: Registering callback for railways:pink_sliding_locometal_door in minecraft:block
[04Aug2026 17:24:34.811] [modloading-worker-0/INFO] [Railways/MultiRegistryCallback/]: Registering callback for create:sliding_door in minecraft:block_entity_type
[04Aug2026 17:24:34.811] [modloading-worker-0/INFO] [Railways/MultiRegistryCallback/]: Registering callback for railways:pink_folding_locometal_door in minecraft:block
[04Aug2026 17:24:34.811] [modloading-worker-0/INFO] [Railways/MultiRegistryCallback/]: Registering callback for create:flywheel in minecraft:block_entity_type
[04Aug2026 17:24:34.811] [modloading-worker-0/INFO] [Railways/MultiRegistryCallback/]: Registering callback for railways:white_locometal_flywheel in minecraft:block
[04Aug2026 17:24:34.811] [modloading-worker-0/INFO] [Railways/MultiRegistryCallback/]: Registering callback for create:sliding_door in minecraft:block_entity_type
[04Aug2026 17:24:34.811] [modloading-worker-0/INFO] [Railways/MultiRegistryCallback/]: Registering callback for railways:white_sliding_locometal_door in minecraft:block
[04Aug2026 17:24:34.811] [modloading-worker-0/INFO] [Railways/MultiRegistryCallback/]: Registering callback for create:sliding_door in minecraft:block_entity_type
[04Aug2026 17:24:34.811] [modloading-worker-0/INFO] [Railways/MultiRegistryCallback/]: Registering callback for railways:white_folding_locometal_door in minecraft:block
[04Aug2026 17:24:34.811] [modloading-worker-0/INFO] [Railways/MultiRegistryCallback/]: Registering callback for create:flywheel in minecraft:block_entity_type
[04Aug2026 17:24:34.811] [modloading-worker-0/INFO] [Railways/MultiRegistryCallback/]: Registering callback for railways:diorite_locometal_flywheel in minecraft:block
[04Aug2026 17:24:34.811] [modloading-worker-0/INFO] [Railways/MultiRegistryCallback/]: Registering callback for create:sliding_door in minecraft:block_entity_type
[04Aug2026 17:24:34.811] [modloading-worker-0/INFO] [Railways/MultiRegistryCallback/]: Registering callback for railways:diorite_sliding_locometal_door in minecraft:block
[04Aug2026 17:24:34.811] [modloading-worker-0/INFO] [Railways/MultiRegistryCallback/]: Registering callback for create:sliding_door in minecraft:block_entity_type
[04Aug2026 17:24:34.811] [modloading-worker-0/INFO] [Railways/MultiRegistryCallback/]: Registering callback for railways:diorite_folding_locometal_door in minecraft:block
[04Aug2026 17:24:34.811] [modloading-worker-0/INFO] [Railways/MultiRegistryCallback/]: Registering callback for create:flywheel in minecraft:block_entity_type
[04Aug2026 17:24:34.811] [modloading-worker-0/INFO] [Railways/MultiRegistryCallback/]: Registering callback for railways:limestone_locometal_flywheel in minecraft:block
[04Aug2026 17:24:34.811] [modloading-worker-0/INFO] [Railways/MultiRegistryCallback/]: Registering callback for create:sliding_door in minecraft:block_entity_type
[04Aug2026 17:24:34.811] [modloading-worker-0/INFO] [Railways/MultiRegistryCallback/]: Registering callback for railways:limestone_sliding_locometal_door in minecraft:block
[04Aug2026 17:24:34.812] [modloading-worker-0/INFO] [Railways/MultiRegistryCallback/]: Registering callback for create:sliding_door in minecraft:block_entity_type
[04Aug2026 17:24:34.812] [modloading-worker-0/INFO] [Railways/MultiRegistryCallback/]: Registering callback for railways:limestone_folding_locometal_door in minecraft:block
[04Aug2026 17:24:34.812] [modloading-worker-0/INFO] [Railways/MultiRegistryCallback/]: Registering callback for create:flywheel in minecraft:block_entity_type
[04Aug2026 17:24:34.812] [modloading-worker-0/INFO] [Railways/MultiRegistryCallback/]: Registering callback for railways:light_gray_locometal_flywheel in minecraft:block
[04Aug2026 17:24:34.812] [modloading-worker-0/INFO] [Railways/MultiRegistryCallback/]: Registering callback for create:sliding_door in minecraft:block_entity_type
[04Aug2026 17:24:34.812] [modloading-worker-0/INFO] [Railways/MultiRegistryCallback/]: Registering callback for railways:light_gray_sliding_locometal_door in minecraft:block
[04Aug2026 17:24:34.812] [modloading-worker-0/INFO] [Railways/MultiRegistryCallback/]: Registering callback for create:sliding_door in minecraft:block_entity_type
[04Aug2026 17:24:34.812] [modloading-worker-0/INFO] [Railways/MultiRegistryCallback/]: Registering callback for railways:light_gray_folding_locometal_door in minecraft:block
[04Aug2026 17:24:34.812] [modloading-worker-0/INFO] [Railways/MultiRegistryCallback/]: Registering callback for create:flywheel in minecraft:block_entity_type
[04Aug2026 17:24:34.812] [modloading-worker-0/INFO] [Railways/MultiRegistryCallback/]: Registering callback for railways:tuff_locometal_flywheel in minecraft:block
[04Aug2026 17:24:34.812] [modloading-worker-0/INFO] [Railways/MultiRegistryCallback/]: Registering callback for create:sliding_door in minecraft:block_entity_type
[04Aug2026 17:24:34.812] [modloading-worker-0/INFO] [Railways/MultiRegistryCallback/]: Registering callback for railways:tuff_sliding_locometal_door in minecraft:block
[04Aug2026 17:24:34.812] [modloading-worker-0/INFO] [Railways/MultiRegistryCallback/]: Registering callback for create:sliding_door in minecraft:block_entity_type
[04Aug2026 17:24:34.812] [modloading-worker-0/INFO] [Railways/MultiRegistryCallback/]: Registering callback for railways:tuff_folding_locometal_door in minecraft:block
[04Aug2026 17:24:34.813] [modloading-worker-0/INFO] [Railways/MultiRegistryCallback/]: Registering callback for create:flywheel in minecraft:block_entity_type
[04Aug2026 17:24:34.813] [modloading-worker-0/INFO] [Railways/MultiRegistryCallback/]: Registering callback for railways:gray_locometal_flywheel in minecraft:block
[04Aug2026 17:24:34.813] [modloading-worker-0/INFO] [Railways/MultiRegistryCallback/]: Registering callback for create:sliding_door in minecraft:block_entity_type
[04Aug2026 17:24:34.813] [modloading-worker-0/INFO] [Railways/MultiRegistryCallback/]: Registering callback for railways:gray_sliding_locometal_door in minecraft:block
[04Aug2026 17:24:34.813] [modloading-worker-0/INFO] [Railways/MultiRegistryCallback/]: Registering callback for create:sliding_door in minecraft:block_entity_type
[04Aug2026 17:24:34.813] [modloading-worker-0/INFO] [Railways/MultiRegistryCallback/]: Registering callback for railways:gray_folding_locometal_door in minecraft:block
[04Aug2026 17:24:34.813] [modloading-worker-0/INFO] [Railways/MultiRegistryCallback/]: Registering callback for create:flywheel in minecraft:block_entity_type
[04Aug2026 17:24:34.813] [modloading-worker-0/INFO] [Railways/MultiRegistryCallback/]: Registering callback for railways:scorchia_locometal_flywheel in minecraft:block
[04Aug2026 17:24:34.813] [modloading-worker-0/INFO] [Railways/MultiRegistryCallback/]: Registering callback for create:sliding_door in minecraft:block_entity_type
[04Aug2026 17:24:34.813] [modloading-worker-0/INFO] [Railways/MultiRegistryCallback/]: Registering callback for railways:scorchia_sliding_locometal_door in minecraft:block
[04Aug2026 17:24:34.813] [modloading-worker-0/INFO] [Railways/MultiRegistryCallback/]: Registering callback for create:sliding_door in minecraft:block_entity_type
[04Aug2026 17:24:34.813] [modloading-worker-0/INFO] [Railways/MultiRegistryCallback/]: Registering callback for railways:scorchia_folding_locometal_door in minecraft:block
[04Aug2026 17:24:34.813] [modloading-worker-0/INFO] [Railways/MultiRegistryCallback/]: Registering callback for create:flywheel in minecraft:block_entity_type
[04Aug2026 17:24:34.813] [modloading-worker-0/INFO] [Railways/MultiRegistryCallback/]: Registering callback for railways:black_locometal_flywheel in minecraft:block
[04Aug2026 17:24:34.814] [modloading-worker-0/INFO] [Railways/MultiRegistryCallback/]: Registering callback for create:sliding_door in minecraft:block_entity_type
[04Aug2026 17:24:34.814] [modloading-worker-0/INFO] [Railways/MultiRegistryCallback/]: Registering callback for railways:black_sliding_locometal_door in minecraft:block
[04Aug2026 17:24:34.814] [modloading-worker-0/INFO] [Railways/MultiRegistryCallback/]: Registering callback for create:sliding_door in minecraft:block_entity_type
[04Aug2026 17:24:34.817] [modloading-worker-0/INFO] [Railways/MultiRegistryCallback/]: Registering callback for railways:black_folding_locometal_door in minecraft:block
[04Aug2026 17:24:34.836] [modloading-worker-0/INFO] [Railways/]: Registering tracks for Hex Casting
[04Aug2026 17:24:34.837] [modloading-worker-0/INFO] [Railways/]: Registering tracks for Oh The Biomes You'll Go
[04Aug2026 17:24:34.839] [modloading-worker-0/INFO] [Railways/]: Registering tracks for Blue Skies
[04Aug2026 17:24:34.840] [modloading-worker-0/INFO] [Railways/]: Registering tracks for Twilight Forest
[04Aug2026 17:24:34.846] [modloading-worker-0/INFO] [Railways/]: Registering tracks for Biomes O' Plenty
[04Aug2026 17:24:34.846] [modloading-worker-0/INFO] [Railways/]: Registering tracks for Nature's Spirit
[04Aug2026 17:24:34.847] [modloading-worker-0/INFO] [Railways/]: Registering tracks for Dreams and Desires
[04Aug2026 17:24:34.849] [modloading-worker-0/INFO] [Railways/]: Registering tracks for Quark
[04Aug2026 17:24:34.875] [modloading-worker-0/INFO] [Railways/]: Registering tracks for TerraFirmaCraft
[04Aug2026 17:24:34.897] [modloading-worker-0/INFO] [Rhino Script Remapper/]: Done in 0.252 s
[04Aug2026 17:24:34.978] [modloading-worker-0/INFO] [Create Deco/]: Registering items for Create Deco
[04Aug2026 17:24:35.009] [modloading-worker-0/INFO] [Create Deco/]: Registering blocks for Create Deco
[04Aug2026 17:24:35.138] [modloading-worker-0/INFO] [mixin/]: createenchantablemachinery.mixins.json:SawBlockEntityMixin from mod createenchantablemachinery->@Accessor[FIELD_GETTER]::getCuttingRecipesKey()Ljava/lang/Object; should be static as its target is
[04Aug2026 17:24:35.703] [modloading-worker-0/INFO] [dev.architectury.networking.forge.NetworkManagerImpl/]: Registering C2S receiver with id artifacts:networking_channel/42a7ad70b1cc371599a0eff744096b8a
[04Aug2026 17:24:35.707] [modloading-worker-0/INFO] [dev.architectury.networking.forge.NetworkManagerImpl/]: Registering C2S receiver with id artifacts:networking_channel/74a5e841822a3a87854ae896a33430d6
[04Aug2026 17:24:35.710] [modloading-worker-0/INFO] [dev.architectury.networking.forge.NetworkManagerImpl/]: Registering C2S receiver with id artifacts:networking_channel/eb3d1e2748533430848cadf0f37c7e9c
[04Aug2026 17:24:35.711] [modloading-worker-0/INFO] [dev.architectury.networking.forge.NetworkManagerImpl/]: Registering C2S receiver with id artifacts:networking_channel/91c8520f19f93b3e8b6a727568e194ab
[04Aug2026 17:24:35.713] [modloading-worker-0/INFO] [dev.architectury.networking.forge.NetworkManagerImpl/]: Registering C2S receiver with id artifacts:networking_channel/8c2784d778293fd482ed84b8aa5fedb9
[04Aug2026 17:24:35.716] [modloading-worker-0/INFO] [dev.architectury.networking.forge.NetworkManagerImpl/]: Registering C2S receiver with id artifacts:networking_channel/ea038224ea783d40b2863f52239e2604
[04Aug2026 17:24:35.717] [modloading-worker-0/INFO] [dev.architectury.networking.forge.NetworkManagerImpl/]: Registering C2S receiver with id artifacts:networking_channel/97ad64b7ecaf33209991c4f031501a58
[04Aug2026 17:24:35.894] [modloading-worker-0/INFO] [KubeJS Startup/]: example.js#5: Hello, World! (Loaded startup scripts)
[04Aug2026 17:24:35.896] [modloading-worker-0/INFO] [KubeJS Startup/]: Loaded script startup_scripts:example.js in 0.121 s
[04Aug2026 17:24:35.905] [modloading-worker-0/INFO] [KubeJS Startup/]: Loaded 1/1 KubeJS startup scripts in 1.0 s with 0 errors and 0 warnings
[04Aug2026 17:24:35.972] [modloading-worker-0/INFO] [Particular Reforged/]: I am quite particular about the effects I choose to add :3
[04Aug2026 17:24:36.037] [modloading-worker-0/INFO] [dev.architectury.networking.forge.NetworkManagerImpl/]: Registering C2S receiver with id kubejs:send_data_from_client
[04Aug2026 17:24:36.067] [modloading-worker-0/INFO] [dev.architectury.networking.forge.NetworkManagerImpl/]: Registering C2S receiver with id kubejs:first_click
[04Aug2026 17:24:36.204] [modloading-worker-0/INFO] [letsdocompat/]: You shall not Json my recipes !
[04Aug2026 17:24:36.222] [modloading-worker-0/INFO] [azurelib/FileWatching]: Registered azurelib config for auto-sync function
[04Aug2026 17:24:36.230] [modloading-worker-0/INFO] [com.reggarf.mods.create_better_villagers.CreateBetterVillagersMod/]: Hello Forge world!
[04Aug2026 17:24:36.234] [modloading-worker-0/INFO] [libIPN/]: [libIPN] libIPN - init in Kotlin
[04Aug2026 17:24:36.349] [modloading-worker-0/INFO] [STDOUT/]: [net.bananemdnsa.historystages.data.StageManager:validateAndAddIndividual:1324]: [HistoryStages] Individual Stage geladen: gatling
[04Aug2026 17:24:36.350] [modloading-worker-0/INFO] [STDOUT/]: [net.bananemdnsa.historystages.data.StageManager:validateAndAddIndividual:1324]: [HistoryStages] Individual Stage geladen: blazegun
[04Aug2026 17:24:36.351] [modloading-worker-0/INFO] [STDOUT/]: [net.bananemdnsa.historystages.data.StageManager:validateAndAddIndividual:1324]: [HistoryStages] Individual Stage geladen: nailgun
[04Aug2026 17:24:36.352] [modloading-worker-0/INFO] [STDOUT/]: [net.bananemdnsa.historystages.data.StageManager:validateAndAddIndividual:1324]: [HistoryStages] Individual Stage geladen: flintlock
[04Aug2026 17:24:36.353] [modloading-worker-0/INFO] [STDOUT/]: [net.bananemdnsa.historystages.data.StageManager:validateAndAddIndividual:1324]: [HistoryStages] Individual Stage geladen: revorvel
[04Aug2026 17:24:36.354] [modloading-worker-0/INFO] [STDOUT/]: [net.bananemdnsa.historystages.data.StageManager:validateAndAddIndividual:1324]: [HistoryStages] Individual Stage geladen: launcher
[04Aug2026 17:24:36.355] [modloading-worker-0/INFO] [STDOUT/]: [net.bananemdnsa.historystages.data.StageManager:validateAndAddIndividual:1324]: [HistoryStages] Individual Stage geladen: shotgun
[04Aug2026 17:24:36.355] [modloading-worker-0/INFO] [STDOUT/]: [net.bananemdnsa.historystages.data.StageManager:loadIndividual:1192]: [HistoryStages] Individual Stages geladen: 7
[04Aug2026 17:24:36.359] [modloading-worker-0/INFO] [net.bananemdnsa.historystages.HistoryStages/]: [HistoryStages] Curios integration loaded.
[04Aug2026 17:24:36.473] [modloading-worker-0/INFO] [quark/]: Initializing TerraBlender underground biome compat
[04Aug2026 17:24:36.736] [modloading-worker-0/INFO] [dev.architectury.networking.forge.NetworkManagerImpl/]: Registering C2S receiver with id solclassic:networking_channel/b9a189104a0a35018eb9c3e92a4de6af
[04Aug2026 17:24:36.893] [modloading-worker-0/INFO] [quark-zeta/]: Discovered 164 modules to load.
[04Aug2026 17:24:36.896] [modloading-worker-0/INFO] [quark-zeta/]: Constructing module Abacus...
[04Aug2026 17:24:36.912] [modloading-worker-0/INFO] [quark-zeta/]: Constructing module Adjustable Chat...
[04Aug2026 17:24:36.914] [modloading-worker-0/INFO] [quark-zeta/]: Constructing module Ambient Discs...
[04Aug2026 17:24:36.917] [modloading-worker-0/INFO] [quark-zeta/]: Constructing module Ancient Tomes...
[04Aug2026 17:24:36.960] [modloading-worker-0/INFO] [quark-zeta/]: Constructing module Ancient Wood...
[04Aug2026 17:24:36.985] [modloading-worker-0/INFO] [quark-zeta/]: Constructing module Armed Armor Stands...
[04Aug2026 17:24:36.987] [modloading-worker-0/INFO] [quark-zeta/]: Constructing module Auto Walk Keybind...
[04Aug2026 17:24:36.989] [modloading-worker-0/INFO] [quark-zeta/]: Constructing module Automatic Recipe Unlock...
[04Aug2026 17:24:36.989] [modloading-worker-0/INFO] [quark-zeta/]: Constructing module Automatic Tool Restock...
[04Aug2026 17:24:36.990] [modloading-worker-0/INFO] [quark-zeta/]: Constructing module Azalea Wood...
[04Aug2026 17:24:36.994] [modloading-worker-0/INFO] [quark-zeta/]: Constructing module Back Button Keybind...
[04Aug2026 17:24:37.000] [modloading-worker-0/INFO] [quark-zeta/]: Constructing module Backpack...
[04Aug2026 17:24:37.017] [modloading-worker-0/INFO] [quark-zeta/]: Constructing module Beacon Redirection...
[04Aug2026 17:24:37.017] [modloading-worker-0/INFO] [quark-zeta/]: Constructing module Better Elytra Rocket...
[04Aug2026 17:24:37.018] [modloading-worker-0/INFO] [quark-zeta/]: Constructing module Big Stone Clusters...
[04Aug2026 17:24:37.038] [modloading-worker-0/INFO] [quark-zeta/]: Constructing module Blossom Trees...
[04Aug2026 17:24:37.041] [modloading-worker-0/INFO] [quark-zeta/]: Constructing module Bottled Cloud...
[04Aug2026 17:24:37.044] [modloading-worker-0/INFO] [quark-zeta/]: Constructing module Buckets Show Inhabitants...
[04Aug2026 17:24:37.044] [modloading-worker-0/INFO] [quark-zeta/]: Constructing module Camera...
[04Aug2026 17:24:37.049] [modloading-worker-0/INFO] [quark-zeta/]: Constructing module Campfires Boost Elytra...
[04Aug2026 17:24:37.050] [modloading-worker-0/INFO] [quark-zeta/]: Constructing module Celebratory Lamps...
[04Aug2026 17:24:37.053] [modloading-worker-0/INFO] [quark-zeta/]: Constructing module Chains Connect Blocks...
[04Aug2026 17:24:37.053] [modloading-worker-0/INFO] [quark-zeta/]: Constructing module Chest Searching...
[04Aug2026 17:24:37.054] [modloading-worker-0/INFO] [quark-zeta/]: Constructing module Chorus Vegetation...
[04Aug2026 17:24:37.060] [modloading-worker-0/INFO] [quark-zeta/]: Constructing module Chute...
[04Aug2026 17:24:37.062] [modloading-worker-0/INFO] [quark-zeta/]: Constructing module Climate Control Remover...
[04Aug2026 17:24:37.063] [modloading-worker-0/INFO] [quark-zeta/]: Constructing module Color Runes...
[04Aug2026 17:24:37.067] [modloading-worker-0/INFO] [quark-zeta/]: Constructing module Compasses Work Everywhere...
[04Aug2026 17:24:37.069] [modloading-worker-0/INFO] [quark-zeta/]: Constructing module Compressed Blocks...
[04Aug2026 17:24:37.071] [modloading-worker-0/INFO] [quark-zeta/]: Constructing module Coral On Cactus...
[04Aug2026 17:24:37.072] [modloading-worker-0/INFO] [quark-zeta/]: Constructing module Corundum...
[04Aug2026 17:24:37.110] [modloading-worker-0/INFO] [quark-zeta/]: Constructing module Crabs...
[04Aug2026 17:24:37.114] [modloading-worker-0/INFO] [quark-zeta/]: Constructing module Crafter...
[04Aug2026 17:24:37.122] [modloading-worker-0/INFO] [quark-zeta/]: Constructing module Crate...
[04Aug2026 17:24:37.125] [modloading-worker-0/INFO] [quark-zeta/]: Constructing module Diamond Repair...
[04Aug2026 17:24:37.125] [modloading-worker-0/INFO] [quark-zeta/]: Constructing module Dispensers Place Blocks...
[04Aug2026 17:24:37.125] [modloading-worker-0/INFO] [quark-zeta/]: Constructing module Double Door Opening...
[04Aug2026 17:24:37.126] [modloading-worker-0/INFO] [quark-zeta/]: Constructing module Dragon Scales...
[04Aug2026 17:24:37.126] [modloading-worker-0/INFO] [quark-zeta/]: Constructing module Duskbound Blocks...
[04Aug2026 17:24:37.132] [modloading-worker-0/INFO] [quark-zeta/]: Constructing module Dyeable Item Frames...
[04Aug2026 17:24:37.134] [modloading-worker-0/INFO] [quark-zeta/]: Constructing module Easy Transfering...
[04Aug2026 17:24:37.137] [modloading-worker-0/INFO] [quark-zeta/]: Constructing module Elytra Indicator...
[04Aug2026 17:24:37.137] [modloading-worker-0/INFO] [quark-zeta/]: Constructing module Emotes...
[04Aug2026 17:24:37.143] [modloading-worker-0/INFO] [quark-zeta/]: Constructing module Enchantment Predicates...
[04Aug2026 17:24:37.143] [modloading-worker-0/INFO] [quark-zeta/]: Constructing module Enchantments Begone...
[04Aug2026 17:24:37.143] [modloading-worker-0/INFO] [quark-zeta/]: Constructing module Ender Watcher...
[04Aug2026 17:24:37.145] [modloading-worker-0/INFO] [quark-zeta/]: Constructing module Endermosh Music Disc...
[04Aug2026 17:24:37.146] [modloading-worker-0/INFO] [quark-zeta/]: Constructing module Enhanced Ladders...
[04Aug2026 17:24:37.148] [modloading-worker-0/INFO] [quark-zeta/]: Constructing module Expanded Item Interactions...
[04Aug2026 17:24:37.149] [modloading-worker-0/INFO] [quark-zeta/]: Constructing module Fairy Rings...
[04Aug2026 17:24:37.150] [modloading-worker-0/INFO] [quark-zeta/]: Constructing module Fallen Logs...
[04Aug2026 17:24:37.154] [modloading-worker-0/INFO] [quark-zeta/]: Constructing module Feeding Trough...
[04Aug2026 17:24:37.156] [modloading-worker-0/INFO] [quark-zeta/]: Constructing module Forgotten...
[04Aug2026 17:24:37.169] [modloading-worker-0/INFO] [quark-zeta/]: Constructing module Foxhound...
[04Aug2026 17:24:37.170] [modloading-worker-0/INFO] [quark-zeta/]: Constructing module Framed Glass...
[04Aug2026 17:24:37.171] [modloading-worker-0/INFO] [quark-zeta/]: Constructing module Game Nerfs...
[04Aug2026 17:24:37.172] [modloading-worker-0/INFO] [quark-zeta/]: Constructing module Glass Item Frame...
[04Aug2026 17:24:37.175] [modloading-worker-0/INFO] [quark-zeta/]: Constructing module Glass Shard...
[04Aug2026 17:24:37.176] [modloading-worker-0/INFO] [quark-zeta/]: Constructing module Glimmering Weald...
[04Aug2026 17:24:37.197] [modloading-worker-0/INFO] [quark-zeta/]: Constructing module Gold Bars...
[04Aug2026 17:24:37.199] [modloading-worker-0/INFO] [quark-zeta/]: Constructing module Gold Tools Have Fortune...
[04Aug2026 17:24:37.200] [modloading-worker-0/INFO] [quark-zeta/]: Constructing module Grab Chickens...
[04Aug2026 17:24:37.201] [modloading-worker-0/INFO] [quark-zeta/]: Constructing module Grate...
[04Aug2026 17:24:37.215] [modloading-worker-0/INFO] [quark-zeta/]: Constructing module Gravisand...
[04Aug2026 17:24:37.216] [modloading-worker-0/INFO] [quark-zeta/]: Constructing module Greener Grass...
[04Aug2026 17:24:37.218] [modloading-worker-0/INFO] [quark-zeta/]: Constructing module Hedges...
[04Aug2026 17:24:37.219] [modloading-worker-0/INFO] [quark-zeta/]: Constructing module Hoe Harvesting...
[04Aug2026 17:24:37.220] [modloading-worker-0/INFO] [quark-zeta/]: Constructing module Hollow Logs...
[04Aug2026 17:24:37.220] [modloading-worker-0/INFO] [quark-zeta/]: Constructing module Horses Swim...
[04Aug2026 17:24:37.221] [modloading-worker-0/INFO] [quark-zeta/]: Constructing module Hotbar Changer...
[04Aug2026 17:24:37.221] [modloading-worker-0/INFO] [quark-zeta/]: Constructing module Improved Sponges...
[04Aug2026 17:24:37.221] [modloading-worker-0/INFO] [quark-zeta/]: Constructing module Improved Tooltips...
[04Aug2026 17:24:37.223] [modloading-worker-0/INFO] [quark-zeta/]: Constructing module Industrial Palette...
[04Aug2026 17:24:37.224] [modloading-worker-0/INFO] [quark-zeta/]: Constructing module Inventory Sorting...
[04Aug2026 17:24:37.224] [modloading-worker-0/INFO] [quark-zeta/]: Constructing module Iron Rod...
[04Aug2026 17:24:37.252] [modloading-worker-0/INFO] [quark-zeta/]: Constructing module Item Sharing...
[04Aug2026 17:24:37.254] [modloading-worker-0/INFO] [quark-zeta/]: Constructing module Japanese Palette...
[04Aug2026 17:24:37.255] [modloading-worker-0/INFO] [quark-zeta/]: Constructing module Leaf Carpet...
[04Aug2026 17:24:37.255] [modloading-worker-0/INFO] [quark-zeta/]: Constructing module Lock Rotation...
[04Aug2026 17:24:37.258] [modloading-worker-0/INFO] [quark-zeta/]: Constructing module Long Range Pick Block...
[04Aug2026 17:24:37.258] [modloading-worker-0/INFO] [quark-zeta/]: Constructing module Magma Keeps Concrete Powder...
[04Aug2026 17:24:37.259] [modloading-worker-0/INFO] [quark-zeta/]: Constructing module Magnets...
[04Aug2026 17:24:37.281] [modloading-worker-0/INFO] [quark-zeta/]: Constructing module Map Washing...
[04Aug2026 17:24:37.283] [modloading-worker-0/INFO] [quark-zeta/]: Constructing module Matrix Enchanting...
[04Aug2026 17:24:37.302] [modloading-worker-0/INFO] [quark-zeta/]: Constructing module Metal Buttons...
[04Aug2026 17:24:37.303] [modloading-worker-0/INFO] [quark-zeta/]: Constructing module Microcrafting Helper...
[04Aug2026 17:24:37.303] [modloading-worker-0/INFO] [quark-zeta/]: Constructing module Midori...
[04Aug2026 17:24:37.304] [modloading-worker-0/INFO] [quark-zeta/]: Constructing module Monster Box...
[04Aug2026 17:24:37.305] [modloading-worker-0/INFO] [quark-zeta/]: Constructing module More Banner Layers...
[04Aug2026 17:24:37.307] [modloading-worker-0/INFO] [quark-zeta/]: Constructing module More Brick Types...
[04Aug2026 17:24:37.314] [modloading-worker-0/INFO] [quark-zeta/]: Constructing module More Mud Blocks...
[04Aug2026 17:24:37.315] [modloading-worker-0/INFO] [quark-zeta/]: Constructing module More Note Block Sounds...
[04Aug2026 17:24:37.315] [modloading-worker-0/INFO] [quark-zeta/]: Constructing module More Potted Plants...
[04Aug2026 17:24:37.315] [modloading-worker-0/INFO] [quark-zeta/]: Constructing module More Villagers...
[04Aug2026 17:24:37.316] [modloading-worker-0/INFO] [quark-zeta/]: Constructing module Narrator Readout...
[04Aug2026 17:24:37.316] [modloading-worker-0/INFO] [quark-zeta/]: Constructing module Nether Brick Fence Gate...
[04Aug2026 17:24:37.316] [modloading-worker-0/INFO] [quark-zeta/]: Constructing module Nether Obsidian Spikes...
[04Aug2026 17:24:37.325] [modloading-worker-0/INFO] [quark-zeta/]: Constructing module New Stone Types...
[04Aug2026 17:24:37.324] [modloading-worker-0/INFO] [STDOUT/]: [com.temporal.api.core.engine.TemporalEngine$Configurator:build:64]:    _________ _________ ___     ___ _________
   ---- ---- |   ----| |  \   / | |  ___  |
      | |    |  |      | | \ /| | |  | |  |
      | |    |   --|   | |    | | |  ---  |
      | |    |   --|   | |    | | |  -----|
      | |    |  |      | |    | | | |
      | |    |  -----| | |    | | | |
      |-|    --------| |-|    |-| |-|

[04Aug2026 17:24:37.415] [modloading-worker-0/INFO] [quark-zeta/]: Constructing module No Durability On Cosmetics...
[04Aug2026 17:24:37.417] [modloading-worker-0/INFO] [quark-zeta/]: Constructing module No More Lava Pockets...
[04Aug2026 17:24:37.418] [modloading-worker-0/INFO] [quark-zeta/]: Constructing module Obsidian Plate...
[04Aug2026 17:24:37.422] [modloading-worker-0/INFO] [quark-zeta/]: Constructing module Overlay Shader...
[04Aug2026 17:24:37.434] [modloading-worker-0/INFO] [quark-zeta/]: Constructing module Parrot Eggs...
[04Aug2026 17:24:37.435] [modloading-worker-0/INFO] [quark-zeta/]: Constructing module Pat The Dogs...
[04Aug2026 17:24:37.440] [modloading-worker-0/INFO] [quark-zeta/]: Constructing module Pathfinder Maps...
[04Aug2026 17:24:37.441] [modloading-worker-0/INFO] [quark-zeta/]: Constructing module Permafrost...
[04Aug2026 17:24:37.442] [modloading-worker-0/INFO] [quark-zeta/]: Constructing module Petals On Water...
[04Aug2026 17:24:37.446] [modloading-worker-0/INFO] [quark-zeta/]: Constructing module Pickarang...
[04Aug2026 17:24:37.452] [modloading-worker-0/INFO] [quark-zeta/]: Constructing module Pig Litters...
[04Aug2026 17:24:37.455] [modloading-worker-0/INFO] [quark-zeta/]: Constructing module Pipes...
[04Aug2026 17:24:37.461] [modloading-worker-0/INFO] [quark-zeta/]: Constructing module Pistons Move Tile Entities...
[04Aug2026 17:24:37.476] [modloading-worker-0/INFO] [quark-zeta/]: Constructing module Poison Potato Usage...
[04Aug2026 17:24:37.478] [modloading-worker-0/INFO] [quark-zeta/]: Constructing module Quick Armor Swapping...
[04Aug2026 17:24:37.479] [modloading-worker-0/INFO] [quark-zeta/]: Constructing module Rainbow Lamps...
[04Aug2026 17:24:37.479] [modloading-worker-0/INFO] [quark-zeta/]: Constructing module Raw Metal Bricks...
[04Aug2026 17:24:37.479] [modloading-worker-0/INFO] [quark-zeta/]: Constructing module Reacharound Placing...
[04Aug2026 17:24:37.480] [modloading-worker-0/INFO] [quark-zeta/]: Constructing module Redstone Randomizer...
[04Aug2026 17:24:37.489] [modloading-worker-0/INFO] [quark-zeta/]: Constructing module Renewable Spore Blossoms...
[04Aug2026 17:24:37.489] [modloading-worker-0/INFO] [quark-zeta/]: Constructing module Replace Scaffolding...
[04Aug2026 17:24:37.490] [modloading-worker-0/INFO] [quark-zeta/]: Constructing module Rope...
[04Aug2026 17:24:37.494] [modloading-worker-0/INFO] [quark-zeta/]: Constructing module Safer Creatures...
[04Aug2026 17:24:37.498] [modloading-worker-0/INFO] [quark-zeta/]: Constructing module Seed Pouch...
[04Aug2026 17:24:37.509] [modloading-worker-0/INFO] [net.zlt.create_vibrant_vaults.CreateVibrantVaults/]: Create addon mod [Create: Vibrant Vaults] is loading alongside Create [6.0.8]!
[04Aug2026 17:24:37.509] [modloading-worker-0/INFO] [quark-zeta/]: Constructing module Shear Vines...
[04Aug2026 17:24:37.513] [modloading-worker-0/INFO] [com.temporal.api.ApiMod/]: Scanned: strategy - InjectedStrategy, class - ExtraCompatItems
[04Aug2026 17:24:37.525] [modloading-worker-0/INFO] [com.temporal.api.ApiMod/]: Scanned: strategy - RegistryClassStrategy, class - ExtraCompatItems
[04Aug2026 17:24:37.530] [modloading-worker-0/INFO] [quark-zeta/]: Constructing module Shiba...
[04Aug2026 17:24:37.531] [modloading-worker-0/INFO] [quark-zeta/]: Constructing module Shingles...
[04Aug2026 17:24:37.531] [modloading-worker-0/INFO] [com.temporal.api.ApiMod/]: Scanned: strategy - InjectedStrategy, class - CompatCore
[04Aug2026 17:24:37.531] [modloading-worker-0/INFO] [com.temporal.api.ApiMod/]: Scanned: strategy - RegistryClassStrategy, class - CompatCore
[04Aug2026 17:24:37.531] [modloading-worker-0/INFO] [com.temporal.api.ApiMod/]: Scanned: strategy - InjectedStrategy, class - ExtraCompatBlocks
[04Aug2026 17:24:37.531] [modloading-worker-0/INFO] [com.temporal.api.ApiMod/]: Scanned: strategy - RegistryClassStrategy, class - ExtraCompatBlocks
[04Aug2026 17:24:37.532] [modloading-worker-0/INFO] [quark-zeta/]: Constructing module Shulker Packing...
[04Aug2026 17:24:37.532] [modloading-worker-0/INFO] [quark-zeta/]: Constructing module Simple Harvest...
[04Aug2026 17:24:37.534] [modloading-worker-0/INFO] [com.temporal.api.ApiMod/]: Scanned: strategy - InjectionStrategy, class - ExtraCompatItems
[04Aug2026 17:24:37.537] [modloading-worker-0/INFO] [com.temporal.api.ApiMod/]: Scanned: strategy - DependencyStrategy, class - ExtraCompatItems
[04Aug2026 17:24:37.537] [modloading-worker-0/INFO] [com.temporal.api.ApiMod/]: Scanned: strategy - RegistryFieldStrategy, class - ExtraCompatItems
[04Aug2026 17:24:37.538] [modloading-worker-0/INFO] [com.temporal.api.ApiMod/]: Scanned: strategy - InjectionStrategy, class - CompatCore
[04Aug2026 17:24:37.538] [modloading-worker-0/INFO] [com.temporal.api.ApiMod/]: Scanned: strategy - InjectionStrategy, class - CompatCore
[04Aug2026 17:24:37.538] [modloading-worker-0/INFO] [com.temporal.api.ApiMod/]: Scanned: strategy - InjectionStrategy, class - CompatCore
[04Aug2026 17:24:37.538] [modloading-worker-0/INFO] [com.temporal.api.ApiMod/]: Scanned: strategy - InjectionStrategy, class - CompatCore
[04Aug2026 17:24:37.538] [modloading-worker-0/INFO] [com.temporal.api.ApiMod/]: Scanned: strategy - InjectionStrategy, class - CompatCore
[04Aug2026 17:24:37.539] [modloading-worker-0/INFO] [com.temporal.api.ApiMod/]: Scanned: strategy - InjectionStrategy, class - CompatCore
[04Aug2026 17:24:37.539] [modloading-worker-0/INFO] [com.temporal.api.ApiMod/]: Scanned: strategy - InjectionStrategy, class - CompatCore
[04Aug2026 17:24:37.539] [modloading-worker-0/INFO] [com.temporal.api.ApiMod/]: Scanned: strategy - InjectionStrategy, class - CompatCore
[04Aug2026 17:24:37.539] [modloading-worker-0/INFO] [com.temporal.api.ApiMod/]: Scanned: strategy - InjectionStrategy, class - CompatCore
[04Aug2026 17:24:37.539] [modloading-worker-0/INFO] [com.temporal.api.ApiMod/]: Scanned: strategy - InjectionStrategy, class - CompatCore
[04Aug2026 17:24:37.539] [modloading-worker-0/INFO] [com.temporal.api.ApiMod/]: Scanned: strategy - InjectionStrategy, class - CompatCore
[04Aug2026 17:24:37.539] [modloading-worker-0/INFO] [com.temporal.api.ApiMod/]: Scanned: strategy - InjectionStrategy, class - CompatCore
[04Aug2026 17:24:37.539] [modloading-worker-0/INFO] [com.temporal.api.ApiMod/]: Scanned: strategy - InjectionStrategy, class - CompatCore
[04Aug2026 17:24:37.539] [modloading-worker-0/INFO] [com.temporal.api.ApiMod/]: Scanned: strategy - InjectionStrategy, class - CompatCore
[04Aug2026 17:24:37.539] [modloading-worker-0/INFO] [com.temporal.api.ApiMod/]: Scanned: strategy - InjectionStrategy, class - CompatCore
[04Aug2026 17:24:37.540] [modloading-worker-0/INFO] [com.temporal.api.ApiMod/]: Scanned: strategy - InjectionStrategy, class - CompatCore
[04Aug2026 17:24:37.541] [modloading-worker-0/INFO] [quark-zeta/]: Constructing module Skull Pikes...
[04Aug2026 17:24:37.542] [modloading-worker-0/INFO] [com.temporal.api.ApiMod/]: Scanned: strategy - InjectionStrategy, class - CompatCore
[04Aug2026 17:24:37.543] [modloading-worker-0/INFO] [com.temporal.api.ApiMod/]: Scanned: strategy - InjectionStrategy, class - CompatCore
[04Aug2026 17:24:37.543] [modloading-worker-0/INFO] [com.temporal.api.ApiMod/]: Scanned: strategy - DependencyStrategy, class - CompatCore
[04Aug2026 17:24:37.543] [modloading-worker-0/INFO] [com.temporal.api.ApiMod/]: Scanned: strategy - DependencyStrategy, class - CompatCore
[04Aug2026 17:24:37.543] [modloading-worker-0/INFO] [com.temporal.api.ApiMod/]: Scanned: strategy - DependencyStrategy, class - CompatCore
[04Aug2026 17:24:37.543] [modloading-worker-0/INFO] [com.temporal.api.ApiMod/]: Scanned: strategy - DependencyStrategy, class - CompatCore
[04Aug2026 17:24:37.543] [modloading-worker-0/INFO] [com.temporal.api.ApiMod/]: Scanned: strategy - DependencyStrategy, class - CompatCore
[04Aug2026 17:24:37.543] [modloading-worker-0/INFO] [com.temporal.api.ApiMod/]: Scanned: strategy - DependencyStrategy, class - CompatCore
[04Aug2026 17:24:37.543] [modloading-worker-0/INFO] [com.temporal.api.ApiMod/]: Scanned: strategy - DependencyStrategy, class - CompatCore
[04Aug2026 17:24:37.543] [modloading-worker-0/INFO] [com.temporal.api.ApiMod/]: Scanned: strategy - DependencyStrategy, class - CompatCore
[04Aug2026 17:24:37.543] [modloading-worker-0/INFO] [com.temporal.api.ApiMod/]: Scanned: strategy - DependencyStrategy, class - CompatCore
[04Aug2026 17:24:37.543] [modloading-worker-0/INFO] [com.temporal.api.ApiMod/]: Scanned: strategy - DependencyStrategy, class - CompatCore
[04Aug2026 17:24:37.543] [modloading-worker-0/INFO] [com.temporal.api.ApiMod/]: Scanned: strategy - DependencyStrategy, class - CompatCore
[04Aug2026 17:24:37.543] [modloading-worker-0/INFO] [com.temporal.api.ApiMod/]: Scanned: strategy - DependencyStrategy, class - CompatCore
[04Aug2026 17:24:37.544] [modloading-worker-0/INFO] [com.temporal.api.ApiMod/]: Scanned: strategy - DependencyStrategy, class - CompatCore
[04Aug2026 17:24:37.544] [modloading-worker-0/INFO] [com.temporal.api.ApiMod/]: Scanned: strategy - DependencyStrategy, class - CompatCore
[04Aug2026 17:24:37.544] [modloading-worker-0/INFO] [com.temporal.api.ApiMod/]: Scanned: strategy - DependencyStrategy, class - CompatCore
[04Aug2026 17:24:37.544] [modloading-worker-0/INFO] [com.temporal.api.ApiMod/]: Scanned: strategy - DependencyStrategy, class - CompatCore
[04Aug2026 17:24:37.544] [modloading-worker-0/INFO] [com.temporal.api.ApiMod/]: Scanned: strategy - DependencyStrategy, class - CompatCore
[04Aug2026 17:24:37.544] [modloading-worker-0/INFO] [com.temporal.api.ApiMod/]: Scanned: strategy - DependencyStrategy, class - CompatCore
[04Aug2026 17:24:37.544] [modloading-worker-0/INFO] [com.temporal.api.ApiMod/]: Scanned: strategy - RegistryFieldStrategy, class - CompatCore
[04Aug2026 17:24:37.544] [modloading-worker-0/INFO] [com.temporal.api.ApiMod/]: Scanned: strategy - RegistryFieldStrategy, class - CompatCore
[04Aug2026 17:24:37.544] [modloading-worker-0/INFO] [com.temporal.api.ApiMod/]: Scanned: strategy - RegistryFieldStrategy, class - CompatCore
[04Aug2026 17:24:37.545] [modloading-worker-0/INFO] [com.temporal.api.ApiMod/]: Scanned: strategy - RegistryFieldStrategy, class - CompatCore
[04Aug2026 17:24:37.545] [modloading-worker-0/INFO] [com.temporal.api.ApiMod/]: Scanned: strategy - RegistryFieldStrategy, class - CompatCore
[04Aug2026 17:24:37.545] [modloading-worker-0/INFO] [com.temporal.api.ApiMod/]: Scanned: strategy - RegistryFieldStrategy, class - CompatCore
[04Aug2026 17:24:37.545] [modloading-worker-0/INFO] [com.temporal.api.ApiMod/]: Scanned: strategy - RegistryFieldStrategy, class - CompatCore
[04Aug2026 17:24:37.545] [modloading-worker-0/INFO] [com.temporal.api.ApiMod/]: Scanned: strategy - RegistryFieldStrategy, class - CompatCore
[04Aug2026 17:24:37.545] [modloading-worker-0/INFO] [com.temporal.api.ApiMod/]: Scanned: strategy - RegistryFieldStrategy, class - CompatCore
[04Aug2026 17:24:37.545] [modloading-worker-0/INFO] [com.temporal.api.ApiMod/]: Scanned: strategy - RegistryFieldStrategy, class - CompatCore
[04Aug2026 17:24:37.545] [modloading-worker-0/INFO] [com.temporal.api.ApiMod/]: Scanned: strategy - RegistryFieldStrategy, class - CompatCore
[04Aug2026 17:24:37.545] [modloading-worker-0/INFO] [com.temporal.api.ApiMod/]: Scanned: strategy - RegistryFieldStrategy, class - CompatCore
[04Aug2026 17:24:37.545] [modloading-worker-0/INFO] [com.temporal.api.ApiMod/]: Scanned: strategy - RegistryFieldStrategy, class - CompatCore
[04Aug2026 17:24:37.545] [modloading-worker-0/INFO] [com.temporal.api.ApiMod/]: Scanned: strategy - RegistryFieldStrategy, class - CompatCore
[04Aug2026 17:24:37.545] [modloading-worker-0/INFO] [com.temporal.api.ApiMod/]: Scanned: strategy - RegistryFieldStrategy, class - CompatCore
[04Aug2026 17:24:37.545] [modloading-worker-0/INFO] [com.temporal.api.ApiMod/]: Scanned: strategy - RegistryFieldStrategy, class - CompatCore
[04Aug2026 17:24:37.545] [modloading-worker-0/INFO] [com.temporal.api.ApiMod/]: Scanned: strategy - RegistryFieldStrategy, class - CompatCore
[04Aug2026 17:24:37.545] [modloading-worker-0/INFO] [com.temporal.api.ApiMod/]: Scanned: strategy - RegistryFieldStrategy, class - CompatCore
[04Aug2026 17:24:37.545] [modloading-worker-0/INFO] [com.temporal.api.ApiMod/]: Scanned: strategy - InjectionStrategy, class - ExtraCompatBlocks
[04Aug2026 17:24:37.545] [modloading-worker-0/INFO] [com.temporal.api.ApiMod/]: Scanned: strategy - DependencyStrategy, class - ExtraCompatBlocks
[04Aug2026 17:24:37.546] [modloading-worker-0/INFO] [com.temporal.api.ApiMod/]: Scanned: strategy - RegistryFieldStrategy, class - ExtraCompatBlocks
[04Aug2026 17:24:37.547] [modloading-worker-0/INFO] [com.temporal.api.ApiMod/]: Scanned: strategy - ExecutionStrategy, class - CompatCore
[04Aug2026 17:24:37.551] [modloading-worker-0/INFO] [com.temporal.api.ApiMod/]: Scanned: strategy - ExecutionStrategy, class - CompatCore
[04Aug2026 17:24:37.552] [modloading-worker-0/INFO] [com.temporal.api.ApiMod/]: Scanned: strategy - ExecutionStrategy, class - CompatCore
[04Aug2026 17:24:37.552] [modloading-worker-0/INFO] [com.temporal.api.ApiMod/]: Scanned: strategy - ExecutionStrategy, class - CompatCore
[04Aug2026 17:24:37.550] [modloading-worker-0/INFO] [quark-zeta/]: Constructing module Slabs To Blocks...
[04Aug2026 17:24:37.554] [modloading-worker-0/INFO] [quark-zeta/]: Constructing module Slime In A Bucket...
[04Aug2026 17:24:37.556] [modloading-worker-0/INFO] [quark-zeta/]: Constructing module Slimes To Magma Cubes...
[04Aug2026 17:24:37.557] [modloading-worker-0/INFO] [quark-zeta/]: Constructing module Snow Golem Player Heads...
[04Aug2026 17:24:37.557] [modloading-worker-0/INFO] [quark-zeta/]: Constructing module Soul Candles...
[04Aug2026 17:24:37.558] [modloading-worker-0/INFO] [quark-zeta/]: Constructing module Soul Sandstone...
[04Aug2026 17:24:37.558] [modloading-worker-0/INFO] [quark-zeta/]: Constructing module Spawner Replacer...
[04Aug2026 17:24:37.558] [modloading-worker-0/INFO] [quark-zeta/]: Constructing module Spiral Spires...
[04Aug2026 17:24:37.560] [modloading-worker-0/INFO] [com.temporal.api.ApiMod/]: Scanned: strategy - BlockModelStrategy, class - ExtraCompatItems
[04Aug2026 17:24:37.561] [modloading-worker-0/INFO] [com.temporal.api.ApiMod/]: Scanned: strategy - ItemModelStrategy, class - ExtraCompatItems
[04Aug2026 17:24:37.561] [modloading-worker-0/INFO] [quark-zeta/]: Constructing module Stonelings...
[04Aug2026 17:24:37.562] [modloading-worker-0/INFO] [com.temporal.api.ApiMod/]: Scanned: strategy - BlockLootTableStrategy, class - ExtraCompatItems
[04Aug2026 17:24:37.562] [modloading-worker-0/INFO] [com.temporal.api.ApiMod/]: Scanned: strategy - RecipeStrategy, class - ExtraCompatItems
[04Aug2026 17:24:37.562] [modloading-worker-0/INFO] [com.temporal.api.ApiMod/]: Scanned: strategy - BlockModelStrategy, class - CompatCore
[04Aug2026 17:24:37.562] [modloading-worker-0/INFO] [com.temporal.api.ApiMod/]: Scanned: strategy - BlockModelStrategy, class - CompatCore
[04Aug2026 17:24:37.564] [modloading-worker-0/INFO] [quark-zeta/]: Constructing module Stools...
[04Aug2026 17:24:37.564] [modloading-worker-0/INFO] [quark-zeta/]: Constructing module Sturdy Stone...
[04Aug2026 17:24:37.564] [modloading-worker-0/INFO] [com.temporal.api.ApiMod/]: Scanned: strategy - BlockModelStrategy, class - CompatCore
[04Aug2026 17:24:37.564] [modloading-worker-0/INFO] [com.temporal.api.ApiMod/]: Scanned: strategy - BlockModelStrategy, class - CompatCore
[04Aug2026 17:24:37.564] [modloading-worker-0/INFO] [com.temporal.api.ApiMod/]: Scanned: strategy - BlockModelStrategy, class - CompatCore
[04Aug2026 17:24:37.565] [modloading-worker-0/INFO] [com.temporal.api.ApiMod/]: Scanned: strategy - BlockModelStrategy, class - CompatCore
[04Aug2026 17:24:37.565] [modloading-worker-0/INFO] [com.temporal.api.ApiMod/]: Scanned: strategy - BlockModelStrategy, class - CompatCore
[04Aug2026 17:24:37.565] [modloading-worker-0/INFO] [com.temporal.api.ApiMod/]: Scanned: strategy - BlockModelStrategy, class - CompatCore
[04Aug2026 17:24:37.565] [modloading-worker-0/INFO] [com.temporal.api.ApiMod/]: Scanned: strategy - BlockModelStrategy, class - CompatCore
[04Aug2026 17:24:37.565] [modloading-worker-0/INFO] [com.temporal.api.ApiMod/]: Scanned: strategy - BlockModelStrategy, class - CompatCore
[04Aug2026 17:24:37.565] [modloading-worker-0/INFO] [com.temporal.api.ApiMod/]: Scanned: strategy - BlockModelStrategy, class - CompatCore
[04Aug2026 17:24:37.565] [modloading-worker-0/INFO] [com.temporal.api.ApiMod/]: Scanned: strategy - BlockModelStrategy, class - CompatCore
[04Aug2026 17:24:37.565] [modloading-worker-0/INFO] [com.temporal.api.ApiMod/]: Scanned: strategy - BlockModelStrategy, class - CompatCore
[04Aug2026 17:24:37.565] [modloading-worker-0/INFO] [com.temporal.api.ApiMod/]: Scanned: strategy - BlockModelStrategy, class - CompatCore
[04Aug2026 17:24:37.565] [modloading-worker-0/INFO] [com.temporal.api.ApiMod/]: Scanned: strategy - BlockModelStrategy, class - CompatCore
[04Aug2026 17:24:37.566] [modloading-worker-0/INFO] [com.temporal.api.ApiMod/]: Scanned: strategy - BlockModelStrategy, class - CompatCore
[04Aug2026 17:24:37.566] [modloading-worker-0/INFO] [com.temporal.api.ApiMod/]: Scanned: strategy - BlockModelStrategy, class - CompatCore
[04Aug2026 17:24:37.566] [modloading-worker-0/INFO] [com.temporal.api.ApiMod/]: Scanned: strategy - BlockModelStrategy, class - CompatCore
[04Aug2026 17:24:37.566] [modloading-worker-0/INFO] [com.temporal.api.ApiMod/]: Scanned: strategy - ItemModelStrategy, class - CompatCore
[04Aug2026 17:24:37.566] [modloading-worker-0/INFO] [com.temporal.api.ApiMod/]: Scanned: strategy - ItemModelStrategy, class - CompatCore
[04Aug2026 17:24:37.566] [modloading-worker-0/INFO] [com.temporal.api.ApiMod/]: Scanned: strategy - ItemModelStrategy, class - CompatCore
[04Aug2026 17:24:37.566] [modloading-worker-0/INFO] [com.temporal.api.ApiMod/]: Scanned: strategy - ItemModelStrategy, class - CompatCore
[04Aug2026 17:24:37.566] [modloading-worker-0/INFO] [com.temporal.api.ApiMod/]: Scanned: strategy - ItemModelStrategy, class - CompatCore
[04Aug2026 17:24:37.566] [modloading-worker-0/INFO] [com.temporal.api.ApiMod/]: Scanned: strategy - ItemModelStrategy, class - CompatCore
[04Aug2026 17:24:37.566] [modloading-worker-0/INFO] [com.temporal.api.ApiMod/]: Scanned: strategy - ItemModelStrategy, class - CompatCore
[04Aug2026 17:24:37.566] [modloading-worker-0/INFO] [com.temporal.api.ApiMod/]: Scanned: strategy - ItemModelStrategy, class - CompatCore
[04Aug2026 17:24:37.566] [modloading-worker-0/INFO] [com.temporal.api.ApiMod/]: Scanned: strategy - ItemModelStrategy, class - CompatCore
[04Aug2026 17:24:37.567] [modloading-worker-0/INFO] [com.temporal.api.ApiMod/]: Scanned: strategy - ItemModelStrategy, class - CompatCore
[04Aug2026 17:24:37.567] [modloading-worker-0/INFO] [quark-zeta/]: Constructing module Thatch...
[04Aug2026 17:24:37.568] [modloading-worker-0/INFO] [com.temporal.api.ApiMod/]: Scanned: strategy - ItemModelStrategy, class - CompatCore
[04Aug2026 17:24:37.568] [modloading-worker-0/INFO] [com.temporal.api.ApiMod/]: Scanned: strategy - ItemModelStrategy, class - CompatCore
[04Aug2026 17:24:37.569] [modloading-worker-0/INFO] [com.temporal.api.ApiMod/]: Scanned: strategy - ItemModelStrategy, class - CompatCore
[04Aug2026 17:24:37.569] [modloading-worker-0/INFO] [com.temporal.api.ApiMod/]: Scanned: strategy - ItemModelStrategy, class - CompatCore
[04Aug2026 17:24:37.569] [modloading-worker-0/INFO] [quark-zeta/]: Constructing module Tiny Potato...
[04Aug2026 17:24:37.569] [modloading-worker-0/INFO] [quark-zeta/]: Constructing module Torch Arrow...
[04Aug2026 17:24:37.570] [modloading-worker-0/INFO] [com.temporal.api.ApiMod/]: Scanned: strategy - ItemModelStrategy, class - CompatCore
[04Aug2026 17:24:37.570] [modloading-worker-0/INFO] [com.temporal.api.ApiMod/]: Scanned: strategy - ItemModelStrategy, class - CompatCore
[04Aug2026 17:24:37.570] [modloading-worker-0/INFO] [com.temporal.api.ApiMod/]: Scanned: strategy - ItemModelStrategy, class - CompatCore
[04Aug2026 17:24:37.571] [modloading-worker-0/INFO] [com.temporal.api.ApiMod/]: Scanned: strategy - ItemModelStrategy, class - CompatCore
[04Aug2026 17:24:37.572] [modloading-worker-0/INFO] [com.temporal.api.ApiMod/]: Scanned: strategy - BlockLootTableStrategy, class - CompatCore
[04Aug2026 17:24:37.572] [modloading-worker-0/INFO] [com.temporal.api.ApiMod/]: Scanned: strategy - BlockLootTableStrategy, class - CompatCore
[04Aug2026 17:24:37.572] [modloading-worker-0/INFO] [com.temporal.api.ApiMod/]: Scanned: strategy - BlockLootTableStrategy, class - CompatCore
[04Aug2026 17:24:37.572] [modloading-worker-0/INFO] [com.temporal.api.ApiMod/]: Scanned: strategy - BlockLootTableStrategy, class - CompatCore
[04Aug2026 17:24:37.572] [modloading-worker-0/INFO] [com.temporal.api.ApiMod/]: Scanned: strategy - BlockLootTableStrategy, class - CompatCore
[04Aug2026 17:24:37.572] [modloading-worker-0/INFO] [com.temporal.api.ApiMod/]: Scanned: strategy - BlockLootTableStrategy, class - CompatCore
[04Aug2026 17:24:37.572] [modloading-worker-0/INFO] [quark-zeta/]: Constructing module Toretoise...
[04Aug2026 17:24:37.572] [modloading-worker-0/INFO] [com.temporal.api.ApiMod/]: Scanned: strategy - BlockLootTableStrategy, class - CompatCore
[04Aug2026 17:24:37.572] [modloading-worker-0/INFO] [com.temporal.api.ApiMod/]: Scanned: strategy - BlockLootTableStrategy, class - CompatCore
[04Aug2026 17:24:37.572] [modloading-worker-0/INFO] [com.temporal.api.ApiMod/]: Scanned: strategy - BlockLootTableStrategy, class - CompatCore
[04Aug2026 17:24:37.572] [modloading-worker-0/INFO] [com.temporal.api.ApiMod/]: Scanned: strategy - BlockLootTableStrategy, class - CompatCore
[04Aug2026 17:24:37.572] [modloading-worker-0/INFO] [com.temporal.api.ApiMod/]: Scanned: strategy - BlockLootTableStrategy, class - CompatCore
[04Aug2026 17:24:37.573] [modloading-worker-0/INFO] [com.temporal.api.ApiMod/]: Scanned: strategy - BlockLootTableStrategy, class - CompatCore
[04Aug2026 17:24:37.573] [modloading-worker-0/INFO] [com.temporal.api.ApiMod/]: Scanned: strategy - BlockLootTableStrategy, class - CompatCore
[04Aug2026 17:24:37.573] [modloading-worker-0/INFO] [com.temporal.api.ApiMod/]: Scanned: strategy - BlockLootTableStrategy, class - CompatCore
[04Aug2026 17:24:37.573] [modloading-worker-0/INFO] [com.temporal.api.ApiMod/]: Scanned: strategy - BlockLootTableStrategy, class - CompatCore
[04Aug2026 17:24:37.573] [modloading-worker-0/INFO] [quark-zeta/]: Constructing module Totem Of Holding...
[04Aug2026 17:24:37.573] [modloading-worker-0/INFO] [com.temporal.api.ApiMod/]: Scanned: strategy - BlockLootTableStrategy, class - CompatCore
[04Aug2026 17:24:37.573] [modloading-worker-0/INFO] [com.temporal.api.ApiMod/]: Scanned: strategy - BlockLootTableStrategy, class - CompatCore
[04Aug2026 17:24:37.573] [modloading-worker-0/INFO] [com.temporal.api.ApiMod/]: Scanned: strategy - BlockLootTableStrategy, class - CompatCore
[04Aug2026 17:24:37.574] [modloading-worker-0/INFO] [com.temporal.api.ApiMod/]: Scanned: strategy - RecipeStrategy, class - CompatCore
[04Aug2026 17:24:37.574] [modloading-worker-0/INFO] [com.temporal.api.ApiMod/]: Scanned: strategy - RecipeStrategy, class - CompatCore
[04Aug2026 17:24:37.574] [modloading-worker-0/INFO] [com.temporal.api.ApiMod/]: Scanned: strategy - RecipeStrategy, class - CompatCore
[04Aug2026 17:24:37.574] [modloading-worker-0/INFO] [com.temporal.api.ApiMod/]: Scanned: strategy - RecipeStrategy, class - CompatCore
[04Aug2026 17:24:37.574] [modloading-worker-0/INFO] [com.temporal.api.ApiMod/]: Scanned: strategy - RecipeStrategy, class - CompatCore
[04Aug2026 17:24:37.574] [modloading-worker-0/INFO] [com.temporal.api.ApiMod/]: Scanned: strategy - RecipeStrategy, class - CompatCore
[04Aug2026 17:24:37.574] [modloading-worker-0/INFO] [com.temporal.api.ApiMod/]: Scanned: strategy - RecipeStrategy, class - CompatCore
[04Aug2026 17:24:37.574] [modloading-worker-0/INFO] [com.temporal.api.ApiMod/]: Scanned: strategy - RecipeStrategy, class - CompatCore
[04Aug2026 17:24:37.574] [modloading-worker-0/INFO] [com.temporal.api.ApiMod/]: Scanned: strategy - RecipeStrategy, class - CompatCore
[04Aug2026 17:24:37.575] [modloading-worker-0/INFO] [com.temporal.api.ApiMod/]: Scanned: strategy - RecipeStrategy, class - CompatCore
[04Aug2026 17:24:37.575] [modloading-worker-0/INFO] [com.temporal.api.ApiMod/]: Scanned: strategy - RecipeStrategy, class - CompatCore
[04Aug2026 17:24:37.575] [modloading-worker-0/INFO] [com.temporal.api.ApiMod/]: Scanned: strategy - RecipeStrategy, class - CompatCore
[04Aug2026 17:24:37.575] [modloading-worker-0/INFO] [com.temporal.api.ApiMod/]: Scanned: strategy - RecipeStrategy, class - CompatCore
[04Aug2026 17:24:37.575] [modloading-worker-0/INFO] [com.temporal.api.ApiMod/]: Scanned: strategy - RecipeStrategy, class - CompatCore
[04Aug2026 17:24:37.575] [modloading-worker-0/INFO] [com.temporal.api.ApiMod/]: Scanned: strategy - RecipeStrategy, class - CompatCore
[04Aug2026 17:24:37.575] [modloading-worker-0/INFO] [com.temporal.api.ApiMod/]: Scanned: strategy - RecipeStrategy, class - CompatCore
[04Aug2026 17:24:37.575] [modloading-worker-0/INFO] [com.temporal.api.ApiMod/]: Scanned: strategy - RecipeStrategy, class - CompatCore
[04Aug2026 17:24:37.575] [modloading-worker-0/INFO] [com.temporal.api.ApiMod/]: Scanned: strategy - RecipeStrategy, class - CompatCore
[04Aug2026 17:24:37.575] [modloading-worker-0/INFO] [com.temporal.api.ApiMod/]: Scanned: strategy - BlockModelStrategy, class - ExtraCompatBlocks
[04Aug2026 17:24:37.575] [modloading-worker-0/INFO] [com.temporal.api.ApiMod/]: Scanned: strategy - ItemModelStrategy, class - ExtraCompatBlocks
[04Aug2026 17:24:37.575] [modloading-worker-0/INFO] [com.temporal.api.ApiMod/]: Scanned: strategy - BlockLootTableStrategy, class - ExtraCompatBlocks
[04Aug2026 17:24:37.575] [modloading-worker-0/INFO] [com.temporal.api.ApiMod/]: Scanned: strategy - RecipeStrategy, class - ExtraCompatBlocks
[04Aug2026 17:24:37.575] [modloading-worker-0/INFO] [com.temporal.api.ApiMod/]: IOLayer has been loaded!
[04Aug2026 17:24:37.577] [modloading-worker-0/INFO] [com.temporal.api.ApiMod/]: Mod: ForgeMod{name=ExtraCompat, clazz=class net.cyber_rat.extra_compat.ExtraCompat, modId=extra_compat} has been registered as a TemporalEngine component!
[04Aug2026 17:24:37.579] [modloading-worker-0/INFO] [quark-zeta/]: Constructing module Trowel...
[04Aug2026 17:24:37.580] [modloading-worker-0/INFO] [quark-zeta/]: Constructing module Usage Ticker...
[04Aug2026 17:24:37.580] [modloading-worker-0/INFO] [quark-zeta/]: Constructing module Uses For Curses...
[04Aug2026 17:24:37.581] [modloading-worker-0/INFO] [quark-zeta/]: Constructing module Utility Recipes...
[04Aug2026 17:24:37.584] [modloading-worker-0/INFO] [quark-zeta/]: Constructing module Variant Animal Textures...
[04Aug2026 17:24:37.585] [modloading-worker-0/INFO] [quark-zeta/]: Constructing module Variant Bookshelves...
[04Aug2026 17:24:37.585] [modloading-worker-0/INFO] [quark-zeta/]: Constructing module Variant Chests...
[04Aug2026 17:24:37.613] [modloading-worker-0/INFO] [quark-zeta/]: Constructing module Variant Furnaces...
[04Aug2026 17:24:37.628] [modloading-worker-0/INFO] [quark-zeta/]: Constructing module Variant Ladders...
[04Aug2026 17:24:37.629] [modloading-worker-0/INFO] [quark-zeta/]: Constructing module Variant Selector...
[04Aug2026 17:24:37.635] [modloading-worker-0/INFO] [quark-zeta/]: Constructing module Vertical Planks...
[04Aug2026 17:24:37.635] [modloading-worker-0/INFO] [quark-zeta/]: Constructing module Vertical Slabs...
[04Aug2026 17:24:37.659] [modloading-worker-0/INFO] [Eco Stack Manager/]: Initializing Eco Stack Manager (Forge) with /workspaces/lolaso2.0/servidor_minecraft ...
[04Aug2026 17:24:37.659] [modloading-worker-0/INFO] [Eco Stack Manager/]: 🌐 Register Eco Stack Manager  Configuration ...
[04Aug2026 17:24:37.661] [modloading-worker-0/INFO] [Eco Stack Manager/]: [Config] Updated configuration path to /workspaces/lolaso2.0/servidor_minecraft/config/eco_stack_manager
[04Aug2026 17:24:37.661] [modloading-worker-0/INFO] [quark-zeta/]: Constructing module Vexes Die With Their Masters...
[04Aug2026 17:24:37.662] [modloading-worker-0/INFO] [quark-zeta/]: Constructing module Villager Rerolling Rework...
[04Aug2026 17:24:37.663] [modloading-worker-0/INFO] [quark-zeta/]: Constructing module Villagers Follow Emeralds...
[04Aug2026 17:24:37.664] [modloading-worker-0/INFO] [quark-zeta/]: Constructing module Wooden Posts...
[04Aug2026 17:24:37.666] [modloading-worker-0/INFO] [Eco Stack Manager/]: [Config] Experience Orb Configuration is up to date: {move_position_to_last_drop=false, collect_radius=4}
[04Aug2026 17:24:37.667] [modloading-worker-0/INFO] [quark-zeta/]: Constructing module Wool Shuts Up Minecarts...
[04Aug2026 17:24:37.669] [modloading-worker-0/INFO] [quark-zeta/]: Constructing module Wraith...
[04Aug2026 17:24:37.669] [modloading-worker-0/INFO] [Eco Stack Manager/]: [Config] Item Entity Configuration is up to date: {max_number_of_items_per_type=32, max_number_of_items_per_world=128, move_position_to_last_drop=false, deny_list=minecraft:diamond_block,minecraft:diamond, allow_list=, max_stack_size=64, collect_radius=1, verification_cycle=64}
[04Aug2026 17:24:37.671] [modloading-worker-0/INFO] [Eco Stack Manager/]: 🌐 Register Eco Stack Manager  Debug Manager ...
[04Aug2026 17:24:37.674] [modloading-worker-0/INFO] [quark-zeta/]: Constructing module Zombie Villagers On Normal...
[04Aug2026 17:24:37.674] [modloading-worker-0/INFO] [quark-zeta/]: Constructing module More Stone Variants...
[04Aug2026 17:24:37.675] [modloading-worker-0/INFO] [quark-zeta/]: Constructed 164 modules.
[04Aug2026 17:24:37.680] [modloading-worker-0/WARN] [Eco Stack Manager/]: [Debug Manager] Detected debug log level for Eco Stack Manager with ALL!
[04Aug2026 17:24:37.680] [modloading-worker-0/WARN] [Eco Stack Manager/]: [Debug Manager] Adjusting log level for Eco Stack Manager from ALL to INFO, for performance reasons!
[04Aug2026 17:24:37.681] [modloading-worker-0/INFO] [Eco Stack Manager/]: [Debug Manager] Add new logger config for Eco Stack Manager with level INFO ...
[04Aug2026 17:24:37.683] [modloading-worker-0/INFO] [Eco Stack Manager/]: 🌐 Register Eco Stack Manager  additional mod support ...
[04Aug2026 17:24:37.690] [modloading-worker-0/INFO] [Eco Stack Manager/]: Checking for additional mods for avoiding incompatibility ...
[04Aug2026 17:24:37.690] [modloading-worker-0/WARN] [Eco Stack Manager/]: WARNING: Create items will be automatically exclude from optimizations!
[04Aug2026 17:24:37.693] [modloading-worker-0/INFO] [YetAnotherConfigLib/]: Deserializing YACLConfig from '/workspaces/lolaso2.0/servidor_minecraft/config/yacl.json5'
[04Aug2026 17:24:37.724] [modloading-worker-0/INFO] [be.florens.expandability.ExpandAbility/]: ExpandAbility here, who dis?
[04Aug2026 17:24:37.759] [modloading-worker-0/INFO] [quark-zeta/]: Doing super early config setup for quark
[04Aug2026 17:24:37.944] [main/INFO] [Cold Sweat/]: Gathering Cold Sweat registries
[04Aug2026 17:24:37.944] [main/INFO] [Cold Sweat/]: The event bus was started early to gather Cold Sweat registries; it will now be stopped again until the correct loading phase.
[04Aug2026 17:24:38.597] [main/WARN] [mixin/]: @Inject(@At("INVOKE")) Shift.BY=2 on cold_sweat.mixin.json:MixinRegistration from mod cold_sweat::handler$ccb000$cold_sweat$loadRegistryContents exceeds the maximum allowed value: 0. Increase the value of maxShiftBy to suppress this warning.
[04Aug2026 17:24:38.618] [main/INFO] [net.minecraft.resources.RegistryDataLoader/]: Capturing existing worldgen registries
[04Aug2026 17:24:38.618] [main/INFO] [net.minecraft.resources.RegistryDataLoader/]: Found 0 injected RegistryDataLoader worldgen registries
[04Aug2026 17:24:39.640] [main/INFO] [snownee.kiwi.Kiwi/INIT]: Module [kiwi:data] initialized
[04Aug2026 17:24:39.641] [main/INFO] [snownee.kiwi.Kiwi/INIT]: 		recipe_serializer: 3
[04Aug2026 17:24:39.876] [main/WARN] [net.minecraftforge.registries.ForgeRegistry/REGISTRIES]: Registry minecraft:sound_event: The object net.minecraft.sounds.SoundEvent@3813fb6d has been registered twice for the same name treechop:chop_wood.
[04Aug2026 17:24:41.459] [main/WARN] [net.minecraftforge.registries.ForgeRegistry/REGISTRIES]: Registry minecraft:block: The object Block{create_unbreakable:philolite_block} has been registered twice for the same name create_unbreakable:philolite_block.
[04Aug2026 17:24:41.459] [main/WARN] [net.minecraftforge.registries.ForgeRegistry/REGISTRIES]: Registry minecraft:block: The object Block{create_unbreakable:luminarchy_block} has been registered twice for the same name create_unbreakable:luminarchy_block.
[04Aug2026 17:24:43.100] [main/WARN] [net.minecraftforge.registries.ForgeRegistry/REGISTRIES]: Registry minecraft:item: The object irromolding has been registered twice for the same name create_unbreakable:irromolding.
[04Aug2026 17:24:43.100] [main/WARN] [net.minecraftforge.registries.ForgeRegistry/REGISTRIES]: Registry minecraft:item: The object philolite has been registered twice for the same name create_unbreakable:philolite.
[04Aug2026 17:24:43.100] [main/WARN] [net.minecraftforge.registries.ForgeRegistry/REGISTRIES]: Registry minecraft:item: The object luminarchy has been registered twice for the same name create_unbreakable:luminarchy.
[04Aug2026 17:24:43.100] [main/WARN] [net.minecraftforge.registries.ForgeRegistry/REGISTRIES]: Registry minecraft:item: The object philolite_block has been registered twice for the same name create_unbreakable:philolite_block.
[04Aug2026 17:24:43.100] [main/WARN] [net.minecraftforge.registries.ForgeRegistry/REGISTRIES]: Registry minecraft:item: The object luminarchy_block has been registered twice for the same name create_unbreakable:luminarchy_block.
[04Aug2026 17:24:43.856] [main/WARN] [dev.architectury.registry.registries.forge.RegistrarManagerImpl/]: Registry entry listened Registry Entry [minecraft:entity_type / vinery:wandering_winemaker] was not realized!
[04Aug2026 17:24:43.856] [main/WARN] [dev.architectury.registry.registries.forge.RegistrarManagerImpl/]: Registry entry listened Registry Entry [minecraft:entity_type / artifacts:mimic] was not realized!
[04Aug2026 17:24:43.856] [main/WARN] [dev.architectury.registry.registries.forge.RegistrarManagerImpl/]: Registry entry listened Registry Entry [minecraft:entity_type / vinery:mule] was not realized!
[04Aug2026 17:24:43.859] [main/WARN] [dev.architectury.registry.registries.forge.RegistrarManagerImpl/]: Registry entry listened Registry Entry [minecraft:entity_type / vinery:wandering_winemaker] was not realized!
[04Aug2026 17:24:43.859] [main/WARN] [dev.architectury.registry.registries.forge.RegistrarManagerImpl/]: Registry entry listened Registry Entry [minecraft:entity_type / artifacts:mimic] was not realized!
[04Aug2026 17:24:43.859] [main/WARN] [dev.architectury.registry.registries.forge.RegistrarManagerImpl/]: Registry entry listened Registry Entry [minecraft:entity_type / vinery:mule] was not realized!
[04Aug2026 17:24:43.866] [main/WARN] [dev.architectury.registry.registries.forge.RegistrarManagerImpl/]: Registry entry listened Registry Entry [minecraft:entity_type / artifacts:mimic] was not realized!
[04Aug2026 17:24:43.866] [main/WARN] [dev.architectury.registry.registries.forge.RegistrarManagerImpl/]: Registry entry listened Registry Entry [minecraft:entity_type / artifacts:mimic] was not realized!
[04Aug2026 17:24:43.866] [main/WARN] [dev.architectury.registry.registries.forge.RegistrarManagerImpl/]: Registry entry listened Registry Entry [minecraft:entity_type / artifacts:mimic] was not realized!
[04Aug2026 17:24:43.908] [main/INFO] [Moonlight/]: Initialized block sets in 32ms
[04Aug2026 17:24:44.421] [main/INFO] [Railways/MultiRegistryCallback/]: Running callback for create:flywheel and railways:royal_blue_locometal_flywheel
[04Aug2026 17:24:44.421] [main/INFO] [Railways/MultiRegistryCallback/]: Running callback for create:flywheel and railways:maroon_locometal_flywheel
[04Aug2026 17:24:44.421] [main/INFO] [Railways/MultiRegistryCallback/]: Running callback for create:flywheel and railways:yellow_locometal_flywheel
[04Aug2026 17:24:44.421] [main/INFO] [Railways/MultiRegistryCallback/]: Running callback for create:flywheel and railways:purple_locometal_flywheel
[04Aug2026 17:24:44.421] [main/INFO] [Railways/MultiRegistryCallback/]: Running callback for create:flywheel and railways:diorite_locometal_flywheel
[04Aug2026 17:24:44.421] [main/INFO] [Railways/MultiRegistryCallback/]: Running callback for create:flywheel and railways:red_locometal_flywheel
[04Aug2026 17:24:44.422] [main/INFO] [Railways/MultiRegistryCallback/]: Running callback for create:flywheel and railways:pink_locometal_flywheel
[04Aug2026 17:24:44.422] [main/INFO] [Railways/MultiRegistryCallback/]: Running callback for create:flywheel and railways:scorchia_locometal_flywheel
[04Aug2026 17:24:44.422] [main/INFO] [Railways/MultiRegistryCallback/]: Running callback for create:flywheel and railways:ochrum_locometal_flywheel
[04Aug2026 17:24:44.422] [main/INFO] [Railways/MultiRegistryCallback/]: Running callback for create:flywheel and railways:green_locometal_flywheel
[04Aug2026 17:24:44.422] [main/INFO] [Railways/MultiRegistryCallback/]: Running callback for create:flywheel and railways:light_gray_locometal_flywheel
[04Aug2026 17:24:44.422] [main/INFO] [Railways/MultiRegistryCallback/]: Running callback for create:flywheel and railways:olive_green_locometal_flywheel
[04Aug2026 17:24:44.422] [main/INFO] [Railways/MultiRegistryCallback/]: Running callback for create:flywheel and railways:tuff_locometal_flywheel
[04Aug2026 17:24:44.422] [main/INFO] [Railways/MultiRegistryCallback/]: Running callback for create:flywheel and railways:gray_locometal_flywheel
[04Aug2026 17:24:44.422] [main/INFO] [Railways/MultiRegistryCallback/]: Running callback for create:flywheel and railways:granite_locometal_flywheel
[04Aug2026 17:24:44.422] [main/INFO] [Railways/MultiRegistryCallback/]: Running callback for create:flywheel and railways:chartreuse_locometal_flywheel
[04Aug2026 17:24:44.422] [main/INFO] [Railways/MultiRegistryCallback/]: Running callback for create:flywheel and railways:pine_green_locometal_flywheel
[04Aug2026 17:24:44.422] [main/INFO] [Railways/MultiRegistryCallback/]: Running callback for create:flywheel and railways:light_blue_locometal_flywheel
[04Aug2026 17:24:44.422] [main/INFO] [Railways/MultiRegistryCallback/]: Running callback for create:flywheel and railways:vermilion_locometal_flywheel
[04Aug2026 17:24:44.422] [main/INFO] [Railways/MultiRegistryCallback/]: Running callback for create:flywheel and railways:white_locometal_flywheel
[04Aug2026 17:24:44.422] [main/INFO] [Railways/MultiRegistryCallback/]: Running callback for create:flywheel and railways:blue_locometal_flywheel
[04Aug2026 17:24:44.422] [main/INFO] [Railways/MultiRegistryCallback/]: Running callback for create:flywheel and railways:limestone_locometal_flywheel
[04Aug2026 17:24:44.422] [main/INFO] [Railways/MultiRegistryCallback/]: Running callback for create:flywheel and railways:black_locometal_flywheel
[04Aug2026 17:24:44.422] [main/INFO] [Railways/MultiRegistryCallback/]: Running callback for create:flywheel and railways:brown_locometal_flywheel
[04Aug2026 17:24:44.422] [main/INFO] [Railways/MultiRegistryCallback/]: Running callback for create:flywheel and railways:turquoise_locometal_flywheel
[04Aug2026 17:24:44.422] [main/INFO] [Railways/MultiRegistryCallback/]: Running callback for create:flywheel and railways:lime_locometal_flywheel
[04Aug2026 17:24:44.422] [main/INFO] [Railways/MultiRegistryCallback/]: Running callback for create:flywheel and railways:cyan_locometal_flywheel
[04Aug2026 17:24:44.423] [main/INFO] [Railways/MultiRegistryCallback/]: Running callback for create:flywheel and railways:locometal_flywheel
[04Aug2026 17:24:44.423] [main/INFO] [Railways/MultiRegistryCallback/]: Running callback for create:flywheel and railways:dripstone_locometal_flywheel
[04Aug2026 17:24:44.423] [main/INFO] [Railways/MultiRegistryCallback/]: Running callback for create:flywheel and railways:magenta_locometal_flywheel
[04Aug2026 17:24:44.423] [main/INFO] [Railways/MultiRegistryCallback/]: Running callback for create:flywheel and railways:orange_locometal_flywheel
[04Aug2026 17:24:44.423] [main/INFO] [Railways/MultiRegistryCallback/]: Running callback for create:flywheel and railways:sea_green_locometal_flywheel
[04Aug2026 17:24:44.424] [main/INFO] [Railways/MultiRegistryCallback/]: Running callback for create:sliding_door and railways:granite_folding_locometal_door
[04Aug2026 17:24:44.424] [main/INFO] [Railways/MultiRegistryCallback/]: Running callback for create:sliding_door and railways:green_sliding_locometal_door
[04Aug2026 17:24:44.424] [main/INFO] [Railways/MultiRegistryCallback/]: Running callback for create:sliding_door and railways:orange_folding_locometal_door
[04Aug2026 17:24:44.424] [main/INFO] [Railways/MultiRegistryCallback/]: Running callback for create:sliding_door and railways:white_folding_locometal_door
[04Aug2026 17:24:44.425] [main/INFO] [Railways/MultiRegistryCallback/]: Running callback for create:sliding_door and railways:yellow_sliding_locometal_door
[04Aug2026 17:24:44.425] [main/INFO] [Railways/MultiRegistryCallback/]: Running callback for create:sliding_door and railways:light_gray_sliding_locometal_door
[04Aug2026 17:24:44.425] [main/INFO] [Railways/MultiRegistryCallback/]: Running callback for create:sliding_door and railways:ochrum_sliding_locometal_door
[04Aug2026 17:24:44.425] [main/INFO] [Railways/MultiRegistryCallback/]: Running callback for create:sliding_door and railways:pink_folding_locometal_door
[04Aug2026 17:24:44.425] [main/INFO] [Railways/MultiRegistryCallback/]: Running callback for create:sliding_door and railways:purple_sliding_locometal_door
[04Aug2026 17:24:44.425] [main/INFO] [Railways/MultiRegistryCallback/]: Running callback for create:sliding_door and railways:red_folding_locometal_door
[04Aug2026 17:24:44.425] [main/INFO] [Railways/MultiRegistryCallback/]: Running callback for create:sliding_door and railways:limestone_sliding_locometal_door
[04Aug2026 17:24:44.425] [main/INFO] [Railways/MultiRegistryCallback/]: Running callback for create:sliding_door and railways:light_gray_folding_locometal_door
[04Aug2026 17:24:44.425] [main/INFO] [Railways/MultiRegistryCallback/]: Running callback for create:sliding_door and railways:vermilion_folding_locometal_door
[04Aug2026 17:24:44.425] [main/INFO] [Railways/MultiRegistryCallback/]: Running callback for create:sliding_door and railways:pink_sliding_locometal_door
[04Aug2026 17:24:44.425] [main/INFO] [Railways/MultiRegistryCallback/]: Running callback for create:sliding_door and railways:tuff_folding_locometal_door
[04Aug2026 17:24:44.425] [main/INFO] [Railways/MultiRegistryCallback/]: Running callback for create:sliding_door and railways:yellow_folding_locometal_door
[04Aug2026 17:24:44.425] [main/INFO] [Railways/MultiRegistryCallback/]: Running callback for create:sliding_door and railways:lime_sliding_locometal_door
[04Aug2026 17:24:44.425] [main/INFO] [Railways/MultiRegistryCallback/]: Running callback for create:sliding_door and railways:gray_sliding_locometal_door
[04Aug2026 17:24:44.425] [main/INFO] [Railways/MultiRegistryCallback/]: Running callback for create:sliding_door and railways:diorite_folding_locometal_door
[04Aug2026 17:24:44.425] [main/INFO] [Railways/MultiRegistryCallback/]: Running callback for create:sliding_door and railways:pine_green_sliding_locometal_door
[04Aug2026 17:24:44.425] [main/INFO] [Railways/MultiRegistryCallback/]: Running callback for create:sliding_door and railways:magenta_sliding_locometal_door
[04Aug2026 17:24:44.425] [main/INFO] [Railways/MultiRegistryCallback/]: Running callback for create:sliding_door and railways:brown_sliding_locometal_door
[04Aug2026 17:24:44.425] [main/INFO] [Railways/MultiRegistryCallback/]: Running callback for create:sliding_door and railways:light_blue_sliding_locometal_door
[04Aug2026 17:24:44.425] [main/INFO] [Railways/MultiRegistryCallback/]: Running callback for create:sliding_door and railways:magenta_folding_locometal_door
[04Aug2026 17:24:44.425] [main/INFO] [Railways/MultiRegistryCallback/]: Running callback for create:sliding_door and railways:scorchia_folding_locometal_door
[04Aug2026 17:24:44.425] [main/INFO] [Railways/MultiRegistryCallback/]: Running callback for create:sliding_door and railways:folding_locometal_door
[04Aug2026 17:24:44.426] [main/INFO] [Railways/MultiRegistryCallback/]: Running callback for create:sliding_door and railways:vermilion_sliding_locometal_door
[04Aug2026 17:24:44.426] [main/INFO] [Railways/MultiRegistryCallback/]: Running callback for create:sliding_door and railways:maroon_sliding_locometal_door
[04Aug2026 17:24:44.426] [main/INFO] [Railways/MultiRegistryCallback/]: Running callback for create:sliding_door and railways:purple_folding_locometal_door
[04Aug2026 17:24:44.426] [main/INFO] [Railways/MultiRegistryCallback/]: Running callback for create:sliding_door and railways:tuff_sliding_locometal_door
[04Aug2026 17:24:44.426] [main/INFO] [Railways/MultiRegistryCallback/]: Running callback for create:sliding_door and railways:gray_folding_locometal_door
[04Aug2026 17:24:44.426] [main/INFO] [Railways/MultiRegistryCallback/]: Running callback for create:sliding_door and railways:limestone_folding_locometal_door
[04Aug2026 17:24:44.426] [main/INFO] [Railways/MultiRegistryCallback/]: Running callback for create:sliding_door and railways:pine_green_folding_locometal_door
[04Aug2026 17:24:44.426] [main/INFO] [Railways/MultiRegistryCallback/]: Running callback for create:sliding_door and railways:orange_sliding_locometal_door
[04Aug2026 17:24:44.426] [main/INFO] [Railways/MultiRegistryCallback/]: Running callback for create:sliding_door and railways:ochrum_folding_locometal_door
[04Aug2026 17:24:44.426] [main/INFO] [Railways/MultiRegistryCallback/]: Running callback for create:sliding_door and railways:royal_blue_folding_locometal_door
[04Aug2026 17:24:44.426] [main/INFO] [Railways/MultiRegistryCallback/]: Running callback for create:sliding_door and railways:black_sliding_locometal_door
[04Aug2026 17:24:44.426] [main/INFO] [Railways/MultiRegistryCallback/]: Running callback for create:sliding_door and railways:sliding_locometal_door
[04Aug2026 17:24:44.426] [main/INFO] [Railways/MultiRegistryCallback/]: Running callback for create:sliding_door and railways:dripstone_folding_locometal_door
[04Aug2026 17:24:44.426] [main/INFO] [Railways/MultiRegistryCallback/]: Running callback for create:sliding_door and railways:light_blue_folding_locometal_door
[04Aug2026 17:24:44.426] [main/INFO] [Railways/MultiRegistryCallback/]: Running callback for create:sliding_door and railways:chartreuse_folding_locometal_door
[04Aug2026 17:24:44.426] [main/INFO] [Railways/MultiRegistryCallback/]: Running callback for create:sliding_door and railways:blue_sliding_locometal_door
[04Aug2026 17:24:44.426] [main/INFO] [Railways/MultiRegistryCallback/]: Running callback for create:sliding_door and railways:scorchia_sliding_locometal_door
[04Aug2026 17:24:44.426] [main/INFO] [Railways/MultiRegistryCallback/]: Running callback for create:sliding_door and railways:maroon_folding_locometal_door
[04Aug2026 17:24:44.426] [main/INFO] [Railways/MultiRegistryCallback/]: Running callback for create:sliding_door and railways:granite_sliding_locometal_door
[04Aug2026 17:24:44.426] [main/INFO] [Railways/MultiRegistryCallback/]: Running callback for create:sliding_door and railways:lime_folding_locometal_door
[04Aug2026 17:24:44.426] [main/INFO] [Railways/MultiRegistryCallback/]: Running callback for create:sliding_door and railways:royal_blue_sliding_locometal_door
[04Aug2026 17:24:44.426] [main/INFO] [Railways/MultiRegistryCallback/]: Running callback for create:sliding_door and railways:black_folding_locometal_door
[04Aug2026 17:24:44.427] [main/INFO] [Railways/MultiRegistryCallback/]: Running callback for create:sliding_door and railways:green_folding_locometal_door
[04Aug2026 17:24:44.427] [main/INFO] [Railways/MultiRegistryCallback/]: Running callback for create:sliding_door and railways:sea_green_folding_locometal_door
[04Aug2026 17:24:44.427] [main/INFO] [Railways/MultiRegistryCallback/]: Running callback for create:sliding_door and railways:brown_folding_locometal_door
[04Aug2026 17:24:44.427] [main/INFO] [Railways/MultiRegistryCallback/]: Running callback for create:sliding_door and railways:white_sliding_locometal_door
[04Aug2026 17:24:44.427] [main/INFO] [Railways/MultiRegistryCallback/]: Running callback for create:sliding_door and railways:olive_green_folding_locometal_door
[04Aug2026 17:24:44.427] [main/INFO] [Railways/MultiRegistryCallback/]: Running callback for create:sliding_door and railways:red_sliding_locometal_door
[04Aug2026 17:24:44.427] [main/INFO] [Railways/MultiRegistryCallback/]: Running callback for create:sliding_door and railways:diorite_sliding_locometal_door
[04Aug2026 17:24:44.427] [main/INFO] [Railways/MultiRegistryCallback/]: Running callback for create:sliding_door and railways:cyan_folding_locometal_door
[04Aug2026 17:24:44.427] [main/INFO] [Railways/MultiRegistryCallback/]: Running callback for create:sliding_door and railways:turquoise_sliding_locometal_door
[04Aug2026 17:24:44.427] [main/INFO] [Railways/MultiRegistryCallback/]: Running callback for create:sliding_door and railways:chartreuse_sliding_locometal_door
[04Aug2026 17:24:44.427] [main/INFO] [Railways/MultiRegistryCallback/]: Running callback for create:sliding_door and railways:olive_green_sliding_locometal_door
[04Aug2026 17:24:44.427] [main/INFO] [Railways/MultiRegistryCallback/]: Running callback for create:sliding_door and railways:sea_green_sliding_locometal_door
[04Aug2026 17:24:44.427] [main/INFO] [Railways/MultiRegistryCallback/]: Running callback for create:sliding_door and railways:dripstone_sliding_locometal_door
[04Aug2026 17:24:44.427] [main/INFO] [Railways/MultiRegistryCallback/]: Running callback for create:sliding_door and railways:cyan_sliding_locometal_door
[04Aug2026 17:24:44.427] [main/INFO] [Railways/MultiRegistryCallback/]: Running callback for create:sliding_door and railways:turquoise_folding_locometal_door
[04Aug2026 17:24:44.427] [main/INFO] [Railways/MultiRegistryCallback/]: Running callback for create:sliding_door and railways:blue_folding_locometal_door
[04Aug2026 17:24:44.427] [main/INFO] [Railways/MultiRegistryCallback/]: Running callback for create:copycat and railways:conductor_vent
[04Aug2026 17:24:45.055] [main/INFO] [Railways/MultiRegistryCallback/]: Running callback for create:track_signal and railways:track_signal_source
[04Aug2026 17:24:45.055] [main/INFO] [Railways/MultiRegistryCallback/]: Running finalizers
[04Aug2026 17:24:45.229] [main/WARN] [net.minecraftforge.registries.ForgeRegistry/REGISTRIES]: Registry forge:global_loot_modifier_serializers: The object RecordCodec[UnitDecoder[vectorwing.farmersdelight.common.loot.modifier.AddItemModifier$$Lambda$30485/0x00007c3ceb9e0240@d1bac69] * Field[conditions: passthrough[flatXmapped]] * Field[item: net.minecraftforge.registries.ForgeRegistry$RegistryCodec@48f3cef6] * OptionalFieldCodec[count: Int][xmapped]] has been registered twice for the same name farmersdelight:add_item.
[04Aug2026 17:24:45.229] [main/WARN] [net.minecraftforge.registries.ForgeRegistry/REGISTRIES]: Registry forge:global_loot_modifier_serializers: The object RecordCodec[UnitDecoder[vectorwing.farmersdelight.common.loot.modifier.ReplaceItemModifier$$Lambda$30490/0x00007c3ceb9e0d80@55587be4] * Field[conditions: passthrough[flatXmapped]] * Field[removed_item: net.minecraftforge.registries.ForgeRegistry$RegistryCodec@48f3cef6] * Field[added_item: net.minecraftforge.registries.ForgeRegistry$RegistryCodec@48f3cef6] * OptionalFieldCodec[count: Int][xmapped]] has been registered twice for the same name farmersdelight:replace_item.
[04Aug2026 17:24:45.229] [main/WARN] [net.minecraftforge.registries.ForgeRegistry/REGISTRIES]: Registry forge:global_loot_modifier_serializers: The object RecordCodec[UnitDecoder[vectorwing.farmersdelight.common.loot.modifier.AddLootTableModifier$$Lambda$30493/0x00007c3ceb9e1450@da2f802] * Field[conditions: passthrough[flatXmapped]] * Field[lootTable: String[comapFlatMapped]]] has been registered twice for the same name farmersdelight:add_loot_table.
[04Aug2026 17:24:45.229] [main/WARN] [net.minecraftforge.registries.ForgeRegistry/REGISTRIES]: Registry forge:global_loot_modifier_serializers: The object RecordCodec[UnitDecoder[vectorwing.farmersdelight.common.loot.modifier.PastrySlicingModifier$$Lambda$30496/0x00007c3ceb9e1b00@bc7b72f] * Field[conditions: passthrough[flatXmapped]] * Field[slice: net.minecraftforge.registries.ForgeRegistry$RegistryCodec@48f3cef6]] has been registered twice for the same name farmersdelight:pastry_slicing.
[04Aug2026 17:24:45.349] [main/WARN] [net.minecraft.network.syncher.SynchedEntityData/]: defineId called for: class net.mcreator.borninchaosv.entity.BabySpiderEntity from class net.mcreator.borninchaosv.entity.MotherSpiderEntity
[04Aug2026 17:24:45.656] [main/INFO] [STDOUT/]: [com.sighs.oneenoughenchantment.Config:updateCache:46]: updated

[04Aug2026 17:24:45.731] [main/INFO] [net.bananemdnsa.historystages.research.ResearchBoosterRegistry/]: [ResearchBooster] Loaded 0 booster entries
[04Aug2026 17:24:45.982] [Forge Version Check/INFO] [net.minecraftforge.fml.VersionChecker/]: [betterdays] Starting version check at https://raw.githubusercontent.com/wendall911/BetterDays/1.20.1/files/updates.json
[04Aug2026 17:24:45.997] [modloading-worker-0/INFO] [CorgiLib/]: Initializing network...
[04Aug2026 17:24:46.008] [modloading-worker-0/INFO] [com.samxel.mendingremover.Mendingremover/]: MendingRemover mod initialized - Mending disabled
[04Aug2026 17:24:46.011] [modloading-worker-0/INFO] [CorgiLib/]: Initialized network!
[04Aug2026 17:24:46.040] [Forge Version Check/INFO] [net.minecraftforge.fml.VersionChecker/]: [betterdays] Found status: UP_TO_DATE Current: 3.3.4.5 Target: null
[04Aug2026 17:24:46.040] [Forge Version Check/INFO] [net.minecraftforge.fml.VersionChecker/]: [majruszsdifficulty] Starting version check at https://raw.githubusercontent.com/Majrusz/MinecraftCommon/main/ProgressiveDifficulty/update.json
[04Aug2026 17:24:46.057] [Forge Version Check/INFO] [net.minecraftforge.fml.VersionChecker/]: [majruszsdifficulty] Found status: UP_TO_DATE Current: 1.9.10 Target: null
[04Aug2026 17:24:46.057] [Forge Version Check/INFO] [net.minecraftforge.fml.VersionChecker/]: [mr_dungeons_andtavernsancientcityoverhaul] Starting version check at https://api.modrinth.com/updates/DNuNq5bb/forge_updates.json
[04Aug2026 17:24:46.060] [modloading-worker-0/INFO] [com.chunksending.ChunkSending/]: chunksending mod initialized
[04Aug2026 17:24:46.091] [modloading-worker-0/INFO] [com.connectivity.Connectivity/]: Connectivity initialized
[04Aug2026 17:24:46.094] [modloading-worker-0/INFO] [necronomicon/]: File exists, reading config for elocindev.item_obliterator.forge.config.ConfigEntries.
[04Aug2026 17:24:46.095] [modloading-worker-0/INFO] [necronomicon/]: Config for elocindev.item_obliterator.forge.config.ConfigEntries read successfully.
[04Aug2026 17:24:46.098] [modloading-worker-0/INFO] [elocindev.item_obliterator.forge.ItemObliterator/]: Loaded Item Obliterator Config
[04Aug2026 17:24:46.119] [modloading-worker-0/INFO] [com.mongoose.royalvariations.RoyalVariations/]: Loading compat module for mod curios
[04Aug2026 17:24:46.128] [modloading-worker-0/WARN] [io.github.smokahs.culinarycompat.CulinaryCompat/]: Culinary Compat running without pamhc2foodcore, pamhc2crops, pamhc2trees, pamhc2foodextended. Install for all compat recipes/tags.
[04Aug2026 17:24:46.163] [modloading-worker-0/INFO] [xaero.lib.XaeroLib/]: Loading XaeroLib common 1/2!
[04Aug2026 17:24:46.219] [modloading-worker-0/INFO] [STDOUT/]: [toni.lib.TxniLib:onInitialize:75]: TxniLib onInitialize!
[04Aug2026 17:24:46.236] [modloading-worker-0/INFO] [com.yanny.ali.forge.platform.ForgePlatformHelper/]: Registered ALI plugin [ali] com.yanny.ali.plugin.Plugin
[04Aug2026 17:24:46.238] [modloading-worker-0/INFO] [com.yanny.ali.forge.platform.ForgePlatformHelper/]: Registered ALI plugin [lootjs] com.yanny.ali.lootjs.LootJsPlugin
[04Aug2026 17:24:46.238] [modloading-worker-0/INFO] [com.yanny.ali.forge.platform.ForgePlatformHelper/]: Registered ALI plugin [farmersdelight] com.yanny.ali.forge.plugin.mods.farmers_delight.Plugin
[04Aug2026 17:24:46.245] [modloading-worker-0/INFO] [com.yanny.ali.forge.platform.ForgePlatformHelper/]: Registered ALI plugin [forge] com.yanny.ali.forge.plugin.ForgePlugin
[04Aug2026 17:24:46.247] [modloading-worker-0/INFO] [com.yanny.ali.forge.platform.ForgePlatformHelper/]: Found 4 plugin(s)
[04Aug2026 17:24:46.247] [modloading-worker-0/INFO] [com.yanny.aci.manager.CorePluginManager/]: Registering common plugin data...
[04Aug2026 17:24:46.254] [modloading-worker-0/INFO] [com.yanny.ali.configuration.ConfigUtils/]: Loading configuration file /workspaces/lolaso2.0/servidor_minecraft/config/ali/ali_common.json
[04Aug2026 17:24:46.261] [Forge Version Check/INFO] [net.minecraftforge.fml.VersionChecker/]: [mr_dungeons_andtavernsancientcityoverhaul] Found status: OUTDATED Current: 1 Target: 1+mod
[04Aug2026 17:24:46.261] [Forge Version Check/INFO] [net.minecraftforge.fml.VersionChecker/]: [ipo] Starting version check at https://api.modrinth.com/updates/WQxwMPH5/forge_updates.json
[04Aug2026 17:24:46.355] [Forge Version Check/INFO] [net.minecraftforge.fml.VersionChecker/]: [ipo] Found status: UP_TO_DATE Current: 5 Target: null
[04Aug2026 17:24:46.355] [Forge Version Check/INFO] [net.minecraftforge.fml.VersionChecker/]: [farmersdelightcompat] Starting version check at https://api.modrinth.com/updates/bVyGNtz1/forge_updates.json
[04Aug2026 17:24:46.358] [modloading-worker-0/INFO] [com.yanny.aci.manager.ManagedRegistry/]: Registered 1 entity variants
[04Aug2026 17:24:46.358] [modloading-worker-0/INFO] [com.yanny.aci.manager.CorePluginManager/]: Registering common plugin data finished
[04Aug2026 17:24:46.392] [Forge Version Check/WARN] [net.minecraftforge.fml.VersionChecker/]: Failed to process update information
java.lang.NullPointerException: Cannot invoke "java.util.Map.get(Object)" because "promos" is null
	at net.minecraftforge.fml.VersionChecker$1.process(VersionChecker.java:192) ~[fmlcore-1.20.1-47.4.22.jar%23697!/:?]
	at java.lang.Iterable.forEach(Iterable.java:75) ~[?:?]
	at net.minecraftforge.fml.VersionChecker$1.run(VersionChecker.java:117) ~[fmlcore-1.20.1-47.4.22.jar%23697!/:?]
[04Aug2026 17:24:46.393] [Forge Version Check/INFO] [net.minecraftforge.fml.VersionChecker/]: [sound_physics_remastered] Starting version check at https://update.maxhenkel.de/forge/sound_physics_remastered
[04Aug2026 17:24:46.452] [Thread-1/INFO] [ModernFix/]: Please use /mfsrc to reload any changed mod config files
[04Aug2026 17:24:46.681] [modloading-worker-0/INFO] [com.sk89q.worldedit.extension.platform.PlatformManager/]: Got request to register class com.sk89q.worldedit.forge.ForgePlatform with WorldEdit [com.sk89q.worldedit.extension.platform.PlatformManager@2004f3dd]
[04Aug2026 17:24:46.688] [modloading-worker-0/INFO] [com.sk89q.worldedit.forge.ForgeWorldEdit/]: WorldEdit for Forge (version 7.2.15+6463-5ca4dff) is loaded
[04Aug2026 17:24:46.881] [main/INFO] [com.adonis.fluid.CreateFluid/]: Registered Create Enchantment Industry compatibility
[04Aug2026 17:24:46.882] [main/INFO] [com.adonis.fluid.CreateFluid/]: Registered Create Crafts & Additions compatibility
[04Aug2026 17:24:46.882] [main/INFO] [com.adonis.fluid.CreateFluid/]: Registered Create Diesel Generators compatibility
[04Aug2026 17:24:46.882] [main/INFO] [com.adonis.fluid.CreateFluid/]: Fluid interaction point compatibility initialized
[04Aug2026 17:24:46.889] [main/INFO] [ribbits/]: Registering Ribbit umbrella types...
[04Aug2026 17:24:46.889] [main/INFO] [ribbits/]: Registering Ribbit professions...
[04Aug2026 17:24:46.889] [main/INFO] [ribbits/]: Registering Ribbit instruments...
[04Aug2026 17:24:46.890] [main/INFO] [ribbits/]: Registering Ribbit data serializers...
[04Aug2026 17:24:46.905] [Forge Version Check/INFO] [net.minecraftforge.fml.VersionChecker/]: [sound_physics_remastered] Found status: AHEAD Current: 1.20.1-1.5.1 Target: null
[04Aug2026 17:24:46.905] [Forge Version Check/INFO] [net.minecraftforge.fml.VersionChecker/]: [trading_floor] Starting version check at https://raw.githubusercontent.com/cakeGit/Create-Trading-Floor/refs/heads/1.20.1/forge_updates.json
[04Aug2026 17:24:46.918] [Forge Version Check/INFO] [net.minecraftforge.fml.VersionChecker/]: [trading_floor] Found status: AHEAD Current: 2.0.5 Target: null
[04Aug2026 17:24:46.918] [Forge Version Check/INFO] [net.minecraftforge.fml.VersionChecker/]: [searchables] Starting version check at https://updates.blamejared.com/get?n=searchables&gv=1.20.1
[04Aug2026 17:24:46.933] [main/INFO] [Create: Trading Floor/]: Registering Advancements for: Create: Trading Floor
[04Aug2026 17:24:46.933] [main/INFO] [STDOUT/]: [com.sighs.oneenoughenchantment.Config:updateCache:46]: updated

[04Aug2026 17:24:46.946] [main/INFO] [com.upo.createeggproduction.ModStressValues/]: Successfully registered stress impact for: block.createeggproduction.egg_collector_block
[04Aug2026 17:24:46.948] [main/INFO] [com.finderfeed.fdlib.FDLib/]: Loading FD animations...
[04Aug2026 17:24:46.948] [main/INFO] [com.finderfeed.fdlib.FDLib/]: Loading animation: fdlib:testanim
[04Aug2026 17:24:46.957] [main/INFO] [com.finderfeed.fdlib.FDLib/]: FD Animations loaded!
[04Aug2026 17:24:46.957] [main/INFO] [com.finderfeed.fdlib.FDLib/]: Loading FD models...
[04Aug2026 17:24:46.957] [main/INFO] [com.finderfeed.fdlib.FDLib/]: Loading model: fdlib:test
[04Aug2026 17:24:46.965] [main/INFO] [com.finderfeed.fdlib.FDLib/]: Loading model: fdlib:test
[04Aug2026 17:24:46.965] [main/INFO] [com.finderfeed.fdlib.FDLib/]: FD Models loaded!
[04Aug2026 17:24:46.977] [main/INFO] [zeta/]: Common setup: Performing initial refresh of zeta's config on thread 'main'
[04Aug2026 17:24:46.978] [main/INFO] [zeta/]: 'zeta' is enabling Zeta's piston structure resolver.
[04Aug2026 17:24:46.979] [main/INFO] [zeta/]: Waiting for server start before accepting filewatcher changes to zeta's config
[04Aug2026 17:24:47.056] [main/INFO] [Framework/SYNCED_ENTITY_DATA]: Registered synced data key ntgl:aiming for minecraft:living_entity
[04Aug2026 17:24:47.056] [main/INFO] [Framework/SYNCED_ENTITY_DATA]: Registered synced data key ntgl:shooting_right for minecraft:living_entity
[04Aug2026 17:24:47.056] [main/INFO] [Framework/SYNCED_ENTITY_DATA]: Registered synced data key ntgl:shooting_left for minecraft:living_entity
[04Aug2026 17:24:47.056] [main/INFO] [Framework/SYNCED_ENTITY_DATA]: Registered synced data key ntgl:reloading_right for minecraft:living_entity
[04Aug2026 17:24:47.056] [main/INFO] [Framework/SYNCED_ENTITY_DATA]: Registered synced data key ntgl:reloading_left for minecraft:living_entity
[04Aug2026 17:24:47.056] [main/INFO] [Framework/SYNCED_ENTITY_DATA]: Registered synced data key ntgl:charging_right for minecraft:living_entity
[04Aug2026 17:24:47.056] [main/INFO] [Framework/SYNCED_ENTITY_DATA]: Registered synced data key ntgl:charging_left for minecraft:living_entity
[04Aug2026 17:24:47.056] [main/INFO] [Framework/SYNCED_ENTITY_DATA]: Registered synced data key ntgl:reload_start for minecraft:living_entity
[04Aug2026 17:24:47.056] [main/INFO] [Framework/SYNCED_ENTITY_DATA]: Registered synced data key ntgl:reload_end for minecraft:living_entity
[04Aug2026 17:24:47.056] [main/INFO] [Framework/SYNCED_ENTITY_DATA]: Registered synced data key ntgl:equip_right for minecraft:living_entity
[04Aug2026 17:24:47.056] [main/INFO] [Framework/SYNCED_ENTITY_DATA]: Registered synced data key ntgl:equip_left for minecraft:living_entity
[04Aug2026 17:24:47.056] [main/INFO] [Framework/SYNCED_ENTITY_DATA]: Registered synced data key ntgl:melee_right for minecraft:living_entity
[04Aug2026 17:24:47.056] [main/INFO] [Framework/SYNCED_ENTITY_DATA]: Registered synced data key ntgl:melee_left for minecraft:living_entity
[04Aug2026 17:24:47.057] [main/INFO] [Framework/SYNCED_ENTITY_DATA]: Registered synced data key ntgl:prepare_right for minecraft:living_entity
[04Aug2026 17:24:47.057] [main/INFO] [Framework/SYNCED_ENTITY_DATA]: Registered synced data key ntgl:prepare_left for minecraft:living_entity
[04Aug2026 17:24:47.057] [main/INFO] [Framework/SYNCED_ENTITY_DATA]: Registered synced data key ntgl:throw_right for minecraft:living_entity
[04Aug2026 17:24:47.057] [main/INFO] [Framework/SYNCED_ENTITY_DATA]: Registered synced data key ntgl:throw_left for minecraft:living_entity
[04Aug2026 17:24:47.057] [main/INFO] [Framework/SYNCED_ENTITY_DATA]: Registered synced data key ntgl:hold_right for minecraft:living_entity
[04Aug2026 17:24:47.057] [main/INFO] [Framework/SYNCED_ENTITY_DATA]: Registered synced data key ntgl:hold_left for minecraft:living_entity
[04Aug2026 17:24:47.184] [main/INFO] [terrablender/]: Registered region minecraft:overworld to index 0 for type OVERWORLD
[04Aug2026 17:24:47.184] [main/INFO] [terrablender/]: Registered region minecraft:nether to index 0 for type NETHER
[04Aug2026 17:24:47.184] [main/INFO] [terrablender/]: Registered region yungscavebiomes:overworld to index 1 for type OVERWORLD
[04Aug2026 17:24:47.263] [Forge Version Check/INFO] [net.minecraftforge.fml.VersionChecker/]: [searchables] Found status: BETA Current: 1.0.3 Target: 1.0.3
[04Aug2026 17:24:47.263] [Forge Version Check/INFO] [net.minecraftforge.fml.VersionChecker/]: [mr_dungeons_andtaverns] Starting version check at https://api.modrinth.com/updates/tpehi7ww/forge_updates.json
[04Aug2026 17:24:47.283] [main/INFO] [Moonlight/]: Initialized color sets in 70ms
[04Aug2026 17:24:47.284] [main/ERROR] [Moonlight/]: Fabric API detected! This is not a Fabric mod, so please dont report related issues to MoonlightLib or its dependant. This can usually happen with connector or when having a mod that does NOT have a proper Forge native implementation. This can easily lead to poor compatibility and issues. Proceed ar your own risk. 
 Mods that bundled Fabric API: [net.minecraftforge.fml.loading.moddiscovery.ModInfo@7f53fc38]
[04Aug2026 17:24:47.290] [main/INFO] [terrablender/]: Registered region quark:biome_provider to index 2 for type OVERWORLD
[04Aug2026 17:24:47.291] [main/INFO] [quark-zeta/]: Common setup: Performing initial refresh of quark's config on thread 'main'
[04Aug2026 17:24:47.303] [Forge Version Check/INFO] [net.minecraftforge.fml.VersionChecker/]: [mr_dungeons_andtaverns] Found status: OUTDATED Current: 3.0.3.f Target: 3.0.3.f+mod
[04Aug2026 17:24:47.303] [Forge Version Check/INFO] [net.minecraftforge.fml.VersionChecker/]: [mr_limesplatus_ending] Starting version check at https://api.modrinth.com/updates/MCnBYP0b/forge_updates.json
[04Aug2026 17:24:47.317] [main/INFO] [quark-zeta/]: Waiting for server start before accepting filewatcher changes to quark's config
[04Aug2026 17:24:47.375] [Forge Version Check/INFO] [net.minecraftforge.fml.VersionChecker/]: [mr_limesplatus_ending] Found status: OUTDATED Current: 1-v1.1.0c Target: 1.1.0c+mod
[04Aug2026 17:24:47.375] [Forge Version Check/INFO] [net.minecraftforge.fml.VersionChecker/]: [majruszlibrary] Starting version check at https://raw.githubusercontent.com/Majrusz/MinecraftCommon/main/Library/update.json
[04Aug2026 17:24:47.399] [main/INFO] [Supplementaries/]: Finished mod setup in: [29, 10, 0, 1, 0, 0, 17, 1] ms
[04Aug2026 17:24:47.404] [Forge Version Check/INFO] [net.minecraftforge.fml.VersionChecker/]: [majruszlibrary] Found status: AHEAD Current: 7.0.8 Target: null
[04Aug2026 17:24:47.404] [Forge Version Check/INFO] [net.minecraftforge.fml.VersionChecker/]: [radium] Starting version check at https://api.modrinth.com/updates/radium/forge_updates.json
[04Aug2026 17:24:47.435] [Forge Version Check/INFO] [net.minecraftforge.fml.VersionChecker/]: [radium] Found status: AHEAD Current: 0.12.4+git.26c9d8e Target: null
[04Aug2026 17:24:47.435] [Forge Version Check/INFO] [net.minecraftforge.fml.VersionChecker/]: [fastload] Starting version check at https://github.com/BumbleSoftware/Fastload/raw/Forge-1.20.1/updates.json
[04Aug2026 17:24:47.489] [Forge Version Check/INFO] [net.minecraftforge.fml.VersionChecker/]: [fastload] Found status: UP_TO_DATE Current: 3.4.0 Target: null
[04Aug2026 17:24:47.489] [Forge Version Check/INFO] [net.minecraftforge.fml.VersionChecker/]: [attributefix] Starting version check at https://updates.blamejared.com/get?n=attributefix&gv=1.20.1
[04Aug2026 17:24:47.532] [modloading-worker-0/INFO] [xaero.map.server.WorldMapServer/]: Loading Xaero's World Map - Stage 1/2 (Server)
[04Aug2026 17:24:47.533] [modloading-worker-0/INFO] [xaero.lib.XaeroLib/]: Loading XaeroLib server 1/2!
[04Aug2026 17:24:47.557] [main/INFO] [xaero.map.server.WorldMapServer/]: Loading Xaero's World Map - Stage 2/2 (Server)
[04Aug2026 17:24:47.558] [main/INFO] [xaero.lib.XaeroLib/]: Loading XaeroLib common 2/2!
[04Aug2026 17:24:47.559] [main/INFO] [xaero.lib.XaeroLib/]: Loading XaeroLib server 2/2!
[04Aug2026 17:24:47.589] [Forge Version Check/INFO] [net.minecraftforge.fml.VersionChecker/]: [attributefix] Found status: BETA Current: 21.0.5 Target: 21.0.5
[04Aug2026 17:24:47.589] [Forge Version Check/INFO] [net.minecraftforge.fml.VersionChecker/]: [forge] Starting version check at https://files.minecraftforge.net/net/minecraftforge/forge/promotions_slim.json
[04Aug2026 17:24:47.670] [Forge Version Check/INFO] [net.minecraftforge.fml.VersionChecker/]: [forge] Found status: AHEAD Current: 47.4.22 Target: null
[04Aug2026 17:24:47.670] [Forge Version Check/INFO] [net.minecraftforge.fml.VersionChecker/]: [mr_clifftree] Starting version check at https://api.modrinth.com/updates/59ypHk8x/forge_updates.json
[04Aug2026 17:24:47.743] [Forge Version Check/INFO] [net.minecraftforge.fml.VersionChecker/]: [mr_clifftree] Found status: OUTDATED Current: 1.7.2 Target: 1.7.2+mod
[04Aug2026 17:24:47.743] [Forge Version Check/INFO] [net.minecraftforge.fml.VersionChecker/]: [create_power_loader] Starting version check at https://raw.githubusercontent.com/hlysine/create_power_loader/main/update.json
[04Aug2026 17:24:47.756] [Forge Version Check/INFO] [net.minecraftforge.fml.VersionChecker/]: [create_power_loader] Found status: UP_TO_DATE Current: 2.0.3-mc1.20.1 Target: null
[04Aug2026 17:24:47.756] [Forge Version Check/INFO] [net.minecraftforge.fml.VersionChecker/]: [aquamirae] Starting version check at https://raw.githubusercontent.com/ObscuriaLithium/modding/main/versions/aquamirae.json
[04Aug2026 17:24:47.766] [Forge Version Check/INFO] [net.minecraftforge.fml.VersionChecker/]: [aquamirae] Found status: OUTDATED Current: 6.4.0 Target: 7.1.10
[04Aug2026 17:24:47.766] [Forge Version Check/INFO] [net.minecraftforge.fml.VersionChecker/]: [controlling] Starting version check at https://updates.blamejared.com/get?n=controlling&gv=1.20.1
[04Aug2026 17:24:47.850] [modloading-worker-0/INFO] [AttributeFix/]: Loaded values for 46 compatible attributes.
[04Aug2026 17:24:47.856] [modloading-worker-0/WARN] [AttributeFix/]: Attribute ID 'unionlib:generic.arrow_velocity' does not belong to a known attribute. This entry will be ignored.
[04Aug2026 17:24:47.857] [modloading-worker-0/WARN] [AttributeFix/]: Attribute ID 'protection_pixel:suspension' does not belong to a known attribute. This entry will be ignored.
[04Aug2026 17:24:47.857] [modloading-worker-0/WARN] [AttributeFix/]: Attribute ID 'protection_pixel:jumpboost' does not belong to a known attribute. This entry will be ignored.
[04Aug2026 17:24:47.857] [modloading-worker-0/WARN] [AttributeFix/]: Attribute ID 'protection_pixel:effectclear' does not belong to a known attribute. This entry will be ignored.
[04Aug2026 17:24:47.857] [modloading-worker-0/WARN] [AttributeFix/]: Attribute ID 'protection_pixel:highspeeddamageincrease' does not belong to a known attribute. This entry will be ignored.
[04Aug2026 17:24:47.858] [modloading-worker-0/WARN] [AttributeFix/]: Attribute ID 'protection_pixel:falldamagereduction' does not belong to a known attribute. This entry will be ignored.
[04Aug2026 17:24:47.858] [modloading-worker-0/WARN] [AttributeFix/]: Attribute ID 'protection_pixel:dynamicentityperception' does not belong to a known attribute. This entry will be ignored.
[04Aug2026 17:24:47.859] [modloading-worker-0/WARN] [AttributeFix/]: Attribute ID 'protection_pixel:fogperspective' does not belong to a known attribute. This entry will be ignored.
[04Aug2026 17:24:47.859] [modloading-worker-0/WARN] [AttributeFix/]: Attribute ID 'unionlib:generic.critical_rate' does not belong to a known attribute. This entry will be ignored.
[04Aug2026 17:24:47.863] [modloading-worker-0/WARN] [AttributeFix/]: Attribute ID 'protection_pixel:drone' does not belong to a known attribute. This entry will be ignored.
[04Aug2026 17:24:47.863] [modloading-worker-0/WARN] [AttributeFix/]: Attribute ID 'protection_pixel:prostheticattack' does not belong to a known attribute. This entry will be ignored.
[04Aug2026 17:24:47.863] [modloading-worker-0/WARN] [AttributeFix/]: Attribute ID 'protection_pixel:hellfire' does not belong to a known attribute. This entry will be ignored.
[04Aug2026 17:24:47.863] [modloading-worker-0/WARN] [AttributeFix/]: Attribute ID 'protection_pixel:neutrality' does not belong to a known attribute. This entry will be ignored.
[04Aug2026 17:24:47.863] [modloading-worker-0/WARN] [AttributeFix/]: Attribute ID 'protection_pixel:breathinswimming' does not belong to a known attribute. This entry will be ignored.
[04Aug2026 17:24:47.863] [modloading-worker-0/WARN] [AttributeFix/]: Attribute ID 'protection_pixel:shielda' does not belong to a known attribute. This entry will be ignored.
[04Aug2026 17:24:47.863] [modloading-worker-0/WARN] [AttributeFix/]: Attribute ID 'protection_pixel:rocketassist' does not belong to a known attribute. This entry will be ignored.
[04Aug2026 17:24:47.863] [modloading-worker-0/WARN] [AttributeFix/]: Attribute ID 'reach-entity-attributes:attack_range' does not belong to a known attribute. This entry will be ignored.
[04Aug2026 17:24:47.864] [modloading-worker-0/WARN] [AttributeFix/]: Attribute ID 'unionlib:generic.accuracy' does not belong to a known attribute. This entry will be ignored.
[04Aug2026 17:24:47.864] [modloading-worker-0/WARN] [AttributeFix/]: Attribute ID 'protection_pixel:arrowmarking' does not belong to a known attribute. This entry will be ignored.
[04Aug2026 17:24:47.864] [modloading-worker-0/WARN] [AttributeFix/]: Attribute ID 'protection_pixel:magneticrange' does not belong to a known attribute. This entry will be ignored.
[04Aug2026 17:24:47.864] [modloading-worker-0/WARN] [AttributeFix/]: Attribute ID 'puffish_attributes:stamina' does not belong to a known attribute. This entry will be ignored.
[04Aug2026 17:24:47.865] [modloading-worker-0/WARN] [AttributeFix/]: Attribute ID 'protection_pixel:pneumaticpickaxea' does not belong to a known attribute. This entry will be ignored.
[04Aug2026 17:24:47.867] [modloading-worker-0/WARN] [AttributeFix/]: Attribute ID 'protection_pixel:magicdamagereduction' does not belong to a known attribute. This entry will be ignored.
[04Aug2026 17:24:47.867] [modloading-worker-0/WARN] [AttributeFix/]: Attribute ID 'reach-entity-attributes:reach' does not belong to a known attribute. This entry will be ignored.
[04Aug2026 17:24:47.867] [modloading-worker-0/WARN] [AttributeFix/]: Attribute ID 'protection_pixel:floatshieldattribute' does not belong to a known attribute. This entry will be ignored.
[04Aug2026 17:24:47.867] [modloading-worker-0/WARN] [AttributeFix/]: Attribute ID 'unionlib:generic.arrow_damage' does not belong to a known attribute. This entry will be ignored.
[04Aug2026 17:24:47.868] [modloading-worker-0/WARN] [AttributeFix/]: Attribute ID 'protection_pixel:weakradiation' does not belong to a known attribute. This entry will be ignored.
[04Aug2026 17:24:47.868] [modloading-worker-0/WARN] [AttributeFix/]: Attribute ID 'minecraft:player.block_break_speed' does not belong to a known attribute. This entry will be ignored.
[04Aug2026 17:24:47.870] [modloading-worker-0/INFO] [STDOUT/]: [com.mrh0.createaddition.CreateAddition:postInit:136]: Create Crafts & Additions Initialized!
[04Aug2026 17:24:47.870] [modloading-worker-0/WARN] [AttributeFix/]: Attribute ID 'protection_pixel:burnreduction' does not belong to a known attribute. This entry will be ignored.
[04Aug2026 17:24:47.870] [modloading-worker-0/WARN] [AttributeFix/]: Attribute ID 'protection_pixel:cleave' does not belong to a known attribute. This entry will be ignored.
[04Aug2026 17:24:47.870] [modloading-worker-0/WARN] [AttributeFix/]: Attribute ID 'unionlib:generic.critical_damage' does not belong to a known attribute. This entry will be ignored.
[04Aug2026 17:24:47.870] [modloading-worker-0/WARN] [AttributeFix/]: Attribute ID 'autoleveling:monster.explosion_damage_bonus' does not belong to a known attribute. This entry will be ignored.
[04Aug2026 17:24:47.870] [modloading-worker-0/WARN] [AttributeFix/]: Attribute ID 'protection_pixel:arrowbarrier' does not belong to a known attribute. This entry will be ignored.
[04Aug2026 17:24:47.870] [modloading-worker-0/WARN] [AttributeFix/]: Attribute ID 'protection_pixel:magneticattracttarget' does not belong to a known attribute. This entry will be ignored.
[04Aug2026 17:24:47.870] [modloading-worker-0/WARN] [AttributeFix/]: Attribute ID 'protection_pixel:healthconversion' does not belong to a known attribute. This entry will be ignored.
[04Aug2026 17:24:47.870] [modloading-worker-0/WARN] [AttributeFix/]: Attribute ID 'autoleveling:monster.projectile_damage_bonus' does not belong to a known attribute. This entry will be ignored.
[04Aug2026 17:24:47.870] [modloading-worker-0/WARN] [AttributeFix/]: Attribute ID 'protection_pixel:preventburial' does not belong to a known attribute. This entry will be ignored.
[04Aug2026 17:24:47.870] [modloading-worker-0/WARN] [AttributeFix/]: Attribute ID 'unionlib:generic.draw_speed' does not belong to a known attribute. This entry will be ignored.
[04Aug2026 17:24:47.870] [modloading-worker-0/INFO] [AttributeFix/]: Loaded 84 values from config.
[04Aug2026 17:24:47.877] [Forge Version Check/INFO] [net.minecraftforge.fml.VersionChecker/]: [controlling] Found status: BETA Current: 12.0.2 Target: 12.0.2
[04Aug2026 17:24:47.880] [Forge Version Check/INFO] [net.minecraftforge.fml.VersionChecker/]: [bookshelf] Starting version check at https://updates.blamejared.com/get?n=bookshelf&gv=1.20.1
[04Aug2026 17:24:47.900] [modloading-worker-0/INFO] [AttributeFix/]: Saving config file. 84 entries.
[04Aug2026 17:24:47.901] [modloading-worker-0/INFO] [AttributeFix/]: Applying changes for 84 attributes.
[04Aug2026 17:24:47.914] [modloading-worker-0/INFO] [Jade/]: Start loading plugin at io.github.mortuusars.exposure.integration.jade.ExposureJadePlugin
[04Aug2026 17:24:47.920] [modloading-worker-0/INFO] [Jade/]: Start loading plugin at snownee.jade.addon.JadeAddonsBase
[04Aug2026 17:24:47.937] [modloading-worker-0/INFO] [Jade/]: Start loading plugin at snownee.kiwi.customization.compat.jade.JadeCompat
[04Aug2026 17:24:47.939] [modloading-worker-0/INFO] [Jade/]: Start loading plugin at ht.treechop.compat.Jade
[04Aug2026 17:24:47.942] [modloading-worker-0/INFO] [Jade/]: Start loading plugin at de.theidler.create_mobile_packages.compat.jade.JadePlugin
[04Aug2026 17:24:47.943] [modloading-worker-0/INFO] [Jade/]: Start loading plugin at dev.kvnmtz.createmobspawners.compat.waila.CreateMobSpawnersWailaPlugin
[04Aug2026 17:24:47.949] [modloading-worker-0/INFO] [Jade/]: Start loading plugin at snownee.jade.addon.vanilla.VanillaPlugin
[04Aug2026 17:24:47.986] [Forge Version Check/INFO] [net.minecraftforge.fml.VersionChecker/]: [bookshelf] Found status: BETA Current: 20.2.15 Target: 20.2.15
[04Aug2026 17:24:47.988] [Forge Version Check/INFO] [net.minecraftforge.fml.VersionChecker/]: [create_connected] Starting version check at https://raw.githubusercontent.com/hlysine/create_connected/main/update.json
[04Aug2026 17:24:47.991] [modloading-worker-0/INFO] [Jade/]: Start loading plugin at snownee.jade.addon.universal.UniversalPlugin
[04Aug2026 17:24:47.997] [modloading-worker-0/INFO] [Jade/]: Start loading plugin at snownee.jade.addon.core.CorePlugin
[04Aug2026 17:24:47.998] [modloading-worker-0/INFO] [Jade/]: Start loading plugin at net.bananemdnsa.historystages.jade.JadePlugin
[04Aug2026 17:24:47.999] [modloading-worker-0/INFO] [Jade/]: Start loading plugin at net.mehvahdjukaar.supplementaries.integration.JadeCompat
[04Aug2026 17:24:48.005] [Forge Version Check/INFO] [net.minecraftforge.fml.VersionChecker/]: [create_connected] Found status: UP_TO_DATE Current: 1.2.3-mc1.20.1 Target: null
[04Aug2026 17:24:48.005] [Forge Version Check/INFO] [net.minecraftforge.fml.VersionChecker/]: [anvianslib] Starting version check at https://api.modrinth.com/updates/PuTjrq4T/forge_updates.json
[04Aug2026 17:24:48.027] [main/INFO] [citadel/]: adding citadel surface rules via terrablender...
[04Aug2026 17:24:48.029] [main/INFO] [citadel/]: Added 0 vanilla biome surface rule types via terrablender
[04Aug2026 17:24:48.029] [main/INFO] [citadel/]: Added 0 modded biome surface rule types via terrablender
[04Aug2026 17:24:48.082] [Forge Version Check/INFO] [net.minecraftforge.fml.VersionChecker/]: [anvianslib] Found status: UP_TO_DATE Current: 1.4.2 Target: null
[04Aug2026 17:24:48.082] [Forge Version Check/INFO] [net.minecraftforge.fml.VersionChecker/]: [bedbenefits] Starting version check at https://updates.blamejared.com/get?n=bedbenefits&gv=1.20.1
[04Aug2026 17:24:48.184] [Forge Version Check/INFO] [net.minecraftforge.fml.VersionChecker/]: [bedbenefits] Found status: BETA Current: 13.0.4 Target: 13.0.4
[04Aug2026 17:24:48.184] [Forge Version Check/INFO] [net.minecraftforge.fml.VersionChecker/]: [copycats] Starting version check at https://raw.githubusercontent.com/copycats-plus/copycats/multiloader/update.json
[04Aug2026 17:24:48.199] [Forge Version Check/INFO] [net.minecraftforge.fml.VersionChecker/]: [copycats] Found status: AHEAD Current: 3.0.7+mc.1.20.1-forge Target: null
[04Aug2026 17:24:48.199] [Forge Version Check/INFO] [net.minecraftforge.fml.VersionChecker/]: [sliceanddice] Starting version check at https://api.modrinth.com/updates/slice-and-dice/forge_updates.json
[04Aug2026 17:24:48.231] [Forge Version Check/INFO] [net.minecraftforge.fml.VersionChecker/]: [sliceanddice] Found status: UP_TO_DATE Current: 3.6.0 Target: null
[04Aug2026 17:24:48.231] [Forge Version Check/INFO] [net.minecraftforge.fml.VersionChecker/]: [create_ltab] Starting version check at https://api.modrinth.com/updates/create-let-the-adventure-begin/forge_updates.json
[04Aug2026 17:24:48.272] [Forge Version Check/INFO] [net.minecraftforge.fml.VersionChecker/]: [create_ltab] Found status: OUTDATED Current: 4.0.0 Target: 4.0.3
[04Aug2026 17:24:48.272] [Forge Version Check/INFO] [net.minecraftforge.fml.VersionChecker/]: [configured] Starting version check at https://mrcrayfish.com/modupdatejson?id=configured
[04Aug2026 17:24:48.389] [Forge Version Check/WARN] [net.minecraftforge.fml.VersionChecker/]: Failed to process update information
com.google.gson.JsonSyntaxException: java.lang.IllegalStateException: Expected BEGIN_OBJECT but was STRING at line 1 column 1 path $
	at com.google.gson.Gson.fromJson(Gson.java:1226) ~[gson-2.10.jar%2370!/:?]
	at com.google.gson.Gson.fromJson(Gson.java:1124) ~[gson-2.10.jar%2370!/:?]
	at com.google.gson.Gson.fromJson(Gson.java:1034) ~[gson-2.10.jar%2370!/:?]
	at com.google.gson.Gson.fromJson(Gson.java:969) ~[gson-2.10.jar%2370!/:?]
	at net.minecraftforge.fml.VersionChecker$1.process(VersionChecker.java:186) ~[fmlcore-1.20.1-47.4.22.jar%23697!/:?]
	at java.lang.Iterable.forEach(Iterable.java:75) ~[?:?]
	at net.minecraftforge.fml.VersionChecker$1.run(VersionChecker.java:117) ~[fmlcore-1.20.1-47.4.22.jar%23697!/:?]
Caused by: java.lang.IllegalStateException: Expected BEGIN_OBJECT but was STRING at line 1 column 1 path $
	at com.google.gson.stream.JsonReader.beginObject(JsonReader.java:393) ~[gson-2.10.jar%2370!/:?]
	at com.google.gson.internal.bind.MapTypeAdapterFactory$Adapter.read(MapTypeAdapterFactory.java:182) ~[gson-2.10.jar%2370!/:?]
	at com.google.gson.internal.bind.MapTypeAdapterFactory$Adapter.read(MapTypeAdapterFactory.java:144) ~[gson-2.10.jar%2370!/:?]
	at com.google.gson.Gson.fromJson(Gson.java:1214) ~[gson-2.10.jar%2370!/:?]
	... 6 more
[04Aug2026 17:24:48.390] [Forge Version Check/INFO] [net.minecraftforge.fml.VersionChecker/]: [smoothboot] Starting version check at https://github.com/AbdElAziz333/SmoothBoot-Reloaded/raw/mc1.20.1/dev/updates.json
[04Aug2026 17:24:48.425] [Forge Version Check/WARN] [net.minecraftforge.fml.VersionChecker/]: Failed to process update information
com.google.gson.JsonSyntaxException: java.lang.IllegalStateException: Expected BEGIN_OBJECT but was STRING at line 9 column 1 path $
	at com.google.gson.Gson.fromJson(Gson.java:1226) ~[gson-2.10.jar%2370!/:?]
	at com.google.gson.Gson.fromJson(Gson.java:1124) ~[gson-2.10.jar%2370!/:?]
	at com.google.gson.Gson.fromJson(Gson.java:1034) ~[gson-2.10.jar%2370!/:?]
	at com.google.gson.Gson.fromJson(Gson.java:969) ~[gson-2.10.jar%2370!/:?]
	at net.minecraftforge.fml.VersionChecker$1.process(VersionChecker.java:186) ~[fmlcore-1.20.1-47.4.22.jar%23697!/:?]
	at java.lang.Iterable.forEach(Iterable.java:75) ~[?:?]
	at net.minecraftforge.fml.VersionChecker$1.run(VersionChecker.java:117) ~[fmlcore-1.20.1-47.4.22.jar%23697!/:?]
Caused by: java.lang.IllegalStateException: Expected BEGIN_OBJECT but was STRING at line 9 column 1 path $
	at com.google.gson.stream.JsonReader.beginObject(JsonReader.java:393) ~[gson-2.10.jar%2370!/:?]
	at com.google.gson.internal.bind.MapTypeAdapterFactory$Adapter.read(MapTypeAdapterFactory.java:182) ~[gson-2.10.jar%2370!/:?]
	at com.google.gson.internal.bind.MapTypeAdapterFactory$Adapter.read(MapTypeAdapterFactory.java:144) ~[gson-2.10.jar%2370!/:?]
	at com.google.gson.Gson.fromJson(Gson.java:1214) ~[gson-2.10.jar%2370!/:?]
	... 6 more
[04Aug2026 17:24:48.426] [Forge Version Check/INFO] [net.minecraftforge.fml.VersionChecker/]: [iceberg] Starting version check at https://mc-update-check.anthonyhilyard.com/520110
[04Aug2026 17:24:49.053] [main/INFO] [com.mojang.authlib.yggdrasil.YggdrasilAuthenticationService/]: Environment: authHost='https://authserver.mojang.com', accountsHost='https://api.mojang.com', sessionHost='https://sessionserver.mojang.com', servicesHost='https://api.minecraftservices.com', name='PROD'
[04Aug2026 17:24:49.309] [main/INFO] [rechiseled/]: 1 chiseling plugins were registered: [rechiseled:datapacks]
[04Aug2026 17:24:50.299] [main/INFO] [com.mojang.datafixers.DataFixerBuilder/]: 0 Datafixer optimizations took 0 milliseconds
[04Aug2026 17:24:50.320] [main/WARN] [net.minecraft.server.packs.VanillaPackResourcesBuilder/]: Assets URL 'union:/workspaces/lolaso2.0/servidor_minecraft/libraries/net/minecraft/server/1.20.1-20230612.114412/server-1.20.1-20230612.114412-srg.jar%23696!/assets/.mcassetsroot' uses unexpected schema
[04Aug2026 17:24:50.321] [main/WARN] [net.minecraft.server.packs.VanillaPackResourcesBuilder/]: Assets URL 'union:/workspaces/lolaso2.0/servidor_minecraft/libraries/net/minecraft/server/1.20.1-20230612.114412/server-1.20.1-20230612.114412-srg.jar%23696!/data/.mcassetsroot' uses unexpected schema
[04Aug2026 17:24:50.696] [main/INFO] [com.simibubi.create.Create/]: Created 281 recipes which will be injected into the game
[04Aug2026 17:24:50.702] [main/INFO] [com.simibubi.create.Create/]: Created 2 tags which will be injected into the game
[04Aug2026 17:24:50.916] [main/INFO] [End's Phantasm/]: [Phantasm] Loading Configs for Phantasm
[04Aug2026 17:24:50.917] [main/WARN] [End's Phantasm/]: [Phantasm] Couldn't find config value for path : "[dreaming_den, entities, behemoth, snoring_volume]", defaulting to 1
[04Aug2026 17:24:51.868] [main/INFO] [End's Phantasm/]: [Phantasm] Loading Configs for Phantasm
[04Aug2026 17:24:51.869] [main/WARN] [End's Phantasm/]: [Phantasm] Couldn't find config value for path : "[dreaming_den, entities, behemoth, snoring_volume]", defaulting to 1
[04Aug2026 17:24:51.899] [main/INFO] [KubeJS Server/]: example.js#5: Hello, World! (Loaded server scripts)
[04Aug2026 17:24:51.900] [main/INFO] [KubeJS Server/]: Loaded script server_scripts:example.js in 0.001 s
[04Aug2026 17:24:51.900] [main/INFO] [KubeJS Server/]: Loaded 1/1 KubeJS server scripts in 0.019 s with 0 errors and 0 warnings
[04Aug2026 17:24:51.900] [main/INFO] [KubeJS Server/]: Scripts loaded
[04Aug2026 17:24:51.917] [main/INFO] [com.teamabnormals.blueprint.core.Blueprint/]: Successfully loaded 0 data remolders!
[04Aug2026 17:24:51.923] [main/INFO] [Moonlight/]: Starting runtime resource generation for pack type SERVER_DATA with generators from mods [supplementaries]: [net.mehvahdjukaar.supplementaries.dynamicpack.ServerDynamicResourcesGenerator@53904789]
[04Aug2026 17:24:51.924] [main/INFO] [Moonlight/]: Generating runtime assets for pack Supplementaries Generated Pack (supplementaries)
[04Aug2026 17:24:51.959] [main/INFO] [Supplementaries/]: Generated runtime SERVER_DATA for pack Supplementaries Generated Pack (supplementaries) in: 34 ms (multithreaded)
[04Aug2026 17:24:51.959] [main/INFO] [Moonlight/]: Finished runtime resources generation for 1 packs in a total of 35 ms
[04Aug2026 17:24:53.106] [main/INFO] [com.cupboard.Cupboard/]: Loaded config for: connectivity.json
[04Aug2026 17:24:53.524] [main/INFO] [End's Phantasm/]: [Phantasm] Applying configured data: minecraft:worldgen/noise_settings/end.json
[04Aug2026 17:24:53.890] [main/INFO] [Cold Sweat/]: Skipping registration of cold_sweat:world/temp_region cold_sweat:cold_sweat/world/temp_region/compat/default_aether.json: required mods not met
[04Aug2026 17:24:53.902] [main/INFO] [Cold Sweat/]: Skipping registration of cold_sweat:item/insulator cold_sweat:cold_sweat/item/insulator/ad_astra/jet_suit/jet_suit.json: required mods not met
[04Aug2026 17:24:53.903] [main/INFO] [Cold Sweat/]: Skipping registration of cold_sweat:item/insulator cold_sweat:cold_sweat/item/insulator/ad_astra/jet_suit/jet_suit_boots.json: required mods not met
[04Aug2026 17:24:53.903] [main/INFO] [Cold Sweat/]: Skipping registration of cold_sweat:item/insulator cold_sweat:cold_sweat/item/insulator/ad_astra/jet_suit/jet_suit_helmet.json: required mods not met
[04Aug2026 17:24:53.903] [main/INFO] [Cold Sweat/]: Skipping registration of cold_sweat:item/insulator cold_sweat:cold_sweat/item/insulator/ad_astra/jet_suit/jet_suit_pants.json: required mods not met
[04Aug2026 17:24:53.904] [main/INFO] [Cold Sweat/]: Skipping registration of cold_sweat:item/insulator cold_sweat:cold_sweat/item/insulator/ad_astra/netherite_space_suit/netherite_space_boots.json: required mods not met
[04Aug2026 17:24:53.904] [main/INFO] [Cold Sweat/]: Skipping registration of cold_sweat:item/insulator cold_sweat:cold_sweat/item/insulator/ad_astra/netherite_space_suit/netherite_space_helmet.json: required mods not met
[04Aug2026 17:24:53.904] [main/INFO] [Cold Sweat/]: Skipping registration of cold_sweat:item/insulator cold_sweat:cold_sweat/item/insulator/ad_astra/netherite_space_suit/netherite_space_pants.json: required mods not met
[04Aug2026 17:24:53.904] [main/INFO] [Cold Sweat/]: Skipping registration of cold_sweat:item/insulator cold_sweat:cold_sweat/item/insulator/ad_astra/netherite_space_suit/netherite_space_suit.json: required mods not met
[04Aug2026 17:24:53.904] [main/INFO] [Cold Sweat/]: Skipping registration of cold_sweat:item/insulator cold_sweat:cold_sweat/item/insulator/ad_astra/space_suit/space_boots.json: required mods not met
[04Aug2026 17:24:53.904] [main/INFO] [Cold Sweat/]: Skipping registration of cold_sweat:item/insulator cold_sweat:cold_sweat/item/insulator/ad_astra/space_suit/space_helmet.json: required mods not met
[04Aug2026 17:24:53.905] [main/INFO] [Cold Sweat/]: Skipping registration of cold_sweat:item/insulator cold_sweat:cold_sweat/item/insulator/ad_astra/space_suit/space_pants.json: required mods not met
[04Aug2026 17:24:53.905] [main/INFO] [Cold Sweat/]: Skipping registration of cold_sweat:item/insulator cold_sweat:cold_sweat/item/insulator/ad_astra/space_suit/space_suit.json: required mods not met
[04Aug2026 17:24:53.911] [main/INFO] [Cold Sweat/]: Skipping registration of cold_sweat:item/insulator cold_sweat:cold_sweat/item/insulator/irons_spells/fireward_ring.json: required mods not met
[04Aug2026 17:24:53.911] [main/INFO] [Cold Sweat/]: Skipping registration of cold_sweat:item/insulator cold_sweat:cold_sweat/item/insulator/irons_spells/frostward_ring.json: required mods not met
[04Aug2026 17:24:53.914] [main/INFO] [Cold Sweat/]: Skipping registration of cold_sweat:entity/entity_temp cold_sweat:cold_sweat/entity/entity_temp/boatload/furnace_boat.json: required mods not met
[04Aug2026 17:24:53.915] [main/INFO] [Cold Sweat/]: Skipping registration of cold_sweat:entity/entity_temp cold_sweat:cold_sweat/entity/entity_temp/soul_fire_d/on_normal_fire.json: required mods not met
[04Aug2026 17:24:53.915] [main/INFO] [Cold Sweat/]: Skipping registration of cold_sweat:entity/entity_temp cold_sweat:cold_sweat/entity/entity_temp/soul_fire_d/on_soul_fire.json: required mods not met
[04Aug2026 17:24:53.919] [main/INFO] [Cold Sweat/]: Skipping registration of cold_sweat:world/dimension_temp cold_sweat:cold_sweat/world/dimension_temp/adastra/glacio.json: required mods not met
[04Aug2026 17:24:53.920] [main/INFO] [Cold Sweat/]: Skipping registration of cold_sweat:world/dimension_temp cold_sweat:cold_sweat/world/dimension_temp/adastra/mars.json: required mods not met
[04Aug2026 17:24:53.920] [main/INFO] [Cold Sweat/]: Skipping registration of cold_sweat:world/dimension_temp cold_sweat:cold_sweat/world/dimension_temp/adastra/mercury.json: required mods not met
[04Aug2026 17:24:53.920] [main/INFO] [Cold Sweat/]: Skipping registration of cold_sweat:world/dimension_temp cold_sweat:cold_sweat/world/dimension_temp/adastra/moon.json: required mods not met
[04Aug2026 17:24:53.920] [main/INFO] [Cold Sweat/]: Skipping registration of cold_sweat:world/dimension_temp cold_sweat:cold_sweat/world/dimension_temp/adastra/orbit.json: required mods not met
[04Aug2026 17:24:53.920] [main/INFO] [Cold Sweat/]: Skipping registration of cold_sweat:world/dimension_temp cold_sweat:cold_sweat/world/dimension_temp/adastra/venus.json: required mods not met
[04Aug2026 17:24:54.079] [main/INFO] [End's Phantasm/]: [Phantasm] Applying configured data: minecraft:dimension/the_end.json
[04Aug2026 17:24:54.081] [main/INFO] [End's Phantasm/]: [Phantasm] Adding phantasm:dreaming_den to the End biome source at slice 1 out of 2
[04Aug2026 17:24:54.081] [main/INFO] [End's Phantasm/]: [Phantasm] Adding phantasm:acidburnt_abysses to the End biome source at slice 2 out of 2
[04Aug2026 17:24:54.770] [main/INFO] [Vinery/]: Registered /wine command
[04Aug2026 17:24:55.203] [main/INFO] [com.sk89q.worldedit.extension.platform.PlatformCommandManager/]: Registering commands with com.sk89q.worldedit.forge.ForgePlatform
[04Aug2026 17:24:55.333] [main/INFO] [Eco Stack Manager/]: 🌐 Register Eco Stack Manager  Commands ...
[04Aug2026 17:24:55.334] [main/INFO] [Eco Stack Manager/]: 🌐 Register Eco Stack Manager  /eco_stack_manager commands for Eco Stack Manager ...
[04Aug2026 17:24:55.517] [Worker-Main-8/ERROR] [net.minecraft.tags.TagLoader/]: Couldn't load tag minecraft:treasure as it is missing following references: minecraft:mending (from create_ltab-4.0.3.jar), 
	create_ltab:enchantment_luck (from create_ltab-4.0.3.jar), 
	create_ltab:wanderer (from create_ltab-4.0.3.jar), 
	minecraft:wind_burst (from create_ltab-4.0.3.jar)
[04Aug2026 17:24:55.518] [Worker-Main-8/ERROR] [net.minecraft.tags.TagLoader/]: Couldn't load tag minecraft:tradeable as it is missing following references: #minecraft:non_treasure (from create_ltab-4.0.3.jar), 
	minecraft:mending (from create_ltab-4.0.3.jar)
[04Aug2026 17:24:55.518] [Worker-Main-8/ERROR] [net.minecraft.tags.TagLoader/]: Couldn't load tag minecraft:on_random_loot as it is missing following references: #minecraft:non_treasure (from create_ltab-4.0.3.jar), 
	create_ltab:enchantment_luck (from create_ltab-4.0.3.jar), 
	minecraft:mending (from create_ltab-4.0.3.jar)
[04Aug2026 17:24:55.518] [Worker-Main-8/ERROR] [net.minecraft.tags.TagLoader/]: Couldn't load tag minecraft:in_enchanting_table as it is missing following references: #minecraft:non_treasure (from create_ltab-4.0.3.jar), 
	create_ltab:enchantment_luck (from create_ltab-4.0.3.jar)
[04Aug2026 17:24:55.532] [Worker-Main-11/INFO] [com.mafuyu404.oneenoughitem.Oneenoughitem/]: Enabled reload-override mapping for this resource reload: 12 items
[04Aug2026 17:24:55.565] [Worker-Main-4/ERROR] [net.minecraft.tags.TagLoader/]: Couldn't load tag blueprint:generates_overrides as it is missing following references: unusualend:prismalite_gem (from unusualend-2.3.1.2.jar), 
	unusualend:shiny_crystal (from unusualend-2.3.1.2.jar), 
	unusualend:citrine_chunk (from unusualend-2.3.1.2.jar), 
	unusualend:pearlescent_ingot (from unusualend-2.3.1.2.jar)
[04Aug2026 17:24:55.619] [Worker-Main-6/ERROR] [net.minecraft.tags.TagLoader/]: Couldn't load tag unusualend:void_tracker_located as it is missing following references: unusualend:gloopy_citadel (from unusualend-2.3.1.2.jar)
[04Aug2026 17:24:55.621] [Worker-Main-6/ERROR] [net.minecraft.tags.TagLoader/]: Couldn't load tag minecraft:void_tracker_located as it is missing following references: minecraft: (from unusualend-2.3.1.2.jar)
[04Aug2026 17:24:56.067] [Worker-Main-2/ERROR] [net.minecraft.tags.TagLoader/]: Couldn't load tag idas:has_structure/byg_redwood_biomes as it is missing following references: byg:redwood_thicket (from idas_forge-1.13.0+1.20.1.jar)
[04Aug2026 17:24:56.068] [Worker-Main-2/ERROR] [net.minecraft.tags.TagLoader/]: Couldn't load tag idas:has_structure/bopmohogany_biomes as it is missing following references: biomesoplenty:rainforest (from idas_forge-1.13.0+1.20.1.jar)
[04Aug2026 17:24:56.069] [Worker-Main-2/ERROR] [net.minecraft.tags.TagLoader/]: Couldn't load tag idas:has_structure/bygmohogany_biomes as it is missing following references: byg:tropical_rainforest (from idas_forge-1.13.0+1.20.1.jar)
[04Aug2026 17:24:56.069] [Worker-Main-2/ERROR] [net.minecraft.tags.TagLoader/]: Couldn't load tag idas:has_structure/bopredwood_biomes as it is missing following references: biomesoplenty:redwood_forest (from idas_forge-1.13.0+1.20.1.jar)
[04Aug2026 17:24:56.930] [Worker-Main-11/ERROR] [net.minecraft.tags.TagLoader/]: Couldn't load tag compat_farmersdelight:corn as it is missing following references: hauntedharvest:corn (from Compat_FarmersDelight.jar)
[04Aug2026 17:24:56.975] [Worker-Main-10/ERROR] [net.minecraft.tags.TagLoader/]: Couldn't load tag minecraft:fan_transparent as it is missing following references: create:void_steel_bars (from createutilities-0.3.2+1.20.1.jar)
[04Aug2026 17:24:56.987] [Worker-Main-11/ERROR] [net.minecraft.tags.TagLoader/]: Couldn't load tag forge:crops/corn as it is missing following references: culturaldelights:corn_cob (from Compat_FarmersDelight.jar), 
	hauntedharvest:corn (from Compat_FarmersDelight.jar)
[04Aug2026 17:24:57.020] [Worker-Main-11/ERROR] [net.minecraft.tags.TagLoader/]: Couldn't load tag create_security:card as it is missing following references: create_furniture:blank_ticket (from create_security-0.1.2-forge-1.20.1.jar), 
	create_furniture:blank_card (from create_security-0.1.2-forge-1.20.1.jar)
[04Aug2026 17:24:57.042] [Worker-Main-11/ERROR] [net.minecraft.tags.TagLoader/]: Couldn't load tag culturaldelights:cucumbers as it is missing following references: culturaldelights:cucumber (from Compat_FarmersDelight.jar), 
	culturaldelights:cut_cucumber (from Compat_FarmersDelight.jar), 
	vintagedelight:cucumber (from Compat_FarmersDelight.jar)
[04Aug2026 17:24:57.553] [Worker-Main-3/ERROR] [net.minecraftforge.common.ForgeHooks/]: Couldn't parse element loot_tables:extra_compat:blocks/tortoise_egg_crate
com.google.gson.JsonSyntaxException: Expected name to be an item, was unknown string 'extra_compat:tortoise_egg_crate'
	at net.minecraft.util.GsonHelper.m_13866_(GsonHelper.java:145) ~[server-1.20.1-20230612.114412-srg.jar%23696!/:?]
	at java.util.Optional.orElseThrow(Optional.java:403) ~[?:?]
	at net.minecraft.util.GsonHelper.m_13874_(GsonHelper.java:145) ~[server-1.20.1-20230612.114412-srg.jar%23696!/:?]
	at net.minecraft.util.GsonHelper.m_13909_(GsonHelper.java:153) ~[server-1.20.1-20230612.114412-srg.jar%23696!/:?]
	at net.minecraft.world.level.storage.loot.entries.LootItem$Serializer.m_7267_(LootItem.java:55) ~[server-1.20.1-20230612.114412-srg.jar%23696!/:?]
	at net.minecraft.world.level.storage.loot.entries.LootItem$Serializer.m_7267_(LootItem.java:40) ~[server-1.20.1-20230612.114412-srg.jar%23696!/:?]
	at net.minecraft.world.level.storage.loot.entries.LootPoolSingletonContainer$Serializer.m_5921_(LootPoolSingletonContainer.java:151) ~[server-1.20.1-20230612.114412-srg.jar%23696!/:?]
	at net.minecraft.world.level.storage.loot.entries.LootPoolSingletonContainer$Serializer.m_5921_(LootPoolSingletonContainer.java:129) ~[server-1.20.1-20230612.114412-srg.jar%23696!/:?]
	at net.minecraft.world.level.storage.loot.entries.LootPoolEntryContainer$Serializer.m_7561_(LootPoolEntryContainer.java:86) ~[server-1.20.1-20230612.114412-srg.jar%23696!/:?]
	at net.minecraft.world.level.storage.loot.entries.LootPoolEntryContainer$Serializer.m_7561_(LootPoolEntryContainer.java:74) ~[server-1.20.1-20230612.114412-srg.jar%23696!/:?]
	at net.minecraft.world.level.storage.loot.GsonAdapterFactory$JsonAdapter.deserialize(GsonAdapterFactory.java:102) ~[server-1.20.1-20230612.114412-srg.jar%23696!/:?]
	at com.google.gson.internal.bind.TreeTypeAdapter.read(TreeTypeAdapter.java:76) ~[gson-2.10.jar%2370!/:?]
	at com.google.gson.internal.bind.TypeAdapterRuntimeTypeWrapper.read(TypeAdapterRuntimeTypeWrapper.java:40) ~[gson-2.10.jar%2370!/:?]
	at com.google.gson.internal.bind.ArrayTypeAdapter.read(ArrayTypeAdapter.java:72) ~[gson-2.10.jar%2370!/:?]
	at com.google.gson.Gson.fromJson(Gson.java:1214) ~[gson-2.10.jar%2370!/:?]
	at com.google.gson.Gson.fromJson(Gson.java:1319) ~[gson-2.10.jar%2370!/:?]
	at com.google.gson.Gson.fromJson(Gson.java:1290) ~[gson-2.10.jar%2370!/:?]
	at com.google.gson.internal.bind.TreeTypeAdapter$GsonContextImpl.deserialize(TreeTypeAdapter.java:179) ~[gson-2.10.jar%2370!/:?]
	at net.minecraft.util.GsonHelper.m_13808_(GsonHelper.java:463) ~[server-1.20.1-20230612.114412-srg.jar%23696!/:?]
	at net.minecraft.util.GsonHelper.m_13836_(GsonHelper.java:471) ~[server-1.20.1-20230612.114412-srg.jar%23696!/:?]
	at net.minecraft.world.level.storage.loot.LootPool$Serializer.deserialize(LootPool.java:192) ~[server-1.20.1-20230612.114412-srg.jar%23696!/:?]
	at net.minecraft.world.level.storage.loot.LootPool$Serializer.deserialize(LootPool.java:189) ~[server-1.20.1-20230612.114412-srg.jar%23696!/:?]
	at com.google.gson.internal.bind.TreeTypeAdapter.read(TreeTypeAdapter.java:76) ~[gson-2.10.jar%2370!/:?]
	at com.google.gson.internal.bind.TypeAdapterRuntimeTypeWrapper.read(TypeAdapterRuntimeTypeWrapper.java:40) ~[gson-2.10.jar%2370!/:?]
	at com.google.gson.internal.bind.ArrayTypeAdapter.read(ArrayTypeAdapter.java:72) ~[gson-2.10.jar%2370!/:?]
	at com.google.gson.Gson.fromJson(Gson.java:1214) ~[gson-2.10.jar%2370!/:?]
	at com.google.gson.Gson.fromJson(Gson.java:1319) ~[gson-2.10.jar%2370!/:?]
	at com.google.gson.Gson.fromJson(Gson.java:1290) ~[gson-2.10.jar%2370!/:?]
	at com.google.gson.internal.bind.TreeTypeAdapter$GsonContextImpl.deserialize(TreeTypeAdapter.java:179) ~[gson-2.10.jar%2370!/:?]
	at net.minecraft.util.GsonHelper.m_13808_(GsonHelper.java:463) ~[server-1.20.1-20230612.114412-srg.jar%23696!/:?]
	at net.minecraft.util.GsonHelper.m_13845_(GsonHelper.java:481) ~[server-1.20.1-20230612.114412-srg.jar%23696!/:?]
	at net.minecraft.world.level.storage.loot.LootTable$Serializer.deserialize(LootTable.java:294) ~[server-1.20.1-20230612.114412-srg.jar%23696!/:?]
	at net.minecraft.world.level.storage.loot.LootTable$Serializer.deserialize(LootTable.java:291) ~[server-1.20.1-20230612.114412-srg.jar%23696!/:?]
	at com.google.gson.internal.bind.TreeTypeAdapter.read(TreeTypeAdapter.java:76) ~[gson-2.10.jar%2370!/:?]
	at com.google.gson.Gson.fromJson(Gson.java:1214) ~[gson-2.10.jar%2370!/:?]
	at com.google.gson.Gson.fromJson(Gson.java:1319) ~[gson-2.10.jar%2370!/:?]
	at com.google.gson.Gson.fromJson(Gson.java:1261) ~[gson-2.10.jar%2370!/:?]
	at net.minecraftforge.common.ForgeHooks.loadLootTable(ForgeHooks.java:872) ~[forge-1.20.1-47.4.22-universal.jar%23701!/:?]
	at net.minecraftforge.common.ForgeHooks.lambda$getLootTableDeserializer$3(ForgeHooks.java:849) ~[forge-1.20.1-47.4.22-universal.jar%23701!/:?]
	at net.minecraft.world.level.storage.loot.LootDataType.deserialize(LootDataType.java:45) ~[server-1.20.1-20230612.114412-srg.jar%23696!/:?]
	at net.minecraft.world.level.storage.loot.LootDataManager.lambda$scheduleElementParse$4(LootDataManager.java:56) ~[server-1.20.1-20230612.114412-srg.jar%23696!/:?]
	at java.util.HashMap.forEach(HashMap.java:1421) ~[?:?]
	at net.minecraft.world.level.storage.loot.LootDataManager.m_278660_(LootDataManager.java:55) ~[server-1.20.1-20230612.114412-srg.jar%23696!/:?]
	at java.util.concurrent.CompletableFuture$AsyncRun.run(CompletableFuture.java:1804) ~[?:?]
	at java.util.concurrent.CompletableFuture$AsyncRun.exec(CompletableFuture.java:1796) ~[?:?]
	at java.util.concurrent.ForkJoinTask.doExec(ForkJoinTask.java:373) ~[?:?]
	at java.util.concurrent.ForkJoinPool$WorkQueue.topLevelExec(ForkJoinPool.java:1182) ~[?:?]
	at java.util.concurrent.ForkJoinPool.scan(ForkJoinPool.java:1655) ~[?:?]
	at java.util.concurrent.ForkJoinPool.runWorker(ForkJoinPool.java:1622) ~[?:?]
	at java.util.concurrent.ForkJoinWorkerThread.run(ForkJoinWorkerThread.java:165) ~[?:?]
[04Aug2026 17:24:57.645] [Worker-Main-3/ERROR] [net.minecraftforge.common.ForgeHooks/]: Couldn't parse element loot_tables:idas:chests/dread_citadel/dread_citadel
com.google.gson.JsonSyntaxException: Expected name to be an item, was unknown string 'iceandfire:dread_shard'
	at net.minecraft.util.GsonHelper.m_13866_(GsonHelper.java:145) ~[server-1.20.1-20230612.114412-srg.jar%23696!/:?]
	at java.util.Optional.orElseThrow(Optional.java:403) ~[?:?]
	at net.minecraft.util.GsonHelper.m_13874_(GsonHelper.java:145) ~[server-1.20.1-20230612.114412-srg.jar%23696!/:?]
	at net.minecraft.util.GsonHelper.m_13909_(GsonHelper.java:153) ~[server-1.20.1-20230612.114412-srg.jar%23696!/:?]
	at net.minecraft.world.level.storage.loot.entries.LootItem$Serializer.m_7267_(LootItem.java:55) ~[server-1.20.1-20230612.114412-srg.jar%23696!/:?]
	at net.minecraft.world.level.storage.loot.entries.LootItem$Serializer.m_7267_(LootItem.java:40) ~[server-1.20.1-20230612.114412-srg.jar%23696!/:?]
	at net.minecraft.world.level.storage.loot.entries.LootPoolSingletonContainer$Serializer.m_5921_(LootPoolSingletonContainer.java:151) ~[server-1.20.1-20230612.114412-srg.jar%23696!/:?]
	at net.minecraft.world.level.storage.loot.entries.LootPoolSingletonContainer$Serializer.m_5921_(LootPoolSingletonContainer.java:129) ~[server-1.20.1-20230612.114412-srg.jar%23696!/:?]
	at net.minecraft.world.level.storage.loot.entries.LootPoolEntryContainer$Serializer.m_7561_(LootPoolEntryContainer.java:86) ~[server-1.20.1-20230612.114412-srg.jar%23696!/:?]
	at net.minecraft.world.level.storage.loot.entries.LootPoolEntryContainer$Serializer.m_7561_(LootPoolEntryContainer.java:74) ~[server-1.20.1-20230612.114412-srg.jar%23696!/:?]
	at net.minecraft.world.level.storage.loot.GsonAdapterFactory$JsonAdapter.deserialize(GsonAdapterFactory.java:102) ~[server-1.20.1-20230612.114412-srg.jar%23696!/:?]
	at com.google.gson.internal.bind.TreeTypeAdapter.read(TreeTypeAdapter.java:76) ~[gson-2.10.jar%2370!/:?]
	at com.google.gson.internal.bind.TypeAdapterRuntimeTypeWrapper.read(TypeAdapterRuntimeTypeWrapper.java:40) ~[gson-2.10.jar%2370!/:?]
	at com.google.gson.internal.bind.ArrayTypeAdapter.read(ArrayTypeAdapter.java:72) ~[gson-2.10.jar%2370!/:?]
	at com.google.gson.Gson.fromJson(Gson.java:1214) ~[gson-2.10.jar%2370!/:?]
	at com.google.gson.Gson.fromJson(Gson.java:1319) ~[gson-2.10.jar%2370!/:?]
	at com.google.gson.Gson.fromJson(Gson.java:1290) ~[gson-2.10.jar%2370!/:?]
	at com.google.gson.internal.bind.TreeTypeAdapter$GsonContextImpl.deserialize(TreeTypeAdapter.java:179) ~[gson-2.10.jar%2370!/:?]
	at net.minecraft.util.GsonHelper.m_13808_(GsonHelper.java:463) ~[server-1.20.1-20230612.114412-srg.jar%23696!/:?]
	at net.minecraft.util.GsonHelper.m_13836_(GsonHelper.java:471) ~[server-1.20.1-20230612.114412-srg.jar%23696!/:?]
	at net.minecraft.world.level.storage.loot.LootPool$Serializer.deserialize(LootPool.java:192) ~[server-1.20.1-20230612.114412-srg.jar%23696!/:?]
	at net.minecraft.world.level.storage.loot.LootPool$Serializer.deserialize(LootPool.java:189) ~[server-1.20.1-20230612.114412-srg.jar%23696!/:?]
	at com.google.gson.internal.bind.TreeTypeAdapter.read(TreeTypeAdapter.java:76) ~[gson-2.10.jar%2370!/:?]
	at com.google.gson.internal.bind.TypeAdapterRuntimeTypeWrapper.read(TypeAdapterRuntimeTypeWrapper.java:40) ~[gson-2.10.jar%2370!/:?]
	at com.google.gson.internal.bind.ArrayTypeAdapter.read(ArrayTypeAdapter.java:72) ~[gson-2.10.jar%2370!/:?]
	at com.google.gson.Gson.fromJson(Gson.java:1214) ~[gson-2.10.jar%2370!/:?]
	at com.google.gson.Gson.fromJson(Gson.java:1319) ~[gson-2.10.jar%2370!/:?]
	at com.google.gson.Gson.fromJson(Gson.java:1290) ~[gson-2.10.jar%2370!/:?]
	at com.google.gson.internal.bind.TreeTypeAdapter$GsonContextImpl.deserialize(TreeTypeAdapter.java:179) ~[gson-2.10.jar%2370!/:?]
	at net.minecraft.util.GsonHelper.m_13808_(GsonHelper.java:463) ~[server-1.20.1-20230612.114412-srg.jar%23696!/:?]
	at net.minecraft.util.GsonHelper.m_13845_(GsonHelper.java:481) ~[server-1.20.1-20230612.114412-srg.jar%23696!/:?]
	at net.minecraft.world.level.storage.loot.LootTable$Serializer.deserialize(LootTable.java:294) ~[server-1.20.1-20230612.114412-srg.jar%23696!/:?]
	at net.minecraft.world.level.storage.loot.LootTable$Serializer.deserialize(LootTable.java:291) ~[server-1.20.1-20230612.114412-srg.jar%23696!/:?]
	at com.google.gson.internal.bind.TreeTypeAdapter.read(TreeTypeAdapter.java:76) ~[gson-2.10.jar%2370!/:?]
	at com.google.gson.Gson.fromJson(Gson.java:1214) ~[gson-2.10.jar%2370!/:?]
	at com.google.gson.Gson.fromJson(Gson.java:1319) ~[gson-2.10.jar%2370!/:?]
	at com.google.gson.Gson.fromJson(Gson.java:1261) ~[gson-2.10.jar%2370!/:?]
	at net.minecraftforge.common.ForgeHooks.loadLootTable(ForgeHooks.java:872) ~[forge-1.20.1-47.4.22-universal.jar%23701!/:?]
	at net.minecraftforge.common.ForgeHooks.lambda$getLootTableDeserializer$3(ForgeHooks.java:849) ~[forge-1.20.1-47.4.22-universal.jar%23701!/:?]
	at net.minecraft.world.level.storage.loot.LootDataType.deserialize(LootDataType.java:45) ~[server-1.20.1-20230612.114412-srg.jar%23696!/:?]
	at net.minecraft.world.level.storage.loot.LootDataManager.lambda$scheduleElementParse$4(LootDataManager.java:56) ~[server-1.20.1-20230612.114412-srg.jar%23696!/:?]
	at java.util.HashMap.forEach(HashMap.java:1421) ~[?:?]
	at net.minecraft.world.level.storage.loot.LootDataManager.m_278660_(LootDataManager.java:55) ~[server-1.20.1-20230612.114412-srg.jar%23696!/:?]
	at java.util.concurrent.CompletableFuture$AsyncRun.run(CompletableFuture.java:1804) ~[?:?]
	at java.util.concurrent.CompletableFuture$AsyncRun.exec(CompletableFuture.java:1796) ~[?:?]
	at java.util.concurrent.ForkJoinTask.doExec(ForkJoinTask.java:373) ~[?:?]
	at java.util.concurrent.ForkJoinPool$WorkQueue.topLevelExec(ForkJoinPool.java:1182) ~[?:?]
	at java.util.concurrent.ForkJoinPool.scan(ForkJoinPool.java:1655) ~[?:?]
	at java.util.concurrent.ForkJoinPool.runWorker(ForkJoinPool.java:1622) ~[?:?]
	at java.util.concurrent.ForkJoinWorkerThread.run(ForkJoinWorkerThread.java:165) ~[?:?]
[04Aug2026 17:24:57.655] [Worker-Main-3/ERROR] [net.minecraftforge.common.ForgeHooks/]: Couldn't parse element loot_tables:mansions:mansion_common
com.google.gson.JsonSyntaxException: Missing name, expected to find a string
	at net.minecraft.util.GsonHelper.m_13906_(GsonHelper.java:127) ~[server-1.20.1-20230612.114412-srg.jar%23696!/:?]
	at net.minecraft.world.level.storage.loot.entries.LootTableReference$Serializer.m_7267_(LootTableReference.java:67) ~[server-1.20.1-20230612.114412-srg.jar%23696!/:?]
	at net.minecraft.world.level.storage.loot.entries.LootTableReference$Serializer.m_7267_(LootTableReference.java:58) ~[server-1.20.1-20230612.114412-srg.jar%23696!/:?]
	at net.minecraft.world.level.storage.loot.entries.LootPoolSingletonContainer$Serializer.m_5921_(LootPoolSingletonContainer.java:151) ~[server-1.20.1-20230612.114412-srg.jar%23696!/:?]
	at net.minecraft.world.level.storage.loot.entries.LootPoolSingletonContainer$Serializer.m_5921_(LootPoolSingletonContainer.java:129) ~[server-1.20.1-20230612.114412-srg.jar%23696!/:?]
	at net.minecraft.world.level.storage.loot.entries.LootPoolEntryContainer$Serializer.m_7561_(LootPoolEntryContainer.java:86) ~[server-1.20.1-20230612.114412-srg.jar%23696!/:?]
	at net.minecraft.world.level.storage.loot.entries.LootPoolEntryContainer$Serializer.m_7561_(LootPoolEntryContainer.java:74) ~[server-1.20.1-20230612.114412-srg.jar%23696!/:?]
	at net.minecraft.world.level.storage.loot.GsonAdapterFactory$JsonAdapter.deserialize(GsonAdapterFactory.java:102) ~[server-1.20.1-20230612.114412-srg.jar%23696!/:?]
	at com.google.gson.internal.bind.TreeTypeAdapter.read(TreeTypeAdapter.java:76) ~[gson-2.10.jar%2370!/:?]
	at com.google.gson.internal.bind.TypeAdapterRuntimeTypeWrapper.read(TypeAdapterRuntimeTypeWrapper.java:40) ~[gson-2.10.jar%2370!/:?]
	at com.google.gson.internal.bind.ArrayTypeAdapter.read(ArrayTypeAdapter.java:72) ~[gson-2.10.jar%2370!/:?]
	at com.google.gson.Gson.fromJson(Gson.java:1214) ~[gson-2.10.jar%2370!/:?]
	at com.google.gson.Gson.fromJson(Gson.java:1319) ~[gson-2.10.jar%2370!/:?]
	at com.google.gson.Gson.fromJson(Gson.java:1290) ~[gson-2.10.jar%2370!/:?]
	at com.google.gson.internal.bind.TreeTypeAdapter$GsonContextImpl.deserialize(TreeTypeAdapter.java:179) ~[gson-2.10.jar%2370!/:?]
	at net.minecraft.util.GsonHelper.m_13808_(GsonHelper.java:463) ~[server-1.20.1-20230612.114412-srg.jar%23696!/:?]
	at net.minecraft.util.GsonHelper.m_13836_(GsonHelper.java:471) ~[server-1.20.1-20230612.114412-srg.jar%23696!/:?]
	at net.minecraft.world.level.storage.loot.LootPool$Serializer.deserialize(LootPool.java:192) ~[server-1.20.1-20230612.114412-srg.jar%23696!/:?]
	at net.minecraft.world.level.storage.loot.LootPool$Serializer.deserialize(LootPool.java:189) ~[server-1.20.1-20230612.114412-srg.jar%23696!/:?]
	at com.google.gson.internal.bind.TreeTypeAdapter.read(TreeTypeAdapter.java:76) ~[gson-2.10.jar%2370!/:?]
	at com.google.gson.internal.bind.TypeAdapterRuntimeTypeWrapper.read(TypeAdapterRuntimeTypeWrapper.java:40) ~[gson-2.10.jar%2370!/:?]
	at com.google.gson.internal.bind.ArrayTypeAdapter.read(ArrayTypeAdapter.java:72) ~[gson-2.10.jar%2370!/:?]
	at com.google.gson.Gson.fromJson(Gson.java:1214) ~[gson-2.10.jar%2370!/:?]
	at com.google.gson.Gson.fromJson(Gson.java:1319) ~[gson-2.10.jar%2370!/:?]
	at com.google.gson.Gson.fromJson(Gson.java:1290) ~[gson-2.10.jar%2370!/:?]
	at com.google.gson.internal.bind.TreeTypeAdapter$GsonContextImpl.deserialize(TreeTypeAdapter.java:179) ~[gson-2.10.jar%2370!/:?]
	at net.minecraft.util.GsonHelper.m_13808_(GsonHelper.java:463) ~[server-1.20.1-20230612.114412-srg.jar%23696!/:?]
	at net.minecraft.util.GsonHelper.m_13845_(GsonHelper.java:481) ~[server-1.20.1-20230612.114412-srg.jar%23696!/:?]
	at net.minecraft.world.level.storage.loot.LootTable$Serializer.deserialize(LootTable.java:294) ~[server-1.20.1-20230612.114412-srg.jar%23696!/:?]
	at net.minecraft.world.level.storage.loot.LootTable$Serializer.deserialize(LootTable.java:291) ~[server-1.20.1-20230612.114412-srg.jar%23696!/:?]
	at com.google.gson.internal.bind.TreeTypeAdapter.read(TreeTypeAdapter.java:76) ~[gson-2.10.jar%2370!/:?]
	at com.google.gson.Gson.fromJson(Gson.java:1214) ~[gson-2.10.jar%2370!/:?]
	at com.google.gson.Gson.fromJson(Gson.java:1319) ~[gson-2.10.jar%2370!/:?]
	at com.google.gson.Gson.fromJson(Gson.java:1261) ~[gson-2.10.jar%2370!/:?]
	at net.minecraftforge.common.ForgeHooks.loadLootTable(ForgeHooks.java:872) ~[forge-1.20.1-47.4.22-universal.jar%23701!/:?]
	at net.minecraftforge.common.ForgeHooks.lambda$getLootTableDeserializer$3(ForgeHooks.java:849) ~[forge-1.20.1-47.4.22-universal.jar%23701!/:?]
	at net.minecraft.world.level.storage.loot.LootDataType.deserialize(LootDataType.java:45) ~[server-1.20.1-20230612.114412-srg.jar%23696!/:?]
	at net.minecraft.world.level.storage.loot.LootDataManager.lambda$scheduleElementParse$4(LootDataManager.java:56) ~[server-1.20.1-20230612.114412-srg.jar%23696!/:?]
	at java.util.HashMap.forEach(HashMap.java:1421) ~[?:?]
	at net.minecraft.world.level.storage.loot.LootDataManager.m_278660_(LootDataManager.java:55) ~[server-1.20.1-20230612.114412-srg.jar%23696!/:?]
	at java.util.concurrent.CompletableFuture$AsyncRun.run(CompletableFuture.java:1804) ~[?:?]
	at java.util.concurrent.CompletableFuture$AsyncRun.exec(CompletableFuture.java:1796) ~[?:?]
	at java.util.concurrent.ForkJoinTask.doExec(ForkJoinTask.java:373) ~[?:?]
	at java.util.concurrent.ForkJoinPool$WorkQueue.topLevelExec(ForkJoinPool.java:1182) ~[?:?]
	at java.util.concurrent.ForkJoinPool.scan(ForkJoinPool.java:1655) ~[?:?]
	at java.util.concurrent.ForkJoinPool.runWorker(ForkJoinPool.java:1622) ~[?:?]
	at java.util.concurrent.ForkJoinWorkerThread.run(ForkJoinWorkerThread.java:165) ~[?:?]
[04Aug2026 17:24:57.764] [Worker-Main-3/ERROR] [net.minecraftforge.common.ForgeHooks/]: Couldn't parse element loot_tables:pamhc2crops:blocks/soggygarden
com.google.gson.JsonSyntaxException: Expected name to be an item, was unknown string 'pamhc2crops:asparagusitem'
	at net.minecraft.util.GsonHelper.m_13866_(GsonHelper.java:145) ~[server-1.20.1-20230612.114412-srg.jar%23696!/:?]
	at java.util.Optional.orElseThrow(Optional.java:403) ~[?:?]
	at net.minecraft.util.GsonHelper.m_13874_(GsonHelper.java:145) ~[server-1.20.1-20230612.114412-srg.jar%23696!/:?]
	at net.minecraft.util.GsonHelper.m_13909_(GsonHelper.java:153) ~[server-1.20.1-20230612.114412-srg.jar%23696!/:?]
	at net.minecraft.world.level.storage.loot.entries.LootItem$Serializer.m_7267_(LootItem.java:55) ~[server-1.20.1-20230612.114412-srg.jar%23696!/:?]
	at net.minecraft.world.level.storage.loot.entries.LootItem$Serializer.m_7267_(LootItem.java:40) ~[server-1.20.1-20230612.114412-srg.jar%23696!/:?]
	at net.minecraft.world.level.storage.loot.entries.LootPoolSingletonContainer$Serializer.m_5921_(LootPoolSingletonContainer.java:151) ~[server-1.20.1-20230612.114412-srg.jar%23696!/:?]
	at net.minecraft.world.level.storage.loot.entries.LootPoolSingletonContainer$Serializer.m_5921_(LootPoolSingletonContainer.java:129) ~[server-1.20.1-20230612.114412-srg.jar%23696!/:?]
	at net.minecraft.world.level.storage.loot.entries.LootPoolEntryContainer$Serializer.m_7561_(LootPoolEntryContainer.java:86) ~[server-1.20.1-20230612.114412-srg.jar%23696!/:?]
	at net.minecraft.world.level.storage.loot.entries.LootPoolEntryContainer$Serializer.m_7561_(LootPoolEntryContainer.java:74) ~[server-1.20.1-20230612.114412-srg.jar%23696!/:?]
	at net.minecraft.world.level.storage.loot.GsonAdapterFactory$JsonAdapter.deserialize(GsonAdapterFactory.java:102) ~[server-1.20.1-20230612.114412-srg.jar%23696!/:?]
	at com.google.gson.internal.bind.TreeTypeAdapter.read(TreeTypeAdapter.java:76) ~[gson-2.10.jar%2370!/:?]
	at com.google.gson.internal.bind.TypeAdapterRuntimeTypeWrapper.read(TypeAdapterRuntimeTypeWrapper.java:40) ~[gson-2.10.jar%2370!/:?]
	at com.google.gson.internal.bind.ArrayTypeAdapter.read(ArrayTypeAdapter.java:72) ~[gson-2.10.jar%2370!/:?]
	at com.google.gson.Gson.fromJson(Gson.java:1214) ~[gson-2.10.jar%2370!/:?]
	at com.google.gson.Gson.fromJson(Gson.java:1319) ~[gson-2.10.jar%2370!/:?]
	at com.google.gson.Gson.fromJson(Gson.java:1290) ~[gson-2.10.jar%2370!/:?]
	at com.google.gson.internal.bind.TreeTypeAdapter$GsonContextImpl.deserialize(TreeTypeAdapter.java:179) ~[gson-2.10.jar%2370!/:?]
	at net.minecraft.util.GsonHelper.m_13808_(GsonHelper.java:463) ~[server-1.20.1-20230612.114412-srg.jar%23696!/:?]
	at net.minecraft.util.GsonHelper.m_13836_(GsonHelper.java:471) ~[server-1.20.1-20230612.114412-srg.jar%23696!/:?]
	at net.minecraft.world.level.storage.loot.LootPool$Serializer.deserialize(LootPool.java:192) ~[server-1.20.1-20230612.114412-srg.jar%23696!/:?]
	at net.minecraft.world.level.storage.loot.LootPool$Serializer.deserialize(LootPool.java:189) ~[server-1.20.1-20230612.114412-srg.jar%23696!/:?]
	at com.google.gson.internal.bind.TreeTypeAdapter.read(TreeTypeAdapter.java:76) ~[gson-2.10.jar%2370!/:?]
	at com.google.gson.internal.bind.TypeAdapterRuntimeTypeWrapper.read(TypeAdapterRuntimeTypeWrapper.java:40) ~[gson-2.10.jar%2370!/:?]
	at com.google.gson.internal.bind.ArrayTypeAdapter.read(ArrayTypeAdapter.java:72) ~[gson-2.10.jar%2370!/:?]
	at com.google.gson.Gson.fromJson(Gson.java:1214) ~[gson-2.10.jar%2370!/:?]
	at com.google.gson.Gson.fromJson(Gson.java:1319) ~[gson-2.10.jar%2370!/:?]
	at com.google.gson.Gson.fromJson(Gson.java:1290) ~[gson-2.10.jar%2370!/:?]
	at com.google.gson.internal.bind.TreeTypeAdapter$GsonContextImpl.deserialize(TreeTypeAdapter.java:179) ~[gson-2.10.jar%2370!/:?]
	at net.minecraft.util.GsonHelper.m_13808_(GsonHelper.java:463) ~[server-1.20.1-20230612.114412-srg.jar%23696!/:?]
	at net.minecraft.util.GsonHelper.m_13845_(GsonHelper.java:481) ~[server-1.20.1-20230612.114412-srg.jar%23696!/:?]
	at net.minecraft.world.level.storage.loot.LootTable$Serializer.deserialize(LootTable.java:294) ~[server-1.20.1-20230612.114412-srg.jar%23696!/:?]
	at net.minecraft.world.level.storage.loot.LootTable$Serializer.deserialize(LootTable.java:291) ~[server-1.20.1-20230612.114412-srg.jar%23696!/:?]
	at com.google.gson.internal.bind.TreeTypeAdapter.read(TreeTypeAdapter.java:76) ~[gson-2.10.jar%2370!/:?]
	at com.google.gson.Gson.fromJson(Gson.java:1214) ~[gson-2.10.jar%2370!/:?]
	at com.google.gson.Gson.fromJson(Gson.java:1319) ~[gson-2.10.jar%2370!/:?]
	at com.google.gson.Gson.fromJson(Gson.java:1261) ~[gson-2.10.jar%2370!/:?]
	at net.minecraftforge.common.ForgeHooks.loadLootTable(ForgeHooks.java:872) ~[forge-1.20.1-47.4.22-universal.jar%23701!/:?]
	at net.minecraftforge.common.ForgeHooks.lambda$getLootTableDeserializer$3(ForgeHooks.java:849) ~[forge-1.20.1-47.4.22-universal.jar%23701!/:?]
	at net.minecraft.world.level.storage.loot.LootDataType.deserialize(LootDataType.java:45) ~[server-1.20.1-20230612.114412-srg.jar%23696!/:?]
	at net.minecraft.world.level.storage.loot.LootDataManager.lambda$scheduleElementParse$4(LootDataManager.java:56) ~[server-1.20.1-20230612.114412-srg.jar%23696!/:?]
	at java.util.HashMap.forEach(HashMap.java:1421) ~[?:?]
	at net.minecraft.world.level.storage.loot.LootDataManager.m_278660_(LootDataManager.java:55) ~[server-1.20.1-20230612.114412-srg.jar%23696!/:?]
	at java.util.concurrent.CompletableFuture$AsyncRun.run(CompletableFuture.java:1804) ~[?:?]
	at java.util.concurrent.CompletableFuture$AsyncRun.exec(CompletableFuture.java:1796) ~[?:?]
	at java.util.concurrent.ForkJoinTask.doExec(ForkJoinTask.java:373) ~[?:?]
	at java.util.concurrent.ForkJoinPool$WorkQueue.topLevelExec(ForkJoinPool.java:1182) ~[?:?]
	at java.util.concurrent.ForkJoinPool.scan(ForkJoinPool.java:1655) ~[?:?]
	at java.util.concurrent.ForkJoinPool.runWorker(ForkJoinPool.java:1622) ~[?:?]
	at java.util.concurrent.ForkJoinWorkerThread.run(ForkJoinWorkerThread.java:165) ~[?:?]
[04Aug2026 17:24:57.806] [Worker-Main-3/ERROR] [net.minecraftforge.common.ForgeHooks/]: Couldn't parse element loot_tables:idas:chests/haunted_manor/if_haunted_manor
com.google.gson.JsonSyntaxException: Expected name to be an item, was unknown string 'iceandfire:silver_nugget'
	at net.minecraft.util.GsonHelper.m_13866_(GsonHelper.java:145) ~[server-1.20.1-20230612.114412-srg.jar%23696!/:?]
	at java.util.Optional.orElseThrow(Optional.java:403) ~[?:?]
	at net.minecraft.util.GsonHelper.m_13874_(GsonHelper.java:145) ~[server-1.20.1-20230612.114412-srg.jar%23696!/:?]
	at net.minecraft.util.GsonHelper.m_13909_(GsonHelper.java:153) ~[server-1.20.1-20230612.114412-srg.jar%23696!/:?]
	at net.minecraft.world.level.storage.loot.entries.LootItem$Serializer.m_7267_(LootItem.java:55) ~[server-1.20.1-20230612.114412-srg.jar%23696!/:?]
	at net.minecraft.world.level.storage.loot.entries.LootItem$Serializer.m_7267_(LootItem.java:40) ~[server-1.20.1-20230612.114412-srg.jar%23696!/:?]
	at net.minecraft.world.level.storage.loot.entries.LootPoolSingletonContainer$Serializer.m_5921_(LootPoolSingletonContainer.java:151) ~[server-1.20.1-20230612.114412-srg.jar%23696!/:?]
	at net.minecraft.world.level.storage.loot.entries.LootPoolSingletonContainer$Serializer.m_5921_(LootPoolSingletonContainer.java:129) ~[server-1.20.1-20230612.114412-srg.jar%23696!/:?]
	at net.minecraft.world.level.storage.loot.entries.LootPoolEntryContainer$Serializer.m_7561_(LootPoolEntryContainer.java:86) ~[server-1.20.1-20230612.114412-srg.jar%23696!/:?]
	at net.minecraft.world.level.storage.loot.entries.LootPoolEntryContainer$Serializer.m_7561_(LootPoolEntryContainer.java:74) ~[server-1.20.1-20230612.114412-srg.jar%23696!/:?]
	at net.minecraft.world.level.storage.loot.GsonAdapterFactory$JsonAdapter.deserialize(GsonAdapterFactory.java:102) ~[server-1.20.1-20230612.114412-srg.jar%23696!/:?]
	at com.google.gson.internal.bind.TreeTypeAdapter.read(TreeTypeAdapter.java:76) ~[gson-2.10.jar%2370!/:?]
	at com.google.gson.internal.bind.TypeAdapterRuntimeTypeWrapper.read(TypeAdapterRuntimeTypeWrapper.java:40) ~[gson-2.10.jar%2370!/:?]
	at com.google.gson.internal.bind.ArrayTypeAdapter.read(ArrayTypeAdapter.java:72) ~[gson-2.10.jar%2370!/:?]
	at com.google.gson.Gson.fromJson(Gson.java:1214) ~[gson-2.10.jar%2370!/:?]
	at com.google.gson.Gson.fromJson(Gson.java:1319) ~[gson-2.10.jar%2370!/:?]
	at com.google.gson.Gson.fromJson(Gson.java:1290) ~[gson-2.10.jar%2370!/:?]
	at com.google.gson.internal.bind.TreeTypeAdapter$GsonContextImpl.deserialize(TreeTypeAdapter.java:179) ~[gson-2.10.jar%2370!/:?]
	at net.minecraft.util.GsonHelper.m_13808_(GsonHelper.java:463) ~[server-1.20.1-20230612.114412-srg.jar%23696!/:?]
	at net.minecraft.util.GsonHelper.m_13836_(GsonHelper.java:471) ~[server-1.20.1-20230612.114412-srg.jar%23696!/:?]
	at net.minecraft.world.level.storage.loot.LootPool$Serializer.deserialize(LootPool.java:192) ~[server-1.20.1-20230612.114412-srg.jar%23696!/:?]
	at net.minecraft.world.level.storage.loot.LootPool$Serializer.deserialize(LootPool.java:189) ~[server-1.20.1-20230612.114412-srg.jar%23696!/:?]
	at com.google.gson.internal.bind.TreeTypeAdapter.read(TreeTypeAdapter.java:76) ~[gson-2.10.jar%2370!/:?]
	at com.google.gson.internal.bind.TypeAdapterRuntimeTypeWrapper.read(TypeAdapterRuntimeTypeWrapper.java:40) ~[gson-2.10.jar%2370!/:?]
	at com.google.gson.internal.bind.ArrayTypeAdapter.read(ArrayTypeAdapter.java:72) ~[gson-2.10.jar%2370!/:?]
	at com.google.gson.Gson.fromJson(Gson.java:1214) ~[gson-2.10.jar%2370!/:?]
	at com.google.gson.Gson.fromJson(Gson.java:1319) ~[gson-2.10.jar%2370!/:?]
	at com.google.gson.Gson.fromJson(Gson.java:1290) ~[gson-2.10.jar%2370!/:?]
	at com.google.gson.internal.bind.TreeTypeAdapter$GsonContextImpl.deserialize(TreeTypeAdapter.java:179) ~[gson-2.10.jar%2370!/:?]
	at net.minecraft.util.GsonHelper.m_13808_(GsonHelper.java:463) ~[server-1.20.1-20230612.114412-srg.jar%23696!/:?]
	at net.minecraft.util.GsonHelper.m_13845_(GsonHelper.java:481) ~[server-1.20.1-20230612.114412-srg.jar%23696!/:?]
	at net.minecraft.world.level.storage.loot.LootTable$Serializer.deserialize(LootTable.java:294) ~[server-1.20.1-20230612.114412-srg.jar%23696!/:?]
	at net.minecraft.world.level.storage.loot.LootTable$Serializer.deserialize(LootTable.java:291) ~[server-1.20.1-20230612.114412-srg.jar%23696!/:?]
	at com.google.gson.internal.bind.TreeTypeAdapter.read(TreeTypeAdapter.java:76) ~[gson-2.10.jar%2370!/:?]
	at com.google.gson.Gson.fromJson(Gson.java:1214) ~[gson-2.10.jar%2370!/:?]
	at com.google.gson.Gson.fromJson(Gson.java:1319) ~[gson-2.10.jar%2370!/:?]
	at com.google.gson.Gson.fromJson(Gson.java:1261) ~[gson-2.10.jar%2370!/:?]
	at net.minecraftforge.common.ForgeHooks.loadLootTable(ForgeHooks.java:872) ~[forge-1.20.1-47.4.22-universal.jar%23701!/:?]
	at net.minecraftforge.common.ForgeHooks.lambda$getLootTableDeserializer$3(ForgeHooks.java:849) ~[forge-1.20.1-47.4.22-universal.jar%23701!/:?]
	at net.minecraft.world.level.storage.loot.LootDataType.deserialize(LootDataType.java:45) ~[server-1.20.1-20230612.114412-srg.jar%23696!/:?]
	at net.minecraft.world.level.storage.loot.LootDataManager.lambda$scheduleElementParse$4(LootDataManager.java:56) ~[server-1.20.1-20230612.114412-srg.jar%23696!/:?]
	at java.util.HashMap.forEach(HashMap.java:1421) ~[?:?]
	at net.minecraft.world.level.storage.loot.LootDataManager.m_278660_(LootDataManager.java:55) ~[server-1.20.1-20230612.114412-srg.jar%23696!/:?]
	at java.util.concurrent.CompletableFuture$AsyncRun.run(CompletableFuture.java:1804) ~[?:?]
	at java.util.concurrent.CompletableFuture$AsyncRun.exec(CompletableFuture.java:1796) ~[?:?]
	at java.util.concurrent.ForkJoinTask.doExec(ForkJoinTask.java:373) ~[?:?]
	at java.util.concurrent.ForkJoinPool$WorkQueue.topLevelExec(ForkJoinPool.java:1182) ~[?:?]
	at java.util.concurrent.ForkJoinPool.scan(ForkJoinPool.java:1655) ~[?:?]
	at java.util.concurrent.ForkJoinPool.runWorker(ForkJoinPool.java:1622) ~[?:?]
	at java.util.concurrent.ForkJoinWorkerThread.run(ForkJoinWorkerThread.java:165) ~[?:?]
[04Aug2026 17:24:57.821] [Worker-Main-3/ERROR] [net.minecraftforge.common.ForgeHooks/]: Couldn't parse element loot_tables:idas:chests/labyrinth/if_labyrinth_tomb
com.google.gson.JsonSyntaxException: Expected name to be an item, was unknown string 'iceandfire:sapphire_gem'
	at net.minecraft.util.GsonHelper.m_13866_(GsonHelper.java:145) ~[server-1.20.1-20230612.114412-srg.jar%23696!/:?]
	at java.util.Optional.orElseThrow(Optional.java:403) ~[?:?]
	at net.minecraft.util.GsonHelper.m_13874_(GsonHelper.java:145) ~[server-1.20.1-20230612.114412-srg.jar%23696!/:?]
	at net.minecraft.util.GsonHelper.m_13909_(GsonHelper.java:153) ~[server-1.20.1-20230612.114412-srg.jar%23696!/:?]
	at net.minecraft.world.level.storage.loot.entries.LootItem$Serializer.m_7267_(LootItem.java:55) ~[server-1.20.1-20230612.114412-srg.jar%23696!/:?]
	at net.minecraft.world.level.storage.loot.entries.LootItem$Serializer.m_7267_(LootItem.java:40) ~[server-1.20.1-20230612.114412-srg.jar%23696!/:?]
	at net.minecraft.world.level.storage.loot.entries.LootPoolSingletonContainer$Serializer.m_5921_(LootPoolSingletonContainer.java:151) ~[server-1.20.1-20230612.114412-srg.jar%23696!/:?]
	at net.minecraft.world.level.storage.loot.entries.LootPoolSingletonContainer$Serializer.m_5921_(LootPoolSingletonContainer.java:129) ~[server-1.20.1-20230612.114412-srg.jar%23696!/:?]
	at net.minecraft.world.level.storage.loot.entries.LootPoolEntryContainer$Serializer.m_7561_(LootPoolEntryContainer.java:86) ~[server-1.20.1-20230612.114412-srg.jar%23696!/:?]
	at net.minecraft.world.level.storage.loot.entries.LootPoolEntryContainer$Serializer.m_7561_(LootPoolEntryContainer.java:74) ~[server-1.20.1-20230612.114412-srg.jar%23696!/:?]
	at net.minecraft.world.level.storage.loot.GsonAdapterFactory$JsonAdapter.deserialize(GsonAdapterFactory.java:102) ~[server-1.20.1-20230612.114412-srg.jar%23696!/:?]
	at com.google.gson.internal.bind.TreeTypeAdapter.read(TreeTypeAdapter.java:76) ~[gson-2.10.jar%2370!/:?]
	at com.google.gson.internal.bind.TypeAdapterRuntimeTypeWrapper.read(TypeAdapterRuntimeTypeWrapper.java:40) ~[gson-2.10.jar%2370!/:?]
	at com.google.gson.internal.bind.ArrayTypeAdapter.read(ArrayTypeAdapter.java:72) ~[gson-2.10.jar%2370!/:?]
	at com.google.gson.Gson.fromJson(Gson.java:1214) ~[gson-2.10.jar%2370!/:?]
	at com.google.gson.Gson.fromJson(Gson.java:1319) ~[gson-2.10.jar%2370!/:?]
	at com.google.gson.Gson.fromJson(Gson.java:1290) ~[gson-2.10.jar%2370!/:?]
	at com.google.gson.internal.bind.TreeTypeAdapter$GsonContextImpl.deserialize(TreeTypeAdapter.java:179) ~[gson-2.10.jar%2370!/:?]
	at net.minecraft.util.GsonHelper.m_13808_(GsonHelper.java:463) ~[server-1.20.1-20230612.114412-srg.jar%23696!/:?]
	at net.minecraft.util.GsonHelper.m_13836_(GsonHelper.java:471) ~[server-1.20.1-20230612.114412-srg.jar%23696!/:?]
	at net.minecraft.world.level.storage.loot.LootPool$Serializer.deserialize(LootPool.java:192) ~[server-1.20.1-20230612.114412-srg.jar%23696!/:?]
	at net.minecraft.world.level.storage.loot.LootPool$Serializer.deserialize(LootPool.java:189) ~[server-1.20.1-20230612.114412-srg.jar%23696!/:?]
	at com.google.gson.internal.bind.TreeTypeAdapter.read(TreeTypeAdapter.java:76) ~[gson-2.10.jar%2370!/:?]
	at com.google.gson.internal.bind.TypeAdapterRuntimeTypeWrapper.read(TypeAdapterRuntimeTypeWrapper.java:40) ~[gson-2.10.jar%2370!/:?]
	at com.google.gson.internal.bind.ArrayTypeAdapter.read(ArrayTypeAdapter.java:72) ~[gson-2.10.jar%2370!/:?]
	at com.google.gson.Gson.fromJson(Gson.java:1214) ~[gson-2.10.jar%2370!/:?]
	at com.google.gson.Gson.fromJson(Gson.java:1319) ~[gson-2.10.jar%2370!/:?]
	at com.google.gson.Gson.fromJson(Gson.java:1290) ~[gson-2.10.jar%2370!/:?]
	at com.google.gson.internal.bind.TreeTypeAdapter$GsonContextImpl.deserialize(TreeTypeAdapter.java:179) ~[gson-2.10.jar%2370!/:?]
	at net.minecraft.util.GsonHelper.m_13808_(GsonHelper.java:463) ~[server-1.20.1-20230612.114412-srg.jar%23696!/:?]
	at net.minecraft.util.GsonHelper.m_13845_(GsonHelper.java:481) ~[server-1.20.1-20230612.114412-srg.jar%23696!/:?]
	at net.minecraft.world.level.storage.loot.LootTable$Serializer.deserialize(LootTable.java:294) ~[server-1.20.1-20230612.114412-srg.jar%23696!/:?]
	at net.minecraft.world.level.storage.loot.LootTable$Serializer.deserialize(LootTable.java:291) ~[server-1.20.1-20230612.114412-srg.jar%23696!/:?]
	at com.google.gson.internal.bind.TreeTypeAdapter.read(TreeTypeAdapter.java:76) ~[gson-2.10.jar%2370!/:?]
	at com.google.gson.Gson.fromJson(Gson.java:1214) ~[gson-2.10.jar%2370!/:?]
	at com.google.gson.Gson.fromJson(Gson.java:1319) ~[gson-2.10.jar%2370!/:?]
	at com.google.gson.Gson.fromJson(Gson.java:1261) ~[gson-2.10.jar%2370!/:?]
	at net.minecraftforge.common.ForgeHooks.loadLootTable(ForgeHooks.java:872) ~[forge-1.20.1-47.4.22-universal.jar%23701!/:?]
	at net.minecraftforge.common.ForgeHooks.lambda$getLootTableDeserializer$3(ForgeHooks.java:849) ~[forge-1.20.1-47.4.22-universal.jar%23701!/:?]
	at net.minecraft.world.level.storage.loot.LootDataType.deserialize(LootDataType.java:45) ~[server-1.20.1-20230612.114412-srg.jar%23696!/:?]
	at net.minecraft.world.level.storage.loot.LootDataManager.lambda$scheduleElementParse$4(LootDataManager.java:56) ~[server-1.20.1-20230612.114412-srg.jar%23696!/:?]
	at java.util.HashMap.forEach(HashMap.java:1421) ~[?:?]
	at net.minecraft.world.level.storage.loot.LootDataManager.m_278660_(LootDataManager.java:55) ~[server-1.20.1-20230612.114412-srg.jar%23696!/:?]
	at java.util.concurrent.CompletableFuture$AsyncRun.run(CompletableFuture.java:1804) ~[?:?]
	at java.util.concurrent.CompletableFuture$AsyncRun.exec(CompletableFuture.java:1796) ~[?:?]
	at java.util.concurrent.ForkJoinTask.doExec(ForkJoinTask.java:373) ~[?:?]
	at java.util.concurrent.ForkJoinPool$WorkQueue.topLevelExec(ForkJoinPool.java:1182) ~[?:?]
	at java.util.concurrent.ForkJoinPool.scan(ForkJoinPool.java:1655) ~[?:?]
	at java.util.concurrent.ForkJoinPool.runWorker(ForkJoinPool.java:1622) ~[?:?]
	at java.util.concurrent.ForkJoinWorkerThread.run(ForkJoinWorkerThread.java:165) ~[?:?]
[04Aug2026 17:24:57.833] [Worker-Main-3/ERROR] [net.minecraftforge.common.ForgeHooks/]: Couldn't parse element loot_tables:createfisheryindustry:entities/peeler/armadillo
com.google.gson.JsonSyntaxException: Expected name to be an item, was unknown string 'minecraft:armadillo_scute'
	at net.minecraft.util.GsonHelper.m_13866_(GsonHelper.java:145) ~[server-1.20.1-20230612.114412-srg.jar%23696!/:?]
	at java.util.Optional.orElseThrow(Optional.java:403) ~[?:?]
	at net.minecraft.util.GsonHelper.m_13874_(GsonHelper.java:145) ~[server-1.20.1-20230612.114412-srg.jar%23696!/:?]
	at net.minecraft.util.GsonHelper.m_13909_(GsonHelper.java:153) ~[server-1.20.1-20230612.114412-srg.jar%23696!/:?]
	at net.minecraft.world.level.storage.loot.entries.LootItem$Serializer.m_7267_(LootItem.java:55) ~[server-1.20.1-20230612.114412-srg.jar%23696!/:?]
	at net.minecraft.world.level.storage.loot.entries.LootItem$Serializer.m_7267_(LootItem.java:40) ~[server-1.20.1-20230612.114412-srg.jar%23696!/:?]
	at net.minecraft.world.level.storage.loot.entries.LootPoolSingletonContainer$Serializer.m_5921_(LootPoolSingletonContainer.java:151) ~[server-1.20.1-20230612.114412-srg.jar%23696!/:?]
	at net.minecraft.world.level.storage.loot.entries.LootPoolSingletonContainer$Serializer.m_5921_(LootPoolSingletonContainer.java:129) ~[server-1.20.1-20230612.114412-srg.jar%23696!/:?]
	at net.minecraft.world.level.storage.loot.entries.LootPoolEntryContainer$Serializer.m_7561_(LootPoolEntryContainer.java:86) ~[server-1.20.1-20230612.114412-srg.jar%23696!/:?]
	at net.minecraft.world.level.storage.loot.entries.LootPoolEntryContainer$Serializer.m_7561_(LootPoolEntryContainer.java:74) ~[server-1.20.1-20230612.114412-srg.jar%23696!/:?]
	at net.minecraft.world.level.storage.loot.GsonAdapterFactory$JsonAdapter.deserialize(GsonAdapterFactory.java:102) ~[server-1.20.1-20230612.114412-srg.jar%23696!/:?]
	at com.google.gson.internal.bind.TreeTypeAdapter.read(TreeTypeAdapter.java:76) ~[gson-2.10.jar%2370!/:?]
	at com.google.gson.internal.bind.TypeAdapterRuntimeTypeWrapper.read(TypeAdapterRuntimeTypeWrapper.java:40) ~[gson-2.10.jar%2370!/:?]
	at com.google.gson.internal.bind.ArrayTypeAdapter.read(ArrayTypeAdapter.java:72) ~[gson-2.10.jar%2370!/:?]
	at com.google.gson.Gson.fromJson(Gson.java:1214) ~[gson-2.10.jar%2370!/:?]
	at com.google.gson.Gson.fromJson(Gson.java:1319) ~[gson-2.10.jar%2370!/:?]
	at com.google.gson.Gson.fromJson(Gson.java:1290) ~[gson-2.10.jar%2370!/:?]
	at com.google.gson.internal.bind.TreeTypeAdapter$GsonContextImpl.deserialize(TreeTypeAdapter.java:179) ~[gson-2.10.jar%2370!/:?]
	at net.minecraft.util.GsonHelper.m_13808_(GsonHelper.java:463) ~[server-1.20.1-20230612.114412-srg.jar%23696!/:?]
	at net.minecraft.util.GsonHelper.m_13836_(GsonHelper.java:471) ~[server-1.20.1-20230612.114412-srg.jar%23696!/:?]
	at net.minecraft.world.level.storage.loot.LootPool$Serializer.deserialize(LootPool.java:192) ~[server-1.20.1-20230612.114412-srg.jar%23696!/:?]
	at net.minecraft.world.level.storage.loot.LootPool$Serializer.deserialize(LootPool.java:189) ~[server-1.20.1-20230612.114412-srg.jar%23696!/:?]
	at com.google.gson.internal.bind.TreeTypeAdapter.read(TreeTypeAdapter.java:76) ~[gson-2.10.jar%2370!/:?]
	at com.google.gson.internal.bind.TypeAdapterRuntimeTypeWrapper.read(TypeAdapterRuntimeTypeWrapper.java:40) ~[gson-2.10.jar%2370!/:?]
	at com.google.gson.internal.bind.ArrayTypeAdapter.read(ArrayTypeAdapter.java:72) ~[gson-2.10.jar%2370!/:?]
	at com.google.gson.Gson.fromJson(Gson.java:1214) ~[gson-2.10.jar%2370!/:?]
	at com.google.gson.Gson.fromJson(Gson.java:1319) ~[gson-2.10.jar%2370!/:?]
	at com.google.gson.Gson.fromJson(Gson.java:1290) ~[gson-2.10.jar%2370!/:?]
	at com.google.gson.internal.bind.TreeTypeAdapter$GsonContextImpl.deserialize(TreeTypeAdapter.java:179) ~[gson-2.10.jar%2370!/:?]
	at net.minecraft.util.GsonHelper.m_13808_(GsonHelper.java:463) ~[server-1.20.1-20230612.114412-srg.jar%23696!/:?]
	at net.minecraft.util.GsonHelper.m_13845_(GsonHelper.java:481) ~[server-1.20.1-20230612.114412-srg.jar%23696!/:?]
	at net.minecraft.world.level.storage.loot.LootTable$Serializer.deserialize(LootTable.java:294) ~[server-1.20.1-20230612.114412-srg.jar%23696!/:?]
	at net.minecraft.world.level.storage.loot.LootTable$Serializer.deserialize(LootTable.java:291) ~[server-1.20.1-20230612.114412-srg.jar%23696!/:?]
	at com.google.gson.internal.bind.TreeTypeAdapter.read(TreeTypeAdapter.java:76) ~[gson-2.10.jar%2370!/:?]
	at com.google.gson.Gson.fromJson(Gson.java:1214) ~[gson-2.10.jar%2370!/:?]
	at com.google.gson.Gson.fromJson(Gson.java:1319) ~[gson-2.10.jar%2370!/:?]
	at com.google.gson.Gson.fromJson(Gson.java:1261) ~[gson-2.10.jar%2370!/:?]
	at net.minecraftforge.common.ForgeHooks.loadLootTable(ForgeHooks.java:872) ~[forge-1.20.1-47.4.22-universal.jar%23701!/:?]
	at net.minecraftforge.common.ForgeHooks.lambda$getLootTableDeserializer$3(ForgeHooks.java:849) ~[forge-1.20.1-47.4.22-universal.jar%23701!/:?]
	at net.minecraft.world.level.storage.loot.LootDataType.deserialize(LootDataType.java:45) ~[server-1.20.1-20230612.114412-srg.jar%23696!/:?]
	at net.minecraft.world.level.storage.loot.LootDataManager.lambda$scheduleElementParse$4(LootDataManager.java:56) ~[server-1.20.1-20230612.114412-srg.jar%23696!/:?]
	at java.util.HashMap.forEach(HashMap.java:1421) ~[?:?]
	at net.minecraft.world.level.storage.loot.LootDataManager.m_278660_(LootDataManager.java:55) ~[server-1.20.1-20230612.114412-srg.jar%23696!/:?]
	at java.util.concurrent.CompletableFuture$AsyncRun.run(CompletableFuture.java:1804) ~[?:?]
	at java.util.concurrent.CompletableFuture$AsyncRun.exec(CompletableFuture.java:1796) ~[?:?]
	at java.util.concurrent.ForkJoinTask.doExec(ForkJoinTask.java:373) ~[?:?]
	at java.util.concurrent.ForkJoinPool$WorkQueue.topLevelExec(ForkJoinPool.java:1182) ~[?:?]
	at java.util.concurrent.ForkJoinPool.scan(ForkJoinPool.java:1655) ~[?:?]
	at java.util.concurrent.ForkJoinPool.runWorker(ForkJoinPool.java:1622) ~[?:?]
	at java.util.concurrent.ForkJoinWorkerThread.run(ForkJoinWorkerThread.java:165) ~[?:?]
[04Aug2026 17:24:57.852] [Worker-Main-3/ERROR] [net.minecraftforge.common.ForgeHooks/]: Couldn't parse element loot_tables:culinarycompat:blocks/ae2_kitchen_station
com.google.gson.JsonSyntaxException: Expected name to be an item, was unknown string 'culinarycompat:ae2_kitchen_station'
	at net.minecraft.util.GsonHelper.m_13866_(GsonHelper.java:145) ~[server-1.20.1-20230612.114412-srg.jar%23696!/:?]
	at java.util.Optional.orElseThrow(Optional.java:403) ~[?:?]
	at net.minecraft.util.GsonHelper.m_13874_(GsonHelper.java:145) ~[server-1.20.1-20230612.114412-srg.jar%23696!/:?]
	at net.minecraft.util.GsonHelper.m_13909_(GsonHelper.java:153) ~[server-1.20.1-20230612.114412-srg.jar%23696!/:?]
	at net.minecraft.world.level.storage.loot.entries.LootItem$Serializer.m_7267_(LootItem.java:55) ~[server-1.20.1-20230612.114412-srg.jar%23696!/:?]
	at net.minecraft.world.level.storage.loot.entries.LootItem$Serializer.m_7267_(LootItem.java:40) ~[server-1.20.1-20230612.114412-srg.jar%23696!/:?]
	at net.minecraft.world.level.storage.loot.entries.LootPoolSingletonContainer$Serializer.m_5921_(LootPoolSingletonContainer.java:151) ~[server-1.20.1-20230612.114412-srg.jar%23696!/:?]
	at net.minecraft.world.level.storage.loot.entries.LootPoolSingletonContainer$Serializer.m_5921_(LootPoolSingletonContainer.java:129) ~[server-1.20.1-20230612.114412-srg.jar%23696!/:?]
	at net.minecraft.world.level.storage.loot.entries.LootPoolEntryContainer$Serializer.m_7561_(LootPoolEntryContainer.java:86) ~[server-1.20.1-20230612.114412-srg.jar%23696!/:?]
	at net.minecraft.world.level.storage.loot.entries.LootPoolEntryContainer$Serializer.m_7561_(LootPoolEntryContainer.java:74) ~[server-1.20.1-20230612.114412-srg.jar%23696!/:?]
	at net.minecraft.world.level.storage.loot.GsonAdapterFactory$JsonAdapter.deserialize(GsonAdapterFactory.java:102) ~[server-1.20.1-20230612.114412-srg.jar%23696!/:?]
	at com.google.gson.internal.bind.TreeTypeAdapter.read(TreeTypeAdapter.java:76) ~[gson-2.10.jar%2370!/:?]
	at com.google.gson.internal.bind.TypeAdapterRuntimeTypeWrapper.read(TypeAdapterRuntimeTypeWrapper.java:40) ~[gson-2.10.jar%2370!/:?]
	at com.google.gson.internal.bind.ArrayTypeAdapter.read(ArrayTypeAdapter.java:72) ~[gson-2.10.jar%2370!/:?]
	at com.google.gson.Gson.fromJson(Gson.java:1214) ~[gson-2.10.jar%2370!/:?]
	at com.google.gson.Gson.fromJson(Gson.java:1319) ~[gson-2.10.jar%2370!/:?]
	at com.google.gson.Gson.fromJson(Gson.java:1290) ~[gson-2.10.jar%2370!/:?]
	at com.google.gson.internal.bind.TreeTypeAdapter$GsonContextImpl.deserialize(TreeTypeAdapter.java:179) ~[gson-2.10.jar%2370!/:?]
	at net.minecraft.util.GsonHelper.m_13808_(GsonHelper.java:463) ~[server-1.20.1-20230612.114412-srg.jar%23696!/:?]
	at net.minecraft.util.GsonHelper.m_13836_(GsonHelper.java:471) ~[server-1.20.1-20230612.114412-srg.jar%23696!/:?]
	at net.minecraft.world.level.storage.loot.LootPool$Serializer.deserialize(LootPool.java:192) ~[server-1.20.1-20230612.114412-srg.jar%23696!/:?]
	at net.minecraft.world.level.storage.loot.LootPool$Serializer.deserialize(LootPool.java:189) ~[server-1.20.1-20230612.114412-srg.jar%23696!/:?]
	at com.google.gson.internal.bind.TreeTypeAdapter.read(TreeTypeAdapter.java:76) ~[gson-2.10.jar%2370!/:?]
	at com.google.gson.internal.bind.TypeAdapterRuntimeTypeWrapper.read(TypeAdapterRuntimeTypeWrapper.java:40) ~[gson-2.10.jar%2370!/:?]
	at com.google.gson.internal.bind.ArrayTypeAdapter.read(ArrayTypeAdapter.java:72) ~[gson-2.10.jar%2370!/:?]
	at com.google.gson.Gson.fromJson(Gson.java:1214) ~[gson-2.10.jar%2370!/:?]
	at com.google.gson.Gson.fromJson(Gson.java:1319) ~[gson-2.10.jar%2370!/:?]
	at com.google.gson.Gson.fromJson(Gson.java:1290) ~[gson-2.10.jar%2370!/:?]
	at com.google.gson.internal.bind.TreeTypeAdapter$GsonContextImpl.deserialize(TreeTypeAdapter.java:179) ~[gson-2.10.jar%2370!/:?]
	at net.minecraft.util.GsonHelper.m_13808_(GsonHelper.java:463) ~[server-1.20.1-20230612.114412-srg.jar%23696!/:?]
	at net.minecraft.util.GsonHelper.m_13845_(GsonHelper.java:481) ~[server-1.20.1-20230612.114412-srg.jar%23696!/:?]
	at net.minecraft.world.level.storage.loot.LootTable$Serializer.deserialize(LootTable.java:294) ~[server-1.20.1-20230612.114412-srg.jar%23696!/:?]
	at net.minecraft.world.level.storage.loot.LootTable$Serializer.deserialize(LootTable.java:291) ~[server-1.20.1-20230612.114412-srg.jar%23696!/:?]
	at com.google.gson.internal.bind.TreeTypeAdapter.read(TreeTypeAdapter.java:76) ~[gson-2.10.jar%2370!/:?]
	at com.google.gson.Gson.fromJson(Gson.java:1214) ~[gson-2.10.jar%2370!/:?]
	at com.google.gson.Gson.fromJson(Gson.java:1319) ~[gson-2.10.jar%2370!/:?]
	at com.google.gson.Gson.fromJson(Gson.java:1261) ~[gson-2.10.jar%2370!/:?]
	at net.minecraftforge.common.ForgeHooks.loadLootTable(ForgeHooks.java:872) ~[forge-1.20.1-47.4.22-universal.jar%23701!/:?]
	at net.minecraftforge.common.ForgeHooks.lambda$getLootTableDeserializer$3(ForgeHooks.java:849) ~[forge-1.20.1-47.4.22-universal.jar%23701!/:?]
	at net.minecraft.world.level.storage.loot.LootDataType.deserialize(LootDataType.java:45) ~[server-1.20.1-20230612.114412-srg.jar%23696!/:?]
	at net.minecraft.world.level.storage.loot.LootDataManager.lambda$scheduleElementParse$4(LootDataManager.java:56) ~[server-1.20.1-20230612.114412-srg.jar%23696!/:?]
	at java.util.HashMap.forEach(HashMap.java:1421) ~[?:?]
	at net.minecraft.world.level.storage.loot.LootDataManager.m_278660_(LootDataManager.java:55) ~[server-1.20.1-20230612.114412-srg.jar%23696!/:?]
	at java.util.concurrent.CompletableFuture$AsyncRun.run(CompletableFuture.java:1804) ~[?:?]
	at java.util.concurrent.CompletableFuture$AsyncRun.exec(CompletableFuture.java:1796) ~[?:?]
	at java.util.concurrent.ForkJoinTask.doExec(ForkJoinTask.java:373) ~[?:?]
	at java.util.concurrent.ForkJoinPool$WorkQueue.topLevelExec(ForkJoinPool.java:1182) ~[?:?]
	at java.util.concurrent.ForkJoinPool.scan(ForkJoinPool.java:1655) ~[?:?]
	at java.util.concurrent.ForkJoinPool.runWorker(ForkJoinPool.java:1622) ~[?:?]
	at java.util.concurrent.ForkJoinWorkerThread.run(ForkJoinWorkerThread.java:165) ~[?:?]
[04Aug2026 17:24:57.886] [Worker-Main-3/ERROR] [net.minecraftforge.common.ForgeHooks/]: Couldn't parse element loot_tables:mynethersdelight:blocks/blackstone_cooking_pot
com.google.gson.JsonSyntaxException: Unknown type 'mynethersdelight:copy_meal'
	at net.minecraft.world.level.storage.loot.GsonAdapterFactory$JsonAdapter.deserialize(GsonAdapterFactory.java:99) ~[server-1.20.1-20230612.114412-srg.jar%23696!/:?]
	at com.google.gson.internal.bind.TreeTypeAdapter.read(TreeTypeAdapter.java:76) ~[gson-2.10.jar%2370!/:?]
	at com.google.gson.internal.bind.TypeAdapterRuntimeTypeWrapper.read(TypeAdapterRuntimeTypeWrapper.java:40) ~[gson-2.10.jar%2370!/:?]
	at com.google.gson.internal.bind.ArrayTypeAdapter.read(ArrayTypeAdapter.java:72) ~[gson-2.10.jar%2370!/:?]
	at com.google.gson.Gson.fromJson(Gson.java:1214) ~[gson-2.10.jar%2370!/:?]
	at com.google.gson.Gson.fromJson(Gson.java:1319) ~[gson-2.10.jar%2370!/:?]
	at com.google.gson.Gson.fromJson(Gson.java:1290) ~[gson-2.10.jar%2370!/:?]
	at com.google.gson.internal.bind.TreeTypeAdapter$GsonContextImpl.deserialize(TreeTypeAdapter.java:179) ~[gson-2.10.jar%2370!/:?]
	at net.minecraft.util.GsonHelper.m_13808_(GsonHelper.java:463) ~[server-1.20.1-20230612.114412-srg.jar%23696!/:?]
	at net.minecraft.util.GsonHelper.m_13845_(GsonHelper.java:481) ~[server-1.20.1-20230612.114412-srg.jar%23696!/:?]
	at net.minecraft.world.level.storage.loot.entries.LootPoolSingletonContainer$Serializer.m_5921_(LootPoolSingletonContainer.java:149) ~[server-1.20.1-20230612.114412-srg.jar%23696!/:?]
	at net.minecraft.world.level.storage.loot.entries.LootPoolSingletonContainer$Serializer.m_5921_(LootPoolSingletonContainer.java:129) ~[server-1.20.1-20230612.114412-srg.jar%23696!/:?]
	at net.minecraft.world.level.storage.loot.entries.LootPoolEntryContainer$Serializer.m_7561_(LootPoolEntryContainer.java:86) ~[server-1.20.1-20230612.114412-srg.jar%23696!/:?]
	at net.minecraft.world.level.storage.loot.entries.LootPoolEntryContainer$Serializer.m_7561_(LootPoolEntryContainer.java:74) ~[server-1.20.1-20230612.114412-srg.jar%23696!/:?]
	at net.minecraft.world.level.storage.loot.GsonAdapterFactory$JsonAdapter.deserialize(GsonAdapterFactory.java:102) ~[server-1.20.1-20230612.114412-srg.jar%23696!/:?]
	at com.google.gson.internal.bind.TreeTypeAdapter.read(TreeTypeAdapter.java:76) ~[gson-2.10.jar%2370!/:?]
	at com.google.gson.internal.bind.TypeAdapterRuntimeTypeWrapper.read(TypeAdapterRuntimeTypeWrapper.java:40) ~[gson-2.10.jar%2370!/:?]
	at com.google.gson.internal.bind.ArrayTypeAdapter.read(ArrayTypeAdapter.java:72) ~[gson-2.10.jar%2370!/:?]
	at com.google.gson.Gson.fromJson(Gson.java:1214) ~[gson-2.10.jar%2370!/:?]
	at com.google.gson.Gson.fromJson(Gson.java:1319) ~[gson-2.10.jar%2370!/:?]
	at com.google.gson.Gson.fromJson(Gson.java:1290) ~[gson-2.10.jar%2370!/:?]
	at com.google.gson.internal.bind.TreeTypeAdapter$GsonContextImpl.deserialize(TreeTypeAdapter.java:179) ~[gson-2.10.jar%2370!/:?]
	at net.minecraft.util.GsonHelper.m_13808_(GsonHelper.java:463) ~[server-1.20.1-20230612.114412-srg.jar%23696!/:?]
	at net.minecraft.util.GsonHelper.m_13836_(GsonHelper.java:471) ~[server-1.20.1-20230612.114412-srg.jar%23696!/:?]
	at net.minecraft.world.level.storage.loot.LootPool$Serializer.deserialize(LootPool.java:192) ~[server-1.20.1-20230612.114412-srg.jar%23696!/:?]
	at net.minecraft.world.level.storage.loot.LootPool$Serializer.deserialize(LootPool.java:189) ~[server-1.20.1-20230612.114412-srg.jar%23696!/:?]
	at com.google.gson.internal.bind.TreeTypeAdapter.read(TreeTypeAdapter.java:76) ~[gson-2.10.jar%2370!/:?]
	at com.google.gson.internal.bind.TypeAdapterRuntimeTypeWrapper.read(TypeAdapterRuntimeTypeWrapper.java:40) ~[gson-2.10.jar%2370!/:?]
	at com.google.gson.internal.bind.ArrayTypeAdapter.read(ArrayTypeAdapter.java:72) ~[gson-2.10.jar%2370!/:?]
	at com.google.gson.Gson.fromJson(Gson.java:1214) ~[gson-2.10.jar%2370!/:?]
	at com.google.gson.Gson.fromJson(Gson.java:1319) ~[gson-2.10.jar%2370!/:?]
	at com.google.gson.Gson.fromJson(Gson.java:1290) ~[gson-2.10.jar%2370!/:?]
	at com.google.gson.internal.bind.TreeTypeAdapter$GsonContextImpl.deserialize(TreeTypeAdapter.java:179) ~[gson-2.10.jar%2370!/:?]
	at net.minecraft.util.GsonHelper.m_13808_(GsonHelper.java:463) ~[server-1.20.1-20230612.114412-srg.jar%23696!/:?]
	at net.minecraft.util.GsonHelper.m_13845_(GsonHelper.java:481) ~[server-1.20.1-20230612.114412-srg.jar%23696!/:?]
	at net.minecraft.world.level.storage.loot.LootTable$Serializer.deserialize(LootTable.java:294) ~[server-1.20.1-20230612.114412-srg.jar%23696!/:?]
	at net.minecraft.world.level.storage.loot.LootTable$Serializer.deserialize(LootTable.java:291) ~[server-1.20.1-20230612.114412-srg.jar%23696!/:?]
	at com.google.gson.internal.bind.TreeTypeAdapter.read(TreeTypeAdapter.java:76) ~[gson-2.10.jar%2370!/:?]
	at com.google.gson.Gson.fromJson(Gson.java:1214) ~[gson-2.10.jar%2370!/:?]
	at com.google.gson.Gson.fromJson(Gson.java:1319) ~[gson-2.10.jar%2370!/:?]
	at com.google.gson.Gson.fromJson(Gson.java:1261) ~[gson-2.10.jar%2370!/:?]
	at net.minecraftforge.common.ForgeHooks.loadLootTable(ForgeHooks.java:872) ~[forge-1.20.1-47.4.22-universal.jar%23701!/:?]
	at net.minecraftforge.common.ForgeHooks.lambda$getLootTableDeserializer$3(ForgeHooks.java:849) ~[forge-1.20.1-47.4.22-universal.jar%23701!/:?]
	at net.minecraft.world.level.storage.loot.LootDataType.deserialize(LootDataType.java:45) ~[server-1.20.1-20230612.114412-srg.jar%23696!/:?]
	at net.minecraft.world.level.storage.loot.LootDataManager.lambda$scheduleElementParse$4(LootDataManager.java:56) ~[server-1.20.1-20230612.114412-srg.jar%23696!/:?]
	at java.util.HashMap.forEach(HashMap.java:1421) ~[?:?]
	at net.minecraft.world.level.storage.loot.LootDataManager.m_278660_(LootDataManager.java:55) ~[server-1.20.1-20230612.114412-srg.jar%23696!/:?]
	at java.util.concurrent.CompletableFuture$AsyncRun.run(CompletableFuture.java:1804) ~[?:?]
	at java.util.concurrent.CompletableFuture$AsyncRun.exec(CompletableFuture.java:1796) ~[?:?]
	at java.util.concurrent.ForkJoinTask.doExec(ForkJoinTask.java:373) ~[?:?]
	at java.util.concurrent.ForkJoinPool$WorkQueue.topLevelExec(ForkJoinPool.java:1182) ~[?:?]
	at java.util.concurrent.ForkJoinPool.scan(ForkJoinPool.java:1655) ~[?:?]
	at java.util.concurrent.ForkJoinPool.runWorker(ForkJoinPool.java:1622) ~[?:?]
	at java.util.concurrent.ForkJoinWorkerThread.run(ForkJoinWorkerThread.java:165) ~[?:?]
[04Aug2026 17:24:57.903] [Worker-Main-3/ERROR] [net.minecraftforge.common.ForgeHooks/]: Couldn't parse element loot_tables:pamhc2crops:blocks/pamtomatocrop
java.lang.IllegalArgumentException: Can't find block pamhc2crops:pamtomatocrop
	at net.minecraft.world.level.storage.loot.predicates.LootItemBlockStatePropertyCondition$Serializer.m_81802_(LootItemBlockStatePropertyCondition.java:79) ~[server-1.20.1-20230612.114412-srg.jar%23696!/:?]
	at java.util.Optional.orElseThrow(Optional.java:403) ~[?:?]
	at net.minecraft.world.level.storage.loot.predicates.LootItemBlockStatePropertyCondition$Serializer.m_7561_(LootItemBlockStatePropertyCondition.java:79) ~[server-1.20.1-20230612.114412-srg.jar%23696!/:?]
	at net.minecraft.world.level.storage.loot.predicates.LootItemBlockStatePropertyCondition$Serializer.m_7561_(LootItemBlockStatePropertyCondition.java:68) ~[server-1.20.1-20230612.114412-srg.jar%23696!/:?]
	at net.minecraft.world.level.storage.loot.GsonAdapterFactory$JsonAdapter.deserialize(GsonAdapterFactory.java:102) ~[server-1.20.1-20230612.114412-srg.jar%23696!/:?]
	at com.google.gson.internal.bind.TreeTypeAdapter.read(TreeTypeAdapter.java:76) ~[gson-2.10.jar%2370!/:?]
	at com.google.gson.internal.bind.TypeAdapterRuntimeTypeWrapper.read(TypeAdapterRuntimeTypeWrapper.java:40) ~[gson-2.10.jar%2370!/:?]
	at com.google.gson.internal.bind.ArrayTypeAdapter.read(ArrayTypeAdapter.java:72) ~[gson-2.10.jar%2370!/:?]
	at com.google.gson.Gson.fromJson(Gson.java:1214) ~[gson-2.10.jar%2370!/:?]
	at com.google.gson.Gson.fromJson(Gson.java:1319) ~[gson-2.10.jar%2370!/:?]
	at com.google.gson.Gson.fromJson(Gson.java:1290) ~[gson-2.10.jar%2370!/:?]
	at com.google.gson.internal.bind.TreeTypeAdapter$GsonContextImpl.deserialize(TreeTypeAdapter.java:179) ~[gson-2.10.jar%2370!/:?]
	at net.minecraft.util.GsonHelper.m_13808_(GsonHelper.java:463) ~[server-1.20.1-20230612.114412-srg.jar%23696!/:?]
	at net.minecraft.util.GsonHelper.m_13845_(GsonHelper.java:481) ~[server-1.20.1-20230612.114412-srg.jar%23696!/:?]
	at net.minecraft.world.level.storage.loot.LootPool$Serializer.deserialize(LootPool.java:193) ~[server-1.20.1-20230612.114412-srg.jar%23696!/:?]
	at net.minecraft.world.level.storage.loot.LootPool$Serializer.deserialize(LootPool.java:189) ~[server-1.20.1-20230612.114412-srg.jar%23696!/:?]
	at com.google.gson.internal.bind.TreeTypeAdapter.read(TreeTypeAdapter.java:76) ~[gson-2.10.jar%2370!/:?]
	at com.google.gson.internal.bind.TypeAdapterRuntimeTypeWrapper.read(TypeAdapterRuntimeTypeWrapper.java:40) ~[gson-2.10.jar%2370!/:?]
	at com.google.gson.internal.bind.ArrayTypeAdapter.read(ArrayTypeAdapter.java:72) ~[gson-2.10.jar%2370!/:?]
	at com.google.gson.Gson.fromJson(Gson.java:1214) ~[gson-2.10.jar%2370!/:?]
	at com.google.gson.Gson.fromJson(Gson.java:1319) ~[gson-2.10.jar%2370!/:?]
	at com.google.gson.Gson.fromJson(Gson.java:1290) ~[gson-2.10.jar%2370!/:?]
	at com.google.gson.internal.bind.TreeTypeAdapter$GsonContextImpl.deserialize(TreeTypeAdapter.java:179) ~[gson-2.10.jar%2370!/:?]
	at net.minecraft.util.GsonHelper.m_13808_(GsonHelper.java:463) ~[server-1.20.1-20230612.114412-srg.jar%23696!/:?]
	at net.minecraft.util.GsonHelper.m_13845_(GsonHelper.java:481) ~[server-1.20.1-20230612.114412-srg.jar%23696!/:?]
	at net.minecraft.world.level.storage.loot.LootTable$Serializer.deserialize(LootTable.java:294) ~[server-1.20.1-20230612.114412-srg.jar%23696!/:?]
	at net.minecraft.world.level.storage.loot.LootTable$Serializer.deserialize(LootTable.java:291) ~[server-1.20.1-20230612.114412-srg.jar%23696!/:?]
	at com.google.gson.internal.bind.TreeTypeAdapter.read(TreeTypeAdapter.java:76) ~[gson-2.10.jar%2370!/:?]
	at com.google.gson.Gson.fromJson(Gson.java:1214) ~[gson-2.10.jar%2370!/:?]
	at com.google.gson.Gson.fromJson(Gson.java:1319) ~[gson-2.10.jar%2370!/:?]
	at com.google.gson.Gson.fromJson(Gson.java:1261) ~[gson-2.10.jar%2370!/:?]
	at net.minecraftforge.common.ForgeHooks.loadLootTable(ForgeHooks.java:872) ~[forge-1.20.1-47.4.22-universal.jar%23701!/:?]
	at net.minecraftforge.common.ForgeHooks.lambda$getLootTableDeserializer$3(ForgeHooks.java:849) ~[forge-1.20.1-47.4.22-universal.jar%23701!/:?]
	at net.minecraft.world.level.storage.loot.LootDataType.deserialize(LootDataType.java:45) ~[server-1.20.1-20230612.114412-srg.jar%23696!/:?]
	at net.minecraft.world.level.storage.loot.LootDataManager.lambda$scheduleElementParse$4(LootDataManager.java:56) ~[server-1.20.1-20230612.114412-srg.jar%23696!/:?]
	at java.util.HashMap.forEach(HashMap.java:1421) ~[?:?]
	at net.minecraft.world.level.storage.loot.LootDataManager.m_278660_(LootDataManager.java:55) ~[server-1.20.1-20230612.114412-srg.jar%23696!/:?]
	at java.util.concurrent.CompletableFuture$AsyncRun.run(CompletableFuture.java:1804) ~[?:?]
	at java.util.concurrent.CompletableFuture$AsyncRun.exec(CompletableFuture.java:1796) ~[?:?]
	at java.util.concurrent.ForkJoinTask.doExec(ForkJoinTask.java:373) ~[?:?]
	at java.util.concurrent.ForkJoinPool$WorkQueue.topLevelExec(ForkJoinPool.java:1182) ~[?:?]
	at java.util.concurrent.ForkJoinPool.scan(ForkJoinPool.java:1655) ~[?:?]
	at java.util.concurrent.ForkJoinPool.runWorker(ForkJoinPool.java:1622) ~[?:?]
	at java.util.concurrent.ForkJoinWorkerThread.run(ForkJoinWorkerThread.java:165) ~[?:?]
[04Aug2026 17:24:57.929] [Worker-Main-3/ERROR] [net.minecraftforge.common.ForgeHooks/]: Couldn't parse element loot_tables:idas:chests/archmages_tower/archmages_tower_treasure
com.google.gson.JsonSyntaxException: Expected name to be an item, was unknown string 'ars_nouveau:ritual_burrowing'
	at net.minecraft.util.GsonHelper.m_13866_(GsonHelper.java:145) ~[server-1.20.1-20230612.114412-srg.jar%23696!/:?]
	at java.util.Optional.orElseThrow(Optional.java:403) ~[?:?]
	at net.minecraft.util.GsonHelper.m_13874_(GsonHelper.java:145) ~[server-1.20.1-20230612.114412-srg.jar%23696!/:?]
	at net.minecraft.util.GsonHelper.m_13909_(GsonHelper.java:153) ~[server-1.20.1-20230612.114412-srg.jar%23696!/:?]
	at net.minecraft.world.level.storage.loot.entries.LootItem$Serializer.m_7267_(LootItem.java:55) ~[server-1.20.1-20230612.114412-srg.jar%23696!/:?]
	at net.minecraft.world.level.storage.loot.entries.LootItem$Serializer.m_7267_(LootItem.java:40) ~[server-1.20.1-20230612.114412-srg.jar%23696!/:?]
	at net.minecraft.world.level.storage.loot.entries.LootPoolSingletonContainer$Serializer.m_5921_(LootPoolSingletonContainer.java:151) ~[server-1.20.1-20230612.114412-srg.jar%23696!/:?]
	at net.minecraft.world.level.storage.loot.entries.LootPoolSingletonContainer$Serializer.m_5921_(LootPoolSingletonContainer.java:129) ~[server-1.20.1-20230612.114412-srg.jar%23696!/:?]
	at net.minecraft.world.level.storage.loot.entries.LootPoolEntryContainer$Serializer.m_7561_(LootPoolEntryContainer.java:86) ~[server-1.20.1-20230612.114412-srg.jar%23696!/:?]
	at net.minecraft.world.level.storage.loot.entries.LootPoolEntryContainer$Serializer.m_7561_(LootPoolEntryContainer.java:74) ~[server-1.20.1-20230612.114412-srg.jar%23696!/:?]
	at net.minecraft.world.level.storage.loot.GsonAdapterFactory$JsonAdapter.deserialize(GsonAdapterFactory.java:102) ~[server-1.20.1-20230612.114412-srg.jar%23696!/:?]
	at com.google.gson.internal.bind.TreeTypeAdapter.read(TreeTypeAdapter.java:76) ~[gson-2.10.jar%2370!/:?]
	at com.google.gson.internal.bind.TypeAdapterRuntimeTypeWrapper.read(TypeAdapterRuntimeTypeWrapper.java:40) ~[gson-2.10.jar%2370!/:?]
	at com.google.gson.internal.bind.ArrayTypeAdapter.read(ArrayTypeAdapter.java:72) ~[gson-2.10.jar%2370!/:?]
	at com.google.gson.Gson.fromJson(Gson.java:1214) ~[gson-2.10.jar%2370!/:?]
	at com.google.gson.Gson.fromJson(Gson.java:1319) ~[gson-2.10.jar%2370!/:?]
	at com.google.gson.Gson.fromJson(Gson.java:1290) ~[gson-2.10.jar%2370!/:?]
	at com.google.gson.internal.bind.TreeTypeAdapter$GsonContextImpl.deserialize(TreeTypeAdapter.java:179) ~[gson-2.10.jar%2370!/:?]
	at net.minecraft.util.GsonHelper.m_13808_(GsonHelper.java:463) ~[server-1.20.1-20230612.114412-srg.jar%23696!/:?]
	at net.minecraft.util.GsonHelper.m_13836_(GsonHelper.java:471) ~[server-1.20.1-20230612.114412-srg.jar%23696!/:?]
	at net.minecraft.world.level.storage.loot.LootPool$Serializer.deserialize(LootPool.java:192) ~[server-1.20.1-20230612.114412-srg.jar%23696!/:?]
	at net.minecraft.world.level.storage.loot.LootPool$Serializer.deserialize(LootPool.java:189) ~[server-1.20.1-20230612.114412-srg.jar%23696!/:?]
	at com.google.gson.internal.bind.TreeTypeAdapter.read(TreeTypeAdapter.java:76) ~[gson-2.10.jar%2370!/:?]
	at com.google.gson.internal.bind.TypeAdapterRuntimeTypeWrapper.read(TypeAdapterRuntimeTypeWrapper.java:40) ~[gson-2.10.jar%2370!/:?]
	at com.google.gson.internal.bind.ArrayTypeAdapter.read(ArrayTypeAdapter.java:72) ~[gson-2.10.jar%2370!/:?]
	at com.google.gson.Gson.fromJson(Gson.java:1214) ~[gson-2.10.jar%2370!/:?]
	at com.google.gson.Gson.fromJson(Gson.java:1319) ~[gson-2.10.jar%2370!/:?]
	at com.google.gson.Gson.fromJson(Gson.java:1290) ~[gson-2.10.jar%2370!/:?]
	at com.google.gson.internal.bind.TreeTypeAdapter$GsonContextImpl.deserialize(TreeTypeAdapter.java:179) ~[gson-2.10.jar%2370!/:?]
	at net.minecraft.util.GsonHelper.m_13808_(GsonHelper.java:463) ~[server-1.20.1-20230612.114412-srg.jar%23696!/:?]
	at net.minecraft.util.GsonHelper.m_13845_(GsonHelper.java:481) ~[server-1.20.1-20230612.114412-srg.jar%23696!/:?]
	at net.minecraft.world.level.storage.loot.LootTable$Serializer.deserialize(LootTable.java:294) ~[server-1.20.1-20230612.114412-srg.jar%23696!/:?]
	at net.minecraft.world.level.storage.loot.LootTable$Serializer.deserialize(LootTable.java:291) ~[server-1.20.1-20230612.114412-srg.jar%23696!/:?]
	at com.google.gson.internal.bind.TreeTypeAdapter.read(TreeTypeAdapter.java:76) ~[gson-2.10.jar%2370!/:?]
	at com.google.gson.Gson.fromJson(Gson.java:1214) ~[gson-2.10.jar%2370!/:?]
	at com.google.gson.Gson.fromJson(Gson.java:1319) ~[gson-2.10.jar%2370!/:?]
	at com.google.gson.Gson.fromJson(Gson.java:1261) ~[gson-2.10.jar%2370!/:?]
	at net.minecraftforge.common.ForgeHooks.loadLootTable(ForgeHooks.java:872) ~[forge-1.20.1-47.4.22-universal.jar%23701!/:?]
	at net.minecraftforge.common.ForgeHooks.lambda$getLootTableDeserializer$3(ForgeHooks.java:849) ~[forge-1.20.1-47.4.22-universal.jar%23701!/:?]
	at net.minecraft.world.level.storage.loot.LootDataType.deserialize(LootDataType.java:45) ~[server-1.20.1-20230612.114412-srg.jar%23696!/:?]
	at net.minecraft.world.level.storage.loot.LootDataManager.lambda$scheduleElementParse$4(LootDataManager.java:56) ~[server-1.20.1-20230612.114412-srg.jar%23696!/:?]
	at java.util.HashMap.forEach(HashMap.java:1421) ~[?:?]
	at net.minecraft.world.level.storage.loot.LootDataManager.m_278660_(LootDataManager.java:55) ~[server-1.20.1-20230612.114412-srg.jar%23696!/:?]
	at java.util.concurrent.CompletableFuture$AsyncRun.run(CompletableFuture.java:1804) ~[?:?]
	at java.util.concurrent.CompletableFuture$AsyncRun.exec(CompletableFuture.java:1796) ~[?:?]
	at java.util.concurrent.ForkJoinTask.doExec(ForkJoinTask.java:373) ~[?:?]
	at java.util.concurrent.ForkJoinPool$WorkQueue.topLevelExec(ForkJoinPool.java:1182) ~[?:?]
	at java.util.concurrent.ForkJoinPool.scan(ForkJoinPool.java:1655) ~[?:?]
	at java.util.concurrent.ForkJoinPool.runWorker(ForkJoinPool.java:1622) ~[?:?]
	at java.util.concurrent.ForkJoinWorkerThread.run(ForkJoinWorkerThread.java:165) ~[?:?]
[04Aug2026 17:24:57.998] [Worker-Main-3/ERROR] [net.minecraftforge.common.ForgeHooks/]: Couldn't parse element loot_tables:idas:chests/archmages_tower/archmages_tower_library
com.google.gson.JsonSyntaxException: Expected name to be an item, was unknown string 'ars_nouveau:worn_notebook'
	at net.minecraft.util.GsonHelper.m_13866_(GsonHelper.java:145) ~[server-1.20.1-20230612.114412-srg.jar%23696!/:?]
	at java.util.Optional.orElseThrow(Optional.java:403) ~[?:?]
	at net.minecraft.util.GsonHelper.m_13874_(GsonHelper.java:145) ~[server-1.20.1-20230612.114412-srg.jar%23696!/:?]
	at net.minecraft.util.GsonHelper.m_13909_(GsonHelper.java:153) ~[server-1.20.1-20230612.114412-srg.jar%23696!/:?]
	at net.minecraft.world.level.storage.loot.entries.LootItem$Serializer.m_7267_(LootItem.java:55) ~[server-1.20.1-20230612.114412-srg.jar%23696!/:?]
	at net.minecraft.world.level.storage.loot.entries.LootItem$Serializer.m_7267_(LootItem.java:40) ~[server-1.20.1-20230612.114412-srg.jar%23696!/:?]
	at net.minecraft.world.level.storage.loot.entries.LootPoolSingletonContainer$Serializer.m_5921_(LootPoolSingletonContainer.java:151) ~[server-1.20.1-20230612.114412-srg.jar%23696!/:?]
	at net.minecraft.world.level.storage.loot.entries.LootPoolSingletonContainer$Serializer.m_5921_(LootPoolSingletonContainer.java:129) ~[server-1.20.1-20230612.114412-srg.jar%23696!/:?]
	at net.minecraft.world.level.storage.loot.entries.LootPoolEntryContainer$Serializer.m_7561_(LootPoolEntryContainer.java:86) ~[server-1.20.1-20230612.114412-srg.jar%23696!/:?]
	at net.minecraft.world.level.storage.loot.entries.LootPoolEntryContainer$Serializer.m_7561_(LootPoolEntryContainer.java:74) ~[server-1.20.1-20230612.114412-srg.jar%23696!/:?]
	at net.minecraft.world.level.storage.loot.GsonAdapterFactory$JsonAdapter.deserialize(GsonAdapterFactory.java:102) ~[server-1.20.1-20230612.114412-srg.jar%23696!/:?]
	at com.google.gson.internal.bind.TreeTypeAdapter.read(TreeTypeAdapter.java:76) ~[gson-2.10.jar%2370!/:?]
	at com.google.gson.internal.bind.TypeAdapterRuntimeTypeWrapper.read(TypeAdapterRuntimeTypeWrapper.java:40) ~[gson-2.10.jar%2370!/:?]
	at com.google.gson.internal.bind.ArrayTypeAdapter.read(ArrayTypeAdapter.java:72) ~[gson-2.10.jar%2370!/:?]
	at com.google.gson.Gson.fromJson(Gson.java:1214) ~[gson-2.10.jar%2370!/:?]
	at com.google.gson.Gson.fromJson(Gson.java:1319) ~[gson-2.10.jar%2370!/:?]
	at com.google.gson.Gson.fromJson(Gson.java:1290) ~[gson-2.10.jar%2370!/:?]
	at com.google.gson.internal.bind.TreeTypeAdapter$GsonContextImpl.deserialize(TreeTypeAdapter.java:179) ~[gson-2.10.jar%2370!/:?]
	at net.minecraft.util.GsonHelper.m_13808_(GsonHelper.java:463) ~[server-1.20.1-20230612.114412-srg.jar%23696!/:?]
	at net.minecraft.util.GsonHelper.m_13836_(GsonHelper.java:471) ~[server-1.20.1-20230612.114412-srg.jar%23696!/:?]
	at net.minecraft.world.level.storage.loot.LootPool$Serializer.deserialize(LootPool.java:192) ~[server-1.20.1-20230612.114412-srg.jar%23696!/:?]
	at net.minecraft.world.level.storage.loot.LootPool$Serializer.deserialize(LootPool.java:189) ~[server-1.20.1-20230612.114412-srg.jar%23696!/:?]
	at com.google.gson.internal.bind.TreeTypeAdapter.read(TreeTypeAdapter.java:76) ~[gson-2.10.jar%2370!/:?]
	at com.google.gson.internal.bind.TypeAdapterRuntimeTypeWrapper.read(TypeAdapterRuntimeTypeWrapper.java:40) ~[gson-2.10.jar%2370!/:?]
	at com.google.gson.internal.bind.ArrayTypeAdapter.read(ArrayTypeAdapter.java:72) ~[gson-2.10.jar%2370!/:?]
	at com.google.gson.Gson.fromJson(Gson.java:1214) ~[gson-2.10.jar%2370!/:?]
	at com.google.gson.Gson.fromJson(Gson.java:1319) ~[gson-2.10.jar%2370!/:?]
	at com.google.gson.Gson.fromJson(Gson.java:1290) ~[gson-2.10.jar%2370!/:?]
	at com.google.gson.internal.bind.TreeTypeAdapter$GsonContextImpl.deserialize(TreeTypeAdapter.java:179) ~[gson-2.10.jar%2370!/:?]
	at net.minecraft.util.GsonHelper.m_13808_(GsonHelper.java:463) ~[server-1.20.1-20230612.114412-srg.jar%23696!/:?]
	at net.minecraft.util.GsonHelper.m_13845_(GsonHelper.java:481) ~[server-1.20.1-20230612.114412-srg.jar%23696!/:?]
	at net.minecraft.world.level.storage.loot.LootTable$Serializer.deserialize(LootTable.java:294) ~[server-1.20.1-20230612.114412-srg.jar%23696!/:?]
	at net.minecraft.world.level.storage.loot.LootTable$Serializer.deserialize(LootTable.java:291) ~[server-1.20.1-20230612.114412-srg.jar%23696!/:?]
	at com.google.gson.internal.bind.TreeTypeAdapter.read(TreeTypeAdapter.java:76) ~[gson-2.10.jar%2370!/:?]
	at com.google.gson.Gson.fromJson(Gson.java:1214) ~[gson-2.10.jar%2370!/:?]
	at com.google.gson.Gson.fromJson(Gson.java:1319) ~[gson-2.10.jar%2370!/:?]
	at com.google.gson.Gson.fromJson(Gson.java:1261) ~[gson-2.10.jar%2370!/:?]
	at net.minecraftforge.common.ForgeHooks.loadLootTable(ForgeHooks.java:872) ~[forge-1.20.1-47.4.22-universal.jar%23701!/:?]
	at net.minecraftforge.common.ForgeHooks.lambda$getLootTableDeserializer$3(ForgeHooks.java:849) ~[forge-1.20.1-47.4.22-universal.jar%23701!/:?]
	at net.minecraft.world.level.storage.loot.LootDataType.deserialize(LootDataType.java:45) ~[server-1.20.1-20230612.114412-srg.jar%23696!/:?]
	at net.minecraft.world.level.storage.loot.LootDataManager.lambda$scheduleElementParse$4(LootDataManager.java:56) ~[server-1.20.1-20230612.114412-srg.jar%23696!/:?]
	at java.util.HashMap.forEach(HashMap.java:1421) ~[?:?]
	at net.minecraft.world.level.storage.loot.LootDataManager.m_278660_(LootDataManager.java:55) ~[server-1.20.1-20230612.114412-srg.jar%23696!/:?]
	at java.util.concurrent.CompletableFuture$AsyncRun.run(CompletableFuture.java:1804) ~[?:?]
	at java.util.concurrent.CompletableFuture$AsyncRun.exec(CompletableFuture.java:1796) ~[?:?]
	at java.util.concurrent.ForkJoinTask.doExec(ForkJoinTask.java:373) ~[?:?]
	at java.util.concurrent.ForkJoinPool$WorkQueue.topLevelExec(ForkJoinPool.java:1182) ~[?:?]
	at java.util.concurrent.ForkJoinPool.scan(ForkJoinPool.java:1655) ~[?:?]
	at java.util.concurrent.ForkJoinPool.runWorker(ForkJoinPool.java:1622) ~[?:?]
	at java.util.concurrent.ForkJoinWorkerThread.run(ForkJoinWorkerThread.java:165) ~[?:?]
[04Aug2026 17:24:58.027] [Worker-Main-3/ERROR] [net.minecraftforge.common.ForgeHooks/]: Couldn't parse element loot_tables:block_factorys_bosses:chests/underworld_arena_vault
com.google.gson.JsonSyntaxException: Unknown enchantment 'minecraft:mending'
	at net.minecraft.world.level.storage.loot.functions.SetEnchantmentsFunction$Serializer.m_165401_(SetEnchantmentsFunction.java:133) ~[server-1.20.1-20230612.114412-srg.jar%23696!/:?]
	at java.util.Optional.orElseThrow(Optional.java:403) ~[?:?]
	at net.minecraft.world.level.storage.loot.functions.SetEnchantmentsFunction$Serializer.m_6821_(SetEnchantmentsFunction.java:133) ~[server-1.20.1-20230612.114412-srg.jar%23696!/:?]
	at net.minecraft.world.level.storage.loot.functions.SetEnchantmentsFunction$Serializer.m_6821_(SetEnchantmentsFunction.java:107) ~[server-1.20.1-20230612.114412-srg.jar%23696!/:?]
	at net.minecraft.world.level.storage.loot.functions.LootItemConditionalFunction$Serializer.m_7561_(LootItemConditionalFunction.java:99) ~[server-1.20.1-20230612.114412-srg.jar%23696!/:?]
	at net.minecraft.world.level.storage.loot.functions.LootItemConditionalFunction$Serializer.m_7561_(LootItemConditionalFunction.java:88) ~[server-1.20.1-20230612.114412-srg.jar%23696!/:?]
	at net.minecraft.world.level.storage.loot.GsonAdapterFactory$JsonAdapter.deserialize(GsonAdapterFactory.java:102) ~[server-1.20.1-20230612.114412-srg.jar%23696!/:?]
	at com.google.gson.internal.bind.TreeTypeAdapter.read(TreeTypeAdapter.java:76) ~[gson-2.10.jar%2370!/:?]
	at com.google.gson.internal.bind.TypeAdapterRuntimeTypeWrapper.read(TypeAdapterRuntimeTypeWrapper.java:40) ~[gson-2.10.jar%2370!/:?]
	at com.google.gson.internal.bind.ArrayTypeAdapter.read(ArrayTypeAdapter.java:72) ~[gson-2.10.jar%2370!/:?]
	at com.google.gson.Gson.fromJson(Gson.java:1214) ~[gson-2.10.jar%2370!/:?]
	at com.google.gson.Gson.fromJson(Gson.java:1319) ~[gson-2.10.jar%2370!/:?]
	at com.google.gson.Gson.fromJson(Gson.java:1290) ~[gson-2.10.jar%2370!/:?]
	at com.google.gson.internal.bind.TreeTypeAdapter$GsonContextImpl.deserialize(TreeTypeAdapter.java:179) ~[gson-2.10.jar%2370!/:?]
	at net.minecraft.util.GsonHelper.m_13808_(GsonHelper.java:463) ~[server-1.20.1-20230612.114412-srg.jar%23696!/:?]
	at net.minecraft.util.GsonHelper.m_13845_(GsonHelper.java:481) ~[server-1.20.1-20230612.114412-srg.jar%23696!/:?]
	at net.minecraft.world.level.storage.loot.entries.LootPoolSingletonContainer$Serializer.m_5921_(LootPoolSingletonContainer.java:149) ~[server-1.20.1-20230612.114412-srg.jar%23696!/:?]
	at net.minecraft.world.level.storage.loot.entries.LootPoolSingletonContainer$Serializer.m_5921_(LootPoolSingletonContainer.java:129) ~[server-1.20.1-20230612.114412-srg.jar%23696!/:?]
	at net.minecraft.world.level.storage.loot.entries.LootPoolEntryContainer$Serializer.m_7561_(LootPoolEntryContainer.java:86) ~[server-1.20.1-20230612.114412-srg.jar%23696!/:?]
	at net.minecraft.world.level.storage.loot.entries.LootPoolEntryContainer$Serializer.m_7561_(LootPoolEntryContainer.java:74) ~[server-1.20.1-20230612.114412-srg.jar%23696!/:?]
	at net.minecraft.world.level.storage.loot.GsonAdapterFactory$JsonAdapter.deserialize(GsonAdapterFactory.java:102) ~[server-1.20.1-20230612.114412-srg.jar%23696!/:?]
	at com.google.gson.internal.bind.TreeTypeAdapter.read(TreeTypeAdapter.java:76) ~[gson-2.10.jar%2370!/:?]
	at com.google.gson.internal.bind.TypeAdapterRuntimeTypeWrapper.read(TypeAdapterRuntimeTypeWrapper.java:40) ~[gson-2.10.jar%2370!/:?]
	at com.google.gson.internal.bind.ArrayTypeAdapter.read(ArrayTypeAdapter.java:72) ~[gson-2.10.jar%2370!/:?]
	at com.google.gson.Gson.fromJson(Gson.java:1214) ~[gson-2.10.jar%2370!/:?]
	at com.google.gson.Gson.fromJson(Gson.java:1319) ~[gson-2.10.jar%2370!/:?]
	at com.google.gson.Gson.fromJson(Gson.java:1290) ~[gson-2.10.jar%2370!/:?]
	at com.google.gson.internal.bind.TreeTypeAdapter$GsonContextImpl.deserialize(TreeTypeAdapter.java:179) ~[gson-2.10.jar%2370!/:?]
	at net.minecraft.util.GsonHelper.m_13808_(GsonHelper.java:463) ~[server-1.20.1-20230612.114412-srg.jar%23696!/:?]
	at net.minecraft.util.GsonHelper.m_13836_(GsonHelper.java:471) ~[server-1.20.1-20230612.114412-srg.jar%23696!/:?]
	at net.minecraft.world.level.storage.loot.LootPool$Serializer.deserialize(LootPool.java:192) ~[server-1.20.1-20230612.114412-srg.jar%23696!/:?]
	at net.minecraft.world.level.storage.loot.LootPool$Serializer.deserialize(LootPool.java:189) ~[server-1.20.1-20230612.114412-srg.jar%23696!/:?]
	at com.google.gson.internal.bind.TreeTypeAdapter.read(TreeTypeAdapter.java:76) ~[gson-2.10.jar%2370!/:?]
	at com.google.gson.internal.bind.TypeAdapterRuntimeTypeWrapper.read(TypeAdapterRuntimeTypeWrapper.java:40) ~[gson-2.10.jar%2370!/:?]
	at com.google.gson.internal.bind.ArrayTypeAdapter.read(ArrayTypeAdapter.java:72) ~[gson-2.10.jar%2370!/:?]
	at com.google.gson.Gson.fromJson(Gson.java:1214) ~[gson-2.10.jar%2370!/:?]
	at com.google.gson.Gson.fromJson(Gson.java:1319) ~[gson-2.10.jar%2370!/:?]
	at com.google.gson.Gson.fromJson(Gson.java:1290) ~[gson-2.10.jar%2370!/:?]
	at com.google.gson.internal.bind.TreeTypeAdapter$GsonContextImpl.deserialize(TreeTypeAdapter.java:179) ~[gson-2.10.jar%2370!/:?]
	at net.minecraft.util.GsonHelper.m_13808_(GsonHelper.java:463) ~[server-1.20.1-20230612.114412-srg.jar%23696!/:?]
	at net.minecraft.util.GsonHelper.m_13845_(GsonHelper.java:481) ~[server-1.20.1-20230612.114412-srg.jar%23696!/:?]
	at net.minecraft.world.level.storage.loot.LootTable$Serializer.deserialize(LootTable.java:294) ~[server-1.20.1-20230612.114412-srg.jar%23696!/:?]
	at net.minecraft.world.level.storage.loot.LootTable$Serializer.deserialize(LootTable.java:291) ~[server-1.20.1-20230612.114412-srg.jar%23696!/:?]
	at com.google.gson.internal.bind.TreeTypeAdapter.read(TreeTypeAdapter.java:76) ~[gson-2.10.jar%2370!/:?]
	at com.google.gson.Gson.fromJson(Gson.java:1214) ~[gson-2.10.jar%2370!/:?]
	at com.google.gson.Gson.fromJson(Gson.java:1319) ~[gson-2.10.jar%2370!/:?]
	at com.google.gson.Gson.fromJson(Gson.java:1261) ~[gson-2.10.jar%2370!/:?]
	at net.minecraftforge.common.ForgeHooks.loadLootTable(ForgeHooks.java:872) ~[forge-1.20.1-47.4.22-universal.jar%23701!/:?]
	at net.minecraftforge.common.ForgeHooks.lambda$getLootTableDeserializer$3(ForgeHooks.java:849) ~[forge-1.20.1-47.4.22-universal.jar%23701!/:?]
	at net.minecraft.world.level.storage.loot.LootDataType.deserialize(LootDataType.java:45) ~[server-1.20.1-20230612.114412-srg.jar%23696!/:?]
	at net.minecraft.world.level.storage.loot.LootDataManager.lambda$scheduleElementParse$4(LootDataManager.java:56) ~[server-1.20.1-20230612.114412-srg.jar%23696!/:?]
	at java.util.HashMap.forEach(HashMap.java:1421) ~[?:?]
	at net.minecraft.world.level.storage.loot.LootDataManager.m_278660_(LootDataManager.java:55) ~[server-1.20.1-20230612.114412-srg.jar%23696!/:?]
	at java.util.concurrent.CompletableFuture$AsyncRun.run(CompletableFuture.java:1804) ~[?:?]
	at java.util.concurrent.CompletableFuture$AsyncRun.exec(CompletableFuture.java:1796) ~[?:?]
	at java.util.concurrent.ForkJoinTask.doExec(ForkJoinTask.java:373) ~[?:?]
	at java.util.concurrent.ForkJoinPool$WorkQueue.topLevelExec(ForkJoinPool.java:1182) ~[?:?]
	at java.util.concurrent.ForkJoinPool.scan(ForkJoinPool.java:1655) ~[?:?]
	at java.util.concurrent.ForkJoinPool.runWorker(ForkJoinPool.java:1622) ~[?:?]
	at java.util.concurrent.ForkJoinWorkerThread.run(ForkJoinWorkerThread.java:165) ~[?:?]
[04Aug2026 17:24:58.041] [Worker-Main-3/ERROR] [net.minecraftforge.common.ForgeHooks/]: Couldn't parse element loot_tables:pamhc2crops:blocks/pamcabbagecrop
java.lang.IllegalArgumentException: Can't find block pamhc2crops:pamcabbagecrop
	at net.minecraft.world.level.storage.loot.predicates.LootItemBlockStatePropertyCondition$Serializer.m_81802_(LootItemBlockStatePropertyCondition.java:79) ~[server-1.20.1-20230612.114412-srg.jar%23696!/:?]
	at java.util.Optional.orElseThrow(Optional.java:403) ~[?:?]
	at net.minecraft.world.level.storage.loot.predicates.LootItemBlockStatePropertyCondition$Serializer.m_7561_(LootItemBlockStatePropertyCondition.java:79) ~[server-1.20.1-20230612.114412-srg.jar%23696!/:?]
	at net.minecraft.world.level.storage.loot.predicates.LootItemBlockStatePropertyCondition$Serializer.m_7561_(LootItemBlockStatePropertyCondition.java:68) ~[server-1.20.1-20230612.114412-srg.jar%23696!/:?]
	at net.minecraft.world.level.storage.loot.GsonAdapterFactory$JsonAdapter.deserialize(GsonAdapterFactory.java:102) ~[server-1.20.1-20230612.114412-srg.jar%23696!/:?]
	at com.google.gson.internal.bind.TreeTypeAdapter.read(TreeTypeAdapter.java:76) ~[gson-2.10.jar%2370!/:?]
	at com.google.gson.internal.bind.TypeAdapterRuntimeTypeWrapper.read(TypeAdapterRuntimeTypeWrapper.java:40) ~[gson-2.10.jar%2370!/:?]
	at com.google.gson.internal.bind.ArrayTypeAdapter.read(ArrayTypeAdapter.java:72) ~[gson-2.10.jar%2370!/:?]
	at com.google.gson.Gson.fromJson(Gson.java:1214) ~[gson-2.10.jar%2370!/:?]
	at com.google.gson.Gson.fromJson(Gson.java:1319) ~[gson-2.10.jar%2370!/:?]
	at com.google.gson.Gson.fromJson(Gson.java:1290) ~[gson-2.10.jar%2370!/:?]
	at com.google.gson.internal.bind.TreeTypeAdapter$GsonContextImpl.deserialize(TreeTypeAdapter.java:179) ~[gson-2.10.jar%2370!/:?]
	at net.minecraft.util.GsonHelper.m_13808_(GsonHelper.java:463) ~[server-1.20.1-20230612.114412-srg.jar%23696!/:?]
	at net.minecraft.util.GsonHelper.m_13845_(GsonHelper.java:481) ~[server-1.20.1-20230612.114412-srg.jar%23696!/:?]
	at net.minecraft.world.level.storage.loot.LootPool$Serializer.deserialize(LootPool.java:193) ~[server-1.20.1-20230612.114412-srg.jar%23696!/:?]
	at net.minecraft.world.level.storage.loot.LootPool$Serializer.deserialize(LootPool.java:189) ~[server-1.20.1-20230612.114412-srg.jar%23696!/:?]
	at com.google.gson.internal.bind.TreeTypeAdapter.read(TreeTypeAdapter.java:76) ~[gson-2.10.jar%2370!/:?]
	at com.google.gson.internal.bind.TypeAdapterRuntimeTypeWrapper.read(TypeAdapterRuntimeTypeWrapper.java:40) ~[gson-2.10.jar%2370!/:?]
	at com.google.gson.internal.bind.ArrayTypeAdapter.read(ArrayTypeAdapter.java:72) ~[gson-2.10.jar%2370!/:?]
	at com.google.gson.Gson.fromJson(Gson.java:1214) ~[gson-2.10.jar%2370!/:?]
	at com.google.gson.Gson.fromJson(Gson.java:1319) ~[gson-2.10.jar%2370!/:?]
	at com.google.gson.Gson.fromJson(Gson.java:1290) ~[gson-2.10.jar%2370!/:?]
	at com.google.gson.internal.bind.TreeTypeAdapter$GsonContextImpl.deserialize(TreeTypeAdapter.java:179) ~[gson-2.10.jar%2370!/:?]
	at net.minecraft.util.GsonHelper.m_13808_(GsonHelper.java:463) ~[server-1.20.1-20230612.114412-srg.jar%23696!/:?]
	at net.minecraft.util.GsonHelper.m_13845_(GsonHelper.java:481) ~[server-1.20.1-20230612.114412-srg.jar%23696!/:?]
	at net.minecraft.world.level.storage.loot.LootTable$Serializer.deserialize(LootTable.java:294) ~[server-1.20.1-20230612.114412-srg.jar%23696!/:?]
	at net.minecraft.world.level.storage.loot.LootTable$Serializer.deserialize(LootTable.java:291) ~[server-1.20.1-20230612.114412-srg.jar%23696!/:?]
	at com.google.gson.internal.bind.TreeTypeAdapter.read(TreeTypeAdapter.java:76) ~[gson-2.10.jar%2370!/:?]
	at com.google.gson.Gson.fromJson(Gson.java:1214) ~[gson-2.10.jar%2370!/:?]
	at com.google.gson.Gson.fromJson(Gson.java:1319) ~[gson-2.10.jar%2370!/:?]
	at com.google.gson.Gson.fromJson(Gson.java:1261) ~[gson-2.10.jar%2370!/:?]
	at net.minecraftforge.common.ForgeHooks.loadLootTable(ForgeHooks.java:872) ~[forge-1.20.1-47.4.22-universal.jar%23701!/:?]
	at net.minecraftforge.common.ForgeHooks.lambda$getLootTableDeserializer$3(ForgeHooks.java:849) ~[forge-1.20.1-47.4.22-universal.jar%23701!/:?]
	at net.minecraft.world.level.storage.loot.LootDataType.deserialize(LootDataType.java:45) ~[server-1.20.1-20230612.114412-srg.jar%23696!/:?]
	at net.minecraft.world.level.storage.loot.LootDataManager.lambda$scheduleElementParse$4(LootDataManager.java:56) ~[server-1.20.1-20230612.114412-srg.jar%23696!/:?]
	at java.util.HashMap.forEach(HashMap.java:1421) ~[?:?]
	at net.minecraft.world.level.storage.loot.LootDataManager.m_278660_(LootDataManager.java:55) ~[server-1.20.1-20230612.114412-srg.jar%23696!/:?]
	at java.util.concurrent.CompletableFuture$AsyncRun.run(CompletableFuture.java:1804) ~[?:?]
	at java.util.concurrent.CompletableFuture$AsyncRun.exec(CompletableFuture.java:1796) ~[?:?]
	at java.util.concurrent.ForkJoinTask.doExec(ForkJoinTask.java:373) ~[?:?]
	at java.util.concurrent.ForkJoinPool$WorkQueue.topLevelExec(ForkJoinPool.java:1182) ~[?:?]
	at java.util.concurrent.ForkJoinPool.scan(ForkJoinPool.java:1655) ~[?:?]
	at java.util.concurrent.ForkJoinPool.runWorker(ForkJoinPool.java:1622) ~[?:?]
	at java.util.concurrent.ForkJoinWorkerThread.run(ForkJoinWorkerThread.java:165) ~[?:?]
[04Aug2026 17:24:58.047] [Worker-Main-3/ERROR] [net.minecraftforge.common.ForgeHooks/]: Couldn't parse element loot_tables:pamhc2crops:blocks/frostgarden
com.google.gson.JsonSyntaxException: Expected name to be an item, was unknown string 'pamhc2crops:broccoliitem'
	at net.minecraft.util.GsonHelper.m_13866_(GsonHelper.java:145) ~[server-1.20.1-20230612.114412-srg.jar%23696!/:?]
	at java.util.Optional.orElseThrow(Optional.java:403) ~[?:?]
	at net.minecraft.util.GsonHelper.m_13874_(GsonHelper.java:145) ~[server-1.20.1-20230612.114412-srg.jar%23696!/:?]
	at net.minecraft.util.GsonHelper.m_13909_(GsonHelper.java:153) ~[server-1.20.1-20230612.114412-srg.jar%23696!/:?]
	at net.minecraft.world.level.storage.loot.entries.LootItem$Serializer.m_7267_(LootItem.java:55) ~[server-1.20.1-20230612.114412-srg.jar%23696!/:?]
	at net.minecraft.world.level.storage.loot.entries.LootItem$Serializer.m_7267_(LootItem.java:40) ~[server-1.20.1-20230612.114412-srg.jar%23696!/:?]
	at net.minecraft.world.level.storage.loot.entries.LootPoolSingletonContainer$Serializer.m_5921_(LootPoolSingletonContainer.java:151) ~[server-1.20.1-20230612.114412-srg.jar%23696!/:?]
	at net.minecraft.world.level.storage.loot.entries.LootPoolSingletonContainer$Serializer.m_5921_(LootPoolSingletonContainer.java:129) ~[server-1.20.1-20230612.114412-srg.jar%23696!/:?]
	at net.minecraft.world.level.storage.loot.entries.LootPoolEntryContainer$Serializer.m_7561_(LootPoolEntryContainer.java:86) ~[server-1.20.1-20230612.114412-srg.jar%23696!/:?]
	at net.minecraft.world.level.storage.loot.entries.LootPoolEntryContainer$Serializer.m_7561_(LootPoolEntryContainer.java:74) ~[server-1.20.1-20230612.114412-srg.jar%23696!/:?]
	at net.minecraft.world.level.storage.loot.GsonAdapterFactory$JsonAdapter.deserialize(GsonAdapterFactory.java:102) ~[server-1.20.1-20230612.114412-srg.jar%23696!/:?]
	at com.google.gson.internal.bind.TreeTypeAdapter.read(TreeTypeAdapter.java:76) ~[gson-2.10.jar%2370!/:?]
	at com.google.gson.internal.bind.TypeAdapterRuntimeTypeWrapper.read(TypeAdapterRuntimeTypeWrapper.java:40) ~[gson-2.10.jar%2370!/:?]
	at com.google.gson.internal.bind.ArrayTypeAdapter.read(ArrayTypeAdapter.java:72) ~[gson-2.10.jar%2370!/:?]
	at com.google.gson.Gson.fromJson(Gson.java:1214) ~[gson-2.10.jar%2370!/:?]
	at com.google.gson.Gson.fromJson(Gson.java:1319) ~[gson-2.10.jar%2370!/:?]
	at com.google.gson.Gson.fromJson(Gson.java:1290) ~[gson-2.10.jar%2370!/:?]
	at com.google.gson.internal.bind.TreeTypeAdapter$GsonContextImpl.deserialize(TreeTypeAdapter.java:179) ~[gson-2.10.jar%2370!/:?]
	at net.minecraft.util.GsonHelper.m_13808_(GsonHelper.java:463) ~[server-1.20.1-20230612.114412-srg.jar%23696!/:?]
	at net.minecraft.util.GsonHelper.m_13836_(GsonHelper.java:471) ~[server-1.20.1-20230612.114412-srg.jar%23696!/:?]
	at net.minecraft.world.level.storage.loot.LootPool$Serializer.deserialize(LootPool.java:192) ~[server-1.20.1-20230612.114412-srg.jar%23696!/:?]
	at net.minecraft.world.level.storage.loot.LootPool$Serializer.deserialize(LootPool.java:189) ~[server-1.20.1-20230612.114412-srg.jar%23696!/:?]
	at com.google.gson.internal.bind.TreeTypeAdapter.read(TreeTypeAdapter.java:76) ~[gson-2.10.jar%2370!/:?]
	at com.google.gson.internal.bind.TypeAdapterRuntimeTypeWrapper.read(TypeAdapterRuntimeTypeWrapper.java:40) ~[gson-2.10.jar%2370!/:?]
	at com.google.gson.internal.bind.ArrayTypeAdapter.read(ArrayTypeAdapter.java:72) ~[gson-2.10.jar%2370!/:?]
	at com.google.gson.Gson.fromJson(Gson.java:1214) ~[gson-2.10.jar%2370!/:?]
	at com.google.gson.Gson.fromJson(Gson.java:1319) ~[gson-2.10.jar%2370!/:?]
	at com.google.gson.Gson.fromJson(Gson.java:1290) ~[gson-2.10.jar%2370!/:?]
	at com.google.gson.internal.bind.TreeTypeAdapter$GsonContextImpl.deserialize(TreeTypeAdapter.java:179) ~[gson-2.10.jar%2370!/:?]
	at net.minecraft.util.GsonHelper.m_13808_(GsonHelper.java:463) ~[server-1.20.1-20230612.114412-srg.jar%23696!/:?]
	at net.minecraft.util.GsonHelper.m_13845_(GsonHelper.java:481) ~[server-1.20.1-20230612.114412-srg.jar%23696!/:?]
	at net.minecraft.world.level.storage.loot.LootTable$Serializer.deserialize(LootTable.java:294) ~[server-1.20.1-20230612.114412-srg.jar%23696!/:?]
	at net.minecraft.world.level.storage.loot.LootTable$Serializer.deserialize(LootTable.java:291) ~[server-1.20.1-20230612.114412-srg.jar%23696!/:?]
	at com.google.gson.internal.bind.TreeTypeAdapter.read(TreeTypeAdapter.java:76) ~[gson-2.10.jar%2370!/:?]
	at com.google.gson.Gson.fromJson(Gson.java:1214) ~[gson-2.10.jar%2370!/:?]
	at com.google.gson.Gson.fromJson(Gson.java:1319) ~[gson-2.10.jar%2370!/:?]
	at com.google.gson.Gson.fromJson(Gson.java:1261) ~[gson-2.10.jar%2370!/:?]
	at net.minecraftforge.common.ForgeHooks.loadLootTable(ForgeHooks.java:872) ~[forge-1.20.1-47.4.22-universal.jar%23701!/:?]
	at net.minecraftforge.common.ForgeHooks.lambda$getLootTableDeserializer$3(ForgeHooks.java:849) ~[forge-1.20.1-47.4.22-universal.jar%23701!/:?]
	at net.minecraft.world.level.storage.loot.LootDataType.deserialize(LootDataType.java:45) ~[server-1.20.1-20230612.114412-srg.jar%23696!/:?]
	at net.minecraft.world.level.storage.loot.LootDataManager.lambda$scheduleElementParse$4(LootDataManager.java:56) ~[server-1.20.1-20230612.114412-srg.jar%23696!/:?]
	at java.util.HashMap.forEach(HashMap.java:1421) ~[?:?]
	at net.minecraft.world.level.storage.loot.LootDataManager.m_278660_(LootDataManager.java:55) ~[server-1.20.1-20230612.114412-srg.jar%23696!/:?]
	at java.util.concurrent.CompletableFuture$AsyncRun.run(CompletableFuture.java:1804) ~[?:?]
	at java.util.concurrent.CompletableFuture$AsyncRun.exec(CompletableFuture.java:1796) ~[?:?]
	at java.util.concurrent.ForkJoinTask.doExec(ForkJoinTask.java:373) ~[?:?]
	at java.util.concurrent.ForkJoinPool$WorkQueue.topLevelExec(ForkJoinPool.java:1182) ~[?:?]
	at java.util.concurrent.ForkJoinPool.scan(ForkJoinPool.java:1655) ~[?:?]
	at java.util.concurrent.ForkJoinPool.runWorker(ForkJoinPool.java:1622) ~[?:?]
	at java.util.concurrent.ForkJoinWorkerThread.run(ForkJoinWorkerThread.java:165) ~[?:?]
[04Aug2026 17:24:58.129] [Worker-Main-3/ERROR] [net.minecraftforge.common.ForgeHooks/]: Couldn't parse element loot_tables:createfisheryindustry:entities/peeler/turtle
com.google.gson.JsonSyntaxException: Expected name to be an item, was unknown string 'minecraft:turtle_scute'
	at net.minecraft.util.GsonHelper.m_13866_(GsonHelper.java:145) ~[server-1.20.1-20230612.114412-srg.jar%23696!/:?]
	at java.util.Optional.orElseThrow(Optional.java:403) ~[?:?]
	at net.minecraft.util.GsonHelper.m_13874_(GsonHelper.java:145) ~[server-1.20.1-20230612.114412-srg.jar%23696!/:?]
	at net.minecraft.util.GsonHelper.m_13909_(GsonHelper.java:153) ~[server-1.20.1-20230612.114412-srg.jar%23696!/:?]
	at net.minecraft.world.level.storage.loot.entries.LootItem$Serializer.m_7267_(LootItem.java:55) ~[server-1.20.1-20230612.114412-srg.jar%23696!/:?]
	at net.minecraft.world.level.storage.loot.entries.LootItem$Serializer.m_7267_(LootItem.java:40) ~[server-1.20.1-20230612.114412-srg.jar%23696!/:?]
	at net.minecraft.world.level.storage.loot.entries.LootPoolSingletonContainer$Serializer.m_5921_(LootPoolSingletonContainer.java:151) ~[server-1.20.1-20230612.114412-srg.jar%23696!/:?]
	at net.minecraft.world.level.storage.loot.entries.LootPoolSingletonContainer$Serializer.m_5921_(LootPoolSingletonContainer.java:129) ~[server-1.20.1-20230612.114412-srg.jar%23696!/:?]
	at net.minecraft.world.level.storage.loot.entries.LootPoolEntryContainer$Serializer.m_7561_(LootPoolEntryContainer.java:86) ~[server-1.20.1-20230612.114412-srg.jar%23696!/:?]
	at net.minecraft.world.level.storage.loot.entries.LootPoolEntryContainer$Serializer.m_7561_(LootPoolEntryContainer.java:74) ~[server-1.20.1-20230612.114412-srg.jar%23696!/:?]
	at net.minecraft.world.level.storage.loot.GsonAdapterFactory$JsonAdapter.deserialize(GsonAdapterFactory.java:102) ~[server-1.20.1-20230612.114412-srg.jar%23696!/:?]
	at com.google.gson.internal.bind.TreeTypeAdapter.read(TreeTypeAdapter.java:76) ~[gson-2.10.jar%2370!/:?]
	at com.google.gson.internal.bind.TypeAdapterRuntimeTypeWrapper.read(TypeAdapterRuntimeTypeWrapper.java:40) ~[gson-2.10.jar%2370!/:?]
	at com.google.gson.internal.bind.ArrayTypeAdapter.read(ArrayTypeAdapter.java:72) ~[gson-2.10.jar%2370!/:?]
	at com.google.gson.Gson.fromJson(Gson.java:1214) ~[gson-2.10.jar%2370!/:?]
	at com.google.gson.Gson.fromJson(Gson.java:1319) ~[gson-2.10.jar%2370!/:?]
	at com.google.gson.Gson.fromJson(Gson.java:1290) ~[gson-2.10.jar%2370!/:?]
	at com.google.gson.internal.bind.TreeTypeAdapter$GsonContextImpl.deserialize(TreeTypeAdapter.java:179) ~[gson-2.10.jar%2370!/:?]
	at net.minecraft.util.GsonHelper.m_13808_(GsonHelper.java:463) ~[server-1.20.1-20230612.114412-srg.jar%23696!/:?]
	at net.minecraft.util.GsonHelper.m_13836_(GsonHelper.java:471) ~[server-1.20.1-20230612.114412-srg.jar%23696!/:?]
	at net.minecraft.world.level.storage.loot.LootPool$Serializer.deserialize(LootPool.java:192) ~[server-1.20.1-20230612.114412-srg.jar%23696!/:?]
	at net.minecraft.world.level.storage.loot.LootPool$Serializer.deserialize(LootPool.java:189) ~[server-1.20.1-20230612.114412-srg.jar%23696!/:?]
	at com.google.gson.internal.bind.TreeTypeAdapter.read(TreeTypeAdapter.java:76) ~[gson-2.10.jar%2370!/:?]
	at com.google.gson.internal.bind.TypeAdapterRuntimeTypeWrapper.read(TypeAdapterRuntimeTypeWrapper.java:40) ~[gson-2.10.jar%2370!/:?]
	at com.google.gson.internal.bind.ArrayTypeAdapter.read(ArrayTypeAdapter.java:72) ~[gson-2.10.jar%2370!/:?]
	at com.google.gson.Gson.fromJson(Gson.java:1214) ~[gson-2.10.jar%2370!/:?]
	at com.google.gson.Gson.fromJson(Gson.java:1319) ~[gson-2.10.jar%2370!/:?]
	at com.google.gson.Gson.fromJson(Gson.java:1290) ~[gson-2.10.jar%2370!/:?]
	at com.google.gson.internal.bind.TreeTypeAdapter$GsonContextImpl.deserialize(TreeTypeAdapter.java:179) ~[gson-2.10.jar%2370!/:?]
	at net.minecraft.util.GsonHelper.m_13808_(GsonHelper.java:463) ~[server-1.20.1-20230612.114412-srg.jar%23696!/:?]
	at net.minecraft.util.GsonHelper.m_13845_(GsonHelper.java:481) ~[server-1.20.1-20230612.114412-srg.jar%23696!/:?]
	at net.minecraft.world.level.storage.loot.LootTable$Serializer.deserialize(LootTable.java:294) ~[server-1.20.1-20230612.114412-srg.jar%23696!/:?]
	at net.minecraft.world.level.storage.loot.LootTable$Serializer.deserialize(LootTable.java:291) ~[server-1.20.1-20230612.114412-srg.jar%23696!/:?]
	at com.google.gson.internal.bind.TreeTypeAdapter.read(TreeTypeAdapter.java:76) ~[gson-2.10.jar%2370!/:?]
	at com.google.gson.Gson.fromJson(Gson.java:1214) ~[gson-2.10.jar%2370!/:?]
	at com.google.gson.Gson.fromJson(Gson.java:1319) ~[gson-2.10.jar%2370!/:?]
	at com.google.gson.Gson.fromJson(Gson.java:1261) ~[gson-2.10.jar%2370!/:?]
	at net.minecraftforge.common.ForgeHooks.loadLootTable(ForgeHooks.java:872) ~[forge-1.20.1-47.4.22-universal.jar%23701!/:?]
	at net.minecraftforge.common.ForgeHooks.lambda$getLootTableDeserializer$3(ForgeHooks.java:849) ~[forge-1.20.1-47.4.22-universal.jar%23701!/:?]
	at net.minecraft.world.level.storage.loot.LootDataType.deserialize(LootDataType.java:45) ~[server-1.20.1-20230612.114412-srg.jar%23696!/:?]
	at net.minecraft.world.level.storage.loot.LootDataManager.lambda$scheduleElementParse$4(LootDataManager.java:56) ~[server-1.20.1-20230612.114412-srg.jar%23696!/:?]
	at java.util.HashMap.forEach(HashMap.java:1421) ~[?:?]
	at net.minecraft.world.level.storage.loot.LootDataManager.m_278660_(LootDataManager.java:55) ~[server-1.20.1-20230612.114412-srg.jar%23696!/:?]
	at java.util.concurrent.CompletableFuture$AsyncRun.run(CompletableFuture.java:1804) ~[?:?]
	at java.util.concurrent.CompletableFuture$AsyncRun.exec(CompletableFuture.java:1796) ~[?:?]
	at java.util.concurrent.ForkJoinTask.doExec(ForkJoinTask.java:373) ~[?:?]
	at java.util.concurrent.ForkJoinPool$WorkQueue.topLevelExec(ForkJoinPool.java:1182) ~[?:?]
	at java.util.concurrent.ForkJoinPool.scan(ForkJoinPool.java:1655) ~[?:?]
	at java.util.concurrent.ForkJoinPool.runWorker(ForkJoinPool.java:1622) ~[?:?]
	at java.util.concurrent.ForkJoinWorkerThread.run(ForkJoinWorkerThread.java:165) ~[?:?]
[04Aug2026 17:24:58.140] [Worker-Main-3/ERROR] [net.minecraftforge.common.ForgeHooks/]: Couldn't parse element loot_tables:pamhc2crops:blocks/pamricecrop
java.lang.IllegalArgumentException: Can't find block pamhc2crops:pamricecrop
	at net.minecraft.world.level.storage.loot.predicates.LootItemBlockStatePropertyCondition$Serializer.m_81802_(LootItemBlockStatePropertyCondition.java:79) ~[server-1.20.1-20230612.114412-srg.jar%23696!/:?]
	at java.util.Optional.orElseThrow(Optional.java:403) ~[?:?]
	at net.minecraft.world.level.storage.loot.predicates.LootItemBlockStatePropertyCondition$Serializer.m_7561_(LootItemBlockStatePropertyCondition.java:79) ~[server-1.20.1-20230612.114412-srg.jar%23696!/:?]
	at net.minecraft.world.level.storage.loot.predicates.LootItemBlockStatePropertyCondition$Serializer.m_7561_(LootItemBlockStatePropertyCondition.java:68) ~[server-1.20.1-20230612.114412-srg.jar%23696!/:?]
	at net.minecraft.world.level.storage.loot.GsonAdapterFactory$JsonAdapter.deserialize(GsonAdapterFactory.java:102) ~[server-1.20.1-20230612.114412-srg.jar%23696!/:?]
	at com.google.gson.internal.bind.TreeTypeAdapter.read(TreeTypeAdapter.java:76) ~[gson-2.10.jar%2370!/:?]
	at com.google.gson.internal.bind.TypeAdapterRuntimeTypeWrapper.read(TypeAdapterRuntimeTypeWrapper.java:40) ~[gson-2.10.jar%2370!/:?]
	at com.google.gson.internal.bind.ArrayTypeAdapter.read(ArrayTypeAdapter.java:72) ~[gson-2.10.jar%2370!/:?]
	at com.google.gson.Gson.fromJson(Gson.java:1214) ~[gson-2.10.jar%2370!/:?]
	at com.google.gson.Gson.fromJson(Gson.java:1319) ~[gson-2.10.jar%2370!/:?]
	at com.google.gson.Gson.fromJson(Gson.java:1290) ~[gson-2.10.jar%2370!/:?]
	at com.google.gson.internal.bind.TreeTypeAdapter$GsonContextImpl.deserialize(TreeTypeAdapter.java:179) ~[gson-2.10.jar%2370!/:?]
	at net.minecraft.util.GsonHelper.m_13808_(GsonHelper.java:463) ~[server-1.20.1-20230612.114412-srg.jar%23696!/:?]
	at net.minecraft.util.GsonHelper.m_13845_(GsonHelper.java:481) ~[server-1.20.1-20230612.114412-srg.jar%23696!/:?]
	at net.minecraft.world.level.storage.loot.LootPool$Serializer.deserialize(LootPool.java:193) ~[server-1.20.1-20230612.114412-srg.jar%23696!/:?]
	at net.minecraft.world.level.storage.loot.LootPool$Serializer.deserialize(LootPool.java:189) ~[server-1.20.1-20230612.114412-srg.jar%23696!/:?]
	at com.google.gson.internal.bind.TreeTypeAdapter.read(TreeTypeAdapter.java:76) ~[gson-2.10.jar%2370!/:?]
	at com.google.gson.internal.bind.TypeAdapterRuntimeTypeWrapper.read(TypeAdapterRuntimeTypeWrapper.java:40) ~[gson-2.10.jar%2370!/:?]
	at com.google.gson.internal.bind.ArrayTypeAdapter.read(ArrayTypeAdapter.java:72) ~[gson-2.10.jar%2370!/:?]
	at com.google.gson.Gson.fromJson(Gson.java:1214) ~[gson-2.10.jar%2370!/:?]
	at com.google.gson.Gson.fromJson(Gson.java:1319) ~[gson-2.10.jar%2370!/:?]
	at com.google.gson.Gson.fromJson(Gson.java:1290) ~[gson-2.10.jar%2370!/:?]
	at com.google.gson.internal.bind.TreeTypeAdapter$GsonContextImpl.deserialize(TreeTypeAdapter.java:179) ~[gson-2.10.jar%2370!/:?]
	at net.minecraft.util.GsonHelper.m_13808_(GsonHelper.java:463) ~[server-1.20.1-20230612.114412-srg.jar%23696!/:?]
	at net.minecraft.util.GsonHelper.m_13845_(GsonHelper.java:481) ~[server-1.20.1-20230612.114412-srg.jar%23696!/:?]
	at net.minecraft.world.level.storage.loot.LootTable$Serializer.deserialize(LootTable.java:294) ~[server-1.20.1-20230612.114412-srg.jar%23696!/:?]
	at net.minecraft.world.level.storage.loot.LootTable$Serializer.deserialize(LootTable.java:291) ~[server-1.20.1-20230612.114412-srg.jar%23696!/:?]
	at com.google.gson.internal.bind.TreeTypeAdapter.read(TreeTypeAdapter.java:76) ~[gson-2.10.jar%2370!/:?]
	at com.google.gson.Gson.fromJson(Gson.java:1214) ~[gson-2.10.jar%2370!/:?]
	at com.google.gson.Gson.fromJson(Gson.java:1319) ~[gson-2.10.jar%2370!/:?]
	at com.google.gson.Gson.fromJson(Gson.java:1261) ~[gson-2.10.jar%2370!/:?]
	at net.minecraftforge.common.ForgeHooks.loadLootTable(ForgeHooks.java:872) ~[forge-1.20.1-47.4.22-universal.jar%23701!/:?]
	at net.minecraftforge.common.ForgeHooks.lambda$getLootTableDeserializer$3(ForgeHooks.java:849) ~[forge-1.20.1-47.4.22-universal.jar%23701!/:?]
	at net.minecraft.world.level.storage.loot.LootDataType.deserialize(LootDataType.java:45) ~[server-1.20.1-20230612.114412-srg.jar%23696!/:?]
	at net.minecraft.world.level.storage.loot.LootDataManager.lambda$scheduleElementParse$4(LootDataManager.java:56) ~[server-1.20.1-20230612.114412-srg.jar%23696!/:?]
	at java.util.HashMap.forEach(HashMap.java:1421) ~[?:?]
	at net.minecraft.world.level.storage.loot.LootDataManager.m_278660_(LootDataManager.java:55) ~[server-1.20.1-20230612.114412-srg.jar%23696!/:?]
	at java.util.concurrent.CompletableFuture$AsyncRun.run(CompletableFuture.java:1804) ~[?:?]
	at java.util.concurrent.CompletableFuture$AsyncRun.exec(CompletableFuture.java:1796) ~[?:?]
	at java.util.concurrent.ForkJoinTask.doExec(ForkJoinTask.java:373) ~[?:?]
	at java.util.concurrent.ForkJoinPool$WorkQueue.topLevelExec(ForkJoinPool.java:1182) ~[?:?]
	at java.util.concurrent.ForkJoinPool.scan(ForkJoinPool.java:1655) ~[?:?]
	at java.util.concurrent.ForkJoinPool.runWorker(ForkJoinPool.java:1622) ~[?:?]
	at java.util.concurrent.ForkJoinWorkerThread.run(ForkJoinWorkerThread.java:165) ~[?:?]
[04Aug2026 17:24:58.159] [Worker-Main-3/ERROR] [net.minecraftforge.common.ForgeHooks/]: Couldn't parse element loot_tables:medieval_nether:chests_ship_two
com.google.gson.JsonSyntaxException: Expected name to be an item, was unknown string 'create_eternal_journey:relics_experience_nugget'
	at net.minecraft.util.GsonHelper.m_13866_(GsonHelper.java:145) ~[server-1.20.1-20230612.114412-srg.jar%23696!/:?]
	at java.util.Optional.orElseThrow(Optional.java:403) ~[?:?]
	at net.minecraft.util.GsonHelper.m_13874_(GsonHelper.java:145) ~[server-1.20.1-20230612.114412-srg.jar%23696!/:?]
	at net.minecraft.util.GsonHelper.m_13909_(GsonHelper.java:153) ~[server-1.20.1-20230612.114412-srg.jar%23696!/:?]
	at net.minecraft.world.level.storage.loot.entries.LootItem$Serializer.m_7267_(LootItem.java:55) ~[server-1.20.1-20230612.114412-srg.jar%23696!/:?]
	at net.minecraft.world.level.storage.loot.entries.LootItem$Serializer.m_7267_(LootItem.java:40) ~[server-1.20.1-20230612.114412-srg.jar%23696!/:?]
	at net.minecraft.world.level.storage.loot.entries.LootPoolSingletonContainer$Serializer.m_5921_(LootPoolSingletonContainer.java:151) ~[server-1.20.1-20230612.114412-srg.jar%23696!/:?]
	at net.minecraft.world.level.storage.loot.entries.LootPoolSingletonContainer$Serializer.m_5921_(LootPoolSingletonContainer.java:129) ~[server-1.20.1-20230612.114412-srg.jar%23696!/:?]
	at net.minecraft.world.level.storage.loot.entries.LootPoolEntryContainer$Serializer.m_7561_(LootPoolEntryContainer.java:86) ~[server-1.20.1-20230612.114412-srg.jar%23696!/:?]
	at net.minecraft.world.level.storage.loot.entries.LootPoolEntryContainer$Serializer.m_7561_(LootPoolEntryContainer.java:74) ~[server-1.20.1-20230612.114412-srg.jar%23696!/:?]
	at net.minecraft.world.level.storage.loot.GsonAdapterFactory$JsonAdapter.deserialize(GsonAdapterFactory.java:102) ~[server-1.20.1-20230612.114412-srg.jar%23696!/:?]
	at com.google.gson.internal.bind.TreeTypeAdapter.read(TreeTypeAdapter.java:76) ~[gson-2.10.jar%2370!/:?]
	at com.google.gson.internal.bind.TypeAdapterRuntimeTypeWrapper.read(TypeAdapterRuntimeTypeWrapper.java:40) ~[gson-2.10.jar%2370!/:?]
	at com.google.gson.internal.bind.ArrayTypeAdapter.read(ArrayTypeAdapter.java:72) ~[gson-2.10.jar%2370!/:?]
	at com.google.gson.Gson.fromJson(Gson.java:1214) ~[gson-2.10.jar%2370!/:?]
	at com.google.gson.Gson.fromJson(Gson.java:1319) ~[gson-2.10.jar%2370!/:?]
	at com.google.gson.Gson.fromJson(Gson.java:1290) ~[gson-2.10.jar%2370!/:?]
	at com.google.gson.internal.bind.TreeTypeAdapter$GsonContextImpl.deserialize(TreeTypeAdapter.java:179) ~[gson-2.10.jar%2370!/:?]
	at net.minecraft.util.GsonHelper.m_13808_(GsonHelper.java:463) ~[server-1.20.1-20230612.114412-srg.jar%23696!/:?]
	at net.minecraft.util.GsonHelper.m_13836_(GsonHelper.java:471) ~[server-1.20.1-20230612.114412-srg.jar%23696!/:?]
	at net.minecraft.world.level.storage.loot.LootPool$Serializer.deserialize(LootPool.java:192) ~[server-1.20.1-20230612.114412-srg.jar%23696!/:?]
	at net.minecraft.world.level.storage.loot.LootPool$Serializer.deserialize(LootPool.java:189) ~[server-1.20.1-20230612.114412-srg.jar%23696!/:?]
	at com.google.gson.internal.bind.TreeTypeAdapter.read(TreeTypeAdapter.java:76) ~[gson-2.10.jar%2370!/:?]
	at com.google.gson.internal.bind.TypeAdapterRuntimeTypeWrapper.read(TypeAdapterRuntimeTypeWrapper.java:40) ~[gson-2.10.jar%2370!/:?]
	at com.google.gson.internal.bind.ArrayTypeAdapter.read(ArrayTypeAdapter.java:72) ~[gson-2.10.jar%2370!/:?]
	at com.google.gson.Gson.fromJson(Gson.java:1214) ~[gson-2.10.jar%2370!/:?]
	at com.google.gson.Gson.fromJson(Gson.java:1319) ~[gson-2.10.jar%2370!/:?]
	at com.google.gson.Gson.fromJson(Gson.java:1290) ~[gson-2.10.jar%2370!/:?]
	at com.google.gson.internal.bind.TreeTypeAdapter$GsonContextImpl.deserialize(TreeTypeAdapter.java:179) ~[gson-2.10.jar%2370!/:?]
	at net.minecraft.util.GsonHelper.m_13808_(GsonHelper.java:463) ~[server-1.20.1-20230612.114412-srg.jar%23696!/:?]
	at net.minecraft.util.GsonHelper.m_13845_(GsonHelper.java:481) ~[server-1.20.1-20230612.114412-srg.jar%23696!/:?]
	at net.minecraft.world.level.storage.loot.LootTable$Serializer.deserialize(LootTable.java:294) ~[server-1.20.1-20230612.114412-srg.jar%23696!/:?]
	at net.minecraft.world.level.storage.loot.LootTable$Serializer.deserialize(LootTable.java:291) ~[server-1.20.1-20230612.114412-srg.jar%23696!/:?]
	at com.google.gson.internal.bind.TreeTypeAdapter.read(TreeTypeAdapter.java:76) ~[gson-2.10.jar%2370!/:?]
	at com.google.gson.Gson.fromJson(Gson.java:1214) ~[gson-2.10.jar%2370!/:?]
	at com.google.gson.Gson.fromJson(Gson.java:1319) ~[gson-2.10.jar%2370!/:?]
	at com.google.gson.Gson.fromJson(Gson.java:1261) ~[gson-2.10.jar%2370!/:?]
	at net.minecraftforge.common.ForgeHooks.loadLootTable(ForgeHooks.java:872) ~[forge-1.20.1-47.4.22-universal.jar%23701!/:?]
	at net.minecraftforge.common.ForgeHooks.lambda$getLootTableDeserializer$3(ForgeHooks.java:849) ~[forge-1.20.1-47.4.22-universal.jar%23701!/:?]
	at net.minecraft.world.level.storage.loot.LootDataType.deserialize(LootDataType.java:45) ~[server-1.20.1-20230612.114412-srg.jar%23696!/:?]
	at net.minecraft.world.level.storage.loot.LootDataManager.lambda$scheduleElementParse$4(LootDataManager.java:56) ~[server-1.20.1-20230612.114412-srg.jar%23696!/:?]
	at java.util.HashMap.forEach(HashMap.java:1421) ~[?:?]
	at net.minecraft.world.level.storage.loot.LootDataManager.m_278660_(LootDataManager.java:55) ~[server-1.20.1-20230612.114412-srg.jar%23696!/:?]
	at java.util.concurrent.CompletableFuture$AsyncRun.run(CompletableFuture.java:1804) ~[?:?]
	at java.util.concurrent.CompletableFuture$AsyncRun.exec(CompletableFuture.java:1796) ~[?:?]
	at java.util.concurrent.ForkJoinTask.doExec(ForkJoinTask.java:373) ~[?:?]
	at java.util.concurrent.ForkJoinPool$WorkQueue.topLevelExec(ForkJoinPool.java:1182) ~[?:?]
	at java.util.concurrent.ForkJoinPool.scan(ForkJoinPool.java:1655) ~[?:?]
	at java.util.concurrent.ForkJoinPool.runWorker(ForkJoinPool.java:1622) ~[?:?]
	at java.util.concurrent.ForkJoinWorkerThread.run(ForkJoinWorkerThread.java:165) ~[?:?]
[04Aug2026 17:24:58.186] [Worker-Main-3/ERROR] [net.minecraftforge.common.ForgeHooks/]: Couldn't parse element loot_tables:netherexp:brazier_chest/hidden
com.google.gson.JsonSyntaxException: Unknown enchantment 'minecraft:mending'
	at net.minecraft.world.level.storage.loot.functions.EnchantRandomlyFunction$Serializer.m_80465_(EnchantRandomlyFunction.java:137) ~[server-1.20.1-20230612.114412-srg.jar%23696!/:?]
	at java.util.Optional.orElseThrow(Optional.java:403) ~[?:?]
	at net.minecraft.world.level.storage.loot.functions.EnchantRandomlyFunction$Serializer.m_6821_(EnchantRandomlyFunction.java:137) ~[server-1.20.1-20230612.114412-srg.jar%23696!/:?]
	at net.minecraft.world.level.storage.loot.functions.EnchantRandomlyFunction$Serializer.m_6821_(EnchantRandomlyFunction.java:111) ~[server-1.20.1-20230612.114412-srg.jar%23696!/:?]
	at net.minecraft.world.level.storage.loot.functions.LootItemConditionalFunction$Serializer.m_7561_(LootItemConditionalFunction.java:99) ~[server-1.20.1-20230612.114412-srg.jar%23696!/:?]
	at net.minecraft.world.level.storage.loot.functions.LootItemConditionalFunction$Serializer.m_7561_(LootItemConditionalFunction.java:88) ~[server-1.20.1-20230612.114412-srg.jar%23696!/:?]
	at net.minecraft.world.level.storage.loot.GsonAdapterFactory$JsonAdapter.deserialize(GsonAdapterFactory.java:102) ~[server-1.20.1-20230612.114412-srg.jar%23696!/:?]
	at com.google.gson.internal.bind.TreeTypeAdapter.read(TreeTypeAdapter.java:76) ~[gson-2.10.jar%2370!/:?]
	at com.google.gson.internal.bind.TypeAdapterRuntimeTypeWrapper.read(TypeAdapterRuntimeTypeWrapper.java:40) ~[gson-2.10.jar%2370!/:?]
	at com.google.gson.internal.bind.ArrayTypeAdapter.read(ArrayTypeAdapter.java:72) ~[gson-2.10.jar%2370!/:?]
	at com.google.gson.Gson.fromJson(Gson.java:1214) ~[gson-2.10.jar%2370!/:?]
	at com.google.gson.Gson.fromJson(Gson.java:1319) ~[gson-2.10.jar%2370!/:?]
	at com.google.gson.Gson.fromJson(Gson.java:1290) ~[gson-2.10.jar%2370!/:?]
	at com.google.gson.internal.bind.TreeTypeAdapter$GsonContextImpl.deserialize(TreeTypeAdapter.java:179) ~[gson-2.10.jar%2370!/:?]
	at net.minecraft.util.GsonHelper.m_13808_(GsonHelper.java:463) ~[server-1.20.1-20230612.114412-srg.jar%23696!/:?]
	at net.minecraft.util.GsonHelper.m_13845_(GsonHelper.java:481) ~[server-1.20.1-20230612.114412-srg.jar%23696!/:?]
	at net.minecraft.world.level.storage.loot.entries.LootPoolSingletonContainer$Serializer.m_5921_(LootPoolSingletonContainer.java:149) ~[server-1.20.1-20230612.114412-srg.jar%23696!/:?]
	at net.minecraft.world.level.storage.loot.entries.LootPoolSingletonContainer$Serializer.m_5921_(LootPoolSingletonContainer.java:129) ~[server-1.20.1-20230612.114412-srg.jar%23696!/:?]
	at net.minecraft.world.level.storage.loot.entries.LootPoolEntryContainer$Serializer.m_7561_(LootPoolEntryContainer.java:86) ~[server-1.20.1-20230612.114412-srg.jar%23696!/:?]
	at net.minecraft.world.level.storage.loot.entries.LootPoolEntryContainer$Serializer.m_7561_(LootPoolEntryContainer.java:74) ~[server-1.20.1-20230612.114412-srg.jar%23696!/:?]
	at net.minecraft.world.level.storage.loot.GsonAdapterFactory$JsonAdapter.deserialize(GsonAdapterFactory.java:102) ~[server-1.20.1-20230612.114412-srg.jar%23696!/:?]
	at com.google.gson.internal.bind.TreeTypeAdapter.read(TreeTypeAdapter.java:76) ~[gson-2.10.jar%2370!/:?]
	at com.google.gson.internal.bind.TypeAdapterRuntimeTypeWrapper.read(TypeAdapterRuntimeTypeWrapper.java:40) ~[gson-2.10.jar%2370!/:?]
	at com.google.gson.internal.bind.ArrayTypeAdapter.read(ArrayTypeAdapter.java:72) ~[gson-2.10.jar%2370!/:?]
	at com.google.gson.Gson.fromJson(Gson.java:1214) ~[gson-2.10.jar%2370!/:?]
	at com.google.gson.Gson.fromJson(Gson.java:1319) ~[gson-2.10.jar%2370!/:?]
	at com.google.gson.Gson.fromJson(Gson.java:1290) ~[gson-2.10.jar%2370!/:?]
	at com.google.gson.internal.bind.TreeTypeAdapter$GsonContextImpl.deserialize(TreeTypeAdapter.java:179) ~[gson-2.10.jar%2370!/:?]
	at net.minecraft.util.GsonHelper.m_13808_(GsonHelper.java:463) ~[server-1.20.1-20230612.114412-srg.jar%23696!/:?]
	at net.minecraft.util.GsonHelper.m_13836_(GsonHelper.java:471) ~[server-1.20.1-20230612.114412-srg.jar%23696!/:?]
	at net.minecraft.world.level.storage.loot.LootPool$Serializer.deserialize(LootPool.java:192) ~[server-1.20.1-20230612.114412-srg.jar%23696!/:?]
	at net.minecraft.world.level.storage.loot.LootPool$Serializer.deserialize(LootPool.java:189) ~[server-1.20.1-20230612.114412-srg.jar%23696!/:?]
	at com.google.gson.internal.bind.TreeTypeAdapter.read(TreeTypeAdapter.java:76) ~[gson-2.10.jar%2370!/:?]
	at com.google.gson.internal.bind.TypeAdapterRuntimeTypeWrapper.read(TypeAdapterRuntimeTypeWrapper.java:40) ~[gson-2.10.jar%2370!/:?]
	at com.google.gson.internal.bind.ArrayTypeAdapter.read(ArrayTypeAdapter.java:72) ~[gson-2.10.jar%2370!/:?]
	at com.google.gson.Gson.fromJson(Gson.java:1214) ~[gson-2.10.jar%2370!/:?]
	at com.google.gson.Gson.fromJson(Gson.java:1319) ~[gson-2.10.jar%2370!/:?]
	at com.google.gson.Gson.fromJson(Gson.java:1290) ~[gson-2.10.jar%2370!/:?]
	at com.google.gson.internal.bind.TreeTypeAdapter$GsonContextImpl.deserialize(TreeTypeAdapter.java:179) ~[gson-2.10.jar%2370!/:?]
	at net.minecraft.util.GsonHelper.m_13808_(GsonHelper.java:463) ~[server-1.20.1-20230612.114412-srg.jar%23696!/:?]
	at net.minecraft.util.GsonHelper.m_13845_(GsonHelper.java:481) ~[server-1.20.1-20230612.114412-srg.jar%23696!/:?]
	at net.minecraft.world.level.storage.loot.LootTable$Serializer.deserialize(LootTable.java:294) ~[server-1.20.1-20230612.114412-srg.jar%23696!/:?]
	at net.minecraft.world.level.storage.loot.LootTable$Serializer.deserialize(LootTable.java:291) ~[server-1.20.1-20230612.114412-srg.jar%23696!/:?]
	at com.google.gson.internal.bind.TreeTypeAdapter.read(TreeTypeAdapter.java:76) ~[gson-2.10.jar%2370!/:?]
	at com.google.gson.Gson.fromJson(Gson.java:1214) ~[gson-2.10.jar%2370!/:?]
	at com.google.gson.Gson.fromJson(Gson.java:1319) ~[gson-2.10.jar%2370!/:?]
	at com.google.gson.Gson.fromJson(Gson.java:1261) ~[gson-2.10.jar%2370!/:?]
	at net.minecraftforge.common.ForgeHooks.loadLootTable(ForgeHooks.java:872) ~[forge-1.20.1-47.4.22-universal.jar%23701!/:?]
	at net.minecraftforge.common.ForgeHooks.lambda$getLootTableDeserializer$3(ForgeHooks.java:849) ~[forge-1.20.1-47.4.22-universal.jar%23701!/:?]
	at net.minecraft.world.level.storage.loot.LootDataType.deserialize(LootDataType.java:45) ~[server-1.20.1-20230612.114412-srg.jar%23696!/:?]
	at net.minecraft.world.level.storage.loot.LootDataManager.lambda$scheduleElementParse$4(LootDataManager.java:56) ~[server-1.20.1-20230612.114412-srg.jar%23696!/:?]
	at java.util.HashMap.forEach(HashMap.java:1421) ~[?:?]
	at net.minecraft.world.level.storage.loot.LootDataManager.m_278660_(LootDataManager.java:55) ~[server-1.20.1-20230612.114412-srg.jar%23696!/:?]
	at java.util.concurrent.CompletableFuture$AsyncRun.run(CompletableFuture.java:1804) ~[?:?]
	at java.util.concurrent.CompletableFuture$AsyncRun.exec(CompletableFuture.java:1796) ~[?:?]
	at java.util.concurrent.ForkJoinTask.doExec(ForkJoinTask.java:373) ~[?:?]
	at java.util.concurrent.ForkJoinPool$WorkQueue.topLevelExec(ForkJoinPool.java:1182) ~[?:?]
	at java.util.concurrent.ForkJoinPool.scan(ForkJoinPool.java:1655) ~[?:?]
	at java.util.concurrent.ForkJoinPool.runWorker(ForkJoinPool.java:1622) ~[?:?]
	at java.util.concurrent.ForkJoinWorkerThread.run(ForkJoinWorkerThread.java:165) ~[?:?]
[04Aug2026 17:24:58.375] [Worker-Main-3/ERROR] [net.minecraft.world.level.storage.loot.functions.ExplorationMapFunction/]: Error while parsing loot table decoration entry. Found minecraft:banner_red. Defaulting to MANSION
[04Aug2026 17:24:58.381] [Worker-Main-3/ERROR] [net.minecraftforge.common.ForgeHooks/]: Couldn't parse element loot_tables:idas:chests/enchantingtower/enchantingtower_basic_ars
com.google.gson.JsonSyntaxException: Expected name to be an item, was unknown string 'ars_nouveau:magebloom_fiber'
	at net.minecraft.util.GsonHelper.m_13866_(GsonHelper.java:145) ~[server-1.20.1-20230612.114412-srg.jar%23696!/:?]
	at java.util.Optional.orElseThrow(Optional.java:403) ~[?:?]
	at net.minecraft.util.GsonHelper.m_13874_(GsonHelper.java:145) ~[server-1.20.1-20230612.114412-srg.jar%23696!/:?]
	at net.minecraft.util.GsonHelper.m_13909_(GsonHelper.java:153) ~[server-1.20.1-20230612.114412-srg.jar%23696!/:?]
	at net.minecraft.world.level.storage.loot.entries.LootItem$Serializer.m_7267_(LootItem.java:55) ~[server-1.20.1-20230612.114412-srg.jar%23696!/:?]
	at net.minecraft.world.level.storage.loot.entries.LootItem$Serializer.m_7267_(LootItem.java:40) ~[server-1.20.1-20230612.114412-srg.jar%23696!/:?]
	at net.minecraft.world.level.storage.loot.entries.LootPoolSingletonContainer$Serializer.m_5921_(LootPoolSingletonContainer.java:151) ~[server-1.20.1-20230612.114412-srg.jar%23696!/:?]
	at net.minecraft.world.level.storage.loot.entries.LootPoolSingletonContainer$Serializer.m_5921_(LootPoolSingletonContainer.java:129) ~[server-1.20.1-20230612.114412-srg.jar%23696!/:?]
	at net.minecraft.world.level.storage.loot.entries.LootPoolEntryContainer$Serializer.m_7561_(LootPoolEntryContainer.java:86) ~[server-1.20.1-20230612.114412-srg.jar%23696!/:?]
	at net.minecraft.world.level.storage.loot.entries.LootPoolEntryContainer$Serializer.m_7561_(LootPoolEntryContainer.java:74) ~[server-1.20.1-20230612.114412-srg.jar%23696!/:?]
	at net.minecraft.world.level.storage.loot.GsonAdapterFactory$JsonAdapter.deserialize(GsonAdapterFactory.java:102) ~[server-1.20.1-20230612.114412-srg.jar%23696!/:?]
	at com.google.gson.internal.bind.TreeTypeAdapter.read(TreeTypeAdapter.java:76) ~[gson-2.10.jar%2370!/:?]
	at com.google.gson.internal.bind.TypeAdapterRuntimeTypeWrapper.read(TypeAdapterRuntimeTypeWrapper.java:40) ~[gson-2.10.jar%2370!/:?]
	at com.google.gson.internal.bind.ArrayTypeAdapter.read(ArrayTypeAdapter.java:72) ~[gson-2.10.jar%2370!/:?]
	at com.google.gson.Gson.fromJson(Gson.java:1214) ~[gson-2.10.jar%2370!/:?]
	at com.google.gson.Gson.fromJson(Gson.java:1319) ~[gson-2.10.jar%2370!/:?]
	at com.google.gson.Gson.fromJson(Gson.java:1290) ~[gson-2.10.jar%2370!/:?]
	at com.google.gson.internal.bind.TreeTypeAdapter$GsonContextImpl.deserialize(TreeTypeAdapter.java:179) ~[gson-2.10.jar%2370!/:?]
	at net.minecraft.util.GsonHelper.m_13808_(GsonHelper.java:463) ~[server-1.20.1-20230612.114412-srg.jar%23696!/:?]
	at net.minecraft.util.GsonHelper.m_13836_(GsonHelper.java:471) ~[server-1.20.1-20230612.114412-srg.jar%23696!/:?]
	at net.minecraft.world.level.storage.loot.LootPool$Serializer.deserialize(LootPool.java:192) ~[server-1.20.1-20230612.114412-srg.jar%23696!/:?]
	at net.minecraft.world.level.storage.loot.LootPool$Serializer.deserialize(LootPool.java:189) ~[server-1.20.1-20230612.114412-srg.jar%23696!/:?]
	at com.google.gson.internal.bind.TreeTypeAdapter.read(TreeTypeAdapter.java:76) ~[gson-2.10.jar%2370!/:?]
	at com.google.gson.internal.bind.TypeAdapterRuntimeTypeWrapper.read(TypeAdapterRuntimeTypeWrapper.java:40) ~[gson-2.10.jar%2370!/:?]
	at com.google.gson.internal.bind.ArrayTypeAdapter.read(ArrayTypeAdapter.java:72) ~[gson-2.10.jar%2370!/:?]
	at com.google.gson.Gson.fromJson(Gson.java:1214) ~[gson-2.10.jar%2370!/:?]
	at com.google.gson.Gson.fromJson(Gson.java:1319) ~[gson-2.10.jar%2370!/:?]
	at com.google.gson.Gson.fromJson(Gson.java:1290) ~[gson-2.10.jar%2370!/:?]
	at com.google.gson.internal.bind.TreeTypeAdapter$GsonContextImpl.deserialize(TreeTypeAdapter.java:179) ~[gson-2.10.jar%2370!/:?]
	at net.minecraft.util.GsonHelper.m_13808_(GsonHelper.java:463) ~[server-1.20.1-20230612.114412-srg.jar%23696!/:?]
	at net.minecraft.util.GsonHelper.m_13845_(GsonHelper.java:481) ~[server-1.20.1-20230612.114412-srg.jar%23696!/:?]
	at net.minecraft.world.level.storage.loot.LootTable$Serializer.deserialize(LootTable.java:294) ~[server-1.20.1-20230612.114412-srg.jar%23696!/:?]
	at net.minecraft.world.level.storage.loot.LootTable$Serializer.deserialize(LootTable.java:291) ~[server-1.20.1-20230612.114412-srg.jar%23696!/:?]
	at com.google.gson.internal.bind.TreeTypeAdapter.read(TreeTypeAdapter.java:76) ~[gson-2.10.jar%2370!/:?]
	at com.google.gson.Gson.fromJson(Gson.java:1214) ~[gson-2.10.jar%2370!/:?]
	at com.google.gson.Gson.fromJson(Gson.java:1319) ~[gson-2.10.jar%2370!/:?]
	at com.google.gson.Gson.fromJson(Gson.java:1261) ~[gson-2.10.jar%2370!/:?]
	at net.minecraftforge.common.ForgeHooks.loadLootTable(ForgeHooks.java:872) ~[forge-1.20.1-47.4.22-universal.jar%23701!/:?]
	at net.minecraftforge.common.ForgeHooks.lambda$getLootTableDeserializer$3(ForgeHooks.java:849) ~[forge-1.20.1-47.4.22-universal.jar%23701!/:?]
	at net.minecraft.world.level.storage.loot.LootDataType.deserialize(LootDataType.java:45) ~[server-1.20.1-20230612.114412-srg.jar%23696!/:?]
	at net.minecraft.world.level.storage.loot.LootDataManager.lambda$scheduleElementParse$4(LootDataManager.java:56) ~[server-1.20.1-20230612.114412-srg.jar%23696!/:?]
	at java.util.HashMap.forEach(HashMap.java:1421) ~[?:?]
	at net.minecraft.world.level.storage.loot.LootDataManager.m_278660_(LootDataManager.java:55) ~[server-1.20.1-20230612.114412-srg.jar%23696!/:?]
	at java.util.concurrent.CompletableFuture$AsyncRun.run(CompletableFuture.java:1804) ~[?:?]
	at java.util.concurrent.CompletableFuture$AsyncRun.exec(CompletableFuture.java:1796) ~[?:?]
	at java.util.concurrent.ForkJoinTask.doExec(ForkJoinTask.java:373) ~[?:?]
	at java.util.concurrent.ForkJoinPool$WorkQueue.topLevelExec(ForkJoinPool.java:1182) ~[?:?]
	at java.util.concurrent.ForkJoinPool.scan(ForkJoinPool.java:1655) ~[?:?]
	at java.util.concurrent.ForkJoinPool.runWorker(ForkJoinPool.java:1622) ~[?:?]
	at java.util.concurrent.ForkJoinWorkerThread.run(ForkJoinWorkerThread.java:165) ~[?:?]
[04Aug2026 17:24:58.391] [Worker-Main-3/ERROR] [net.minecraftforge.common.ForgeHooks/]: Couldn't parse element loot_tables:betterarcheology:archeology/sword_loot
com.google.gson.JsonSyntaxException: Unknown enchantment 'minecraft:mending'
	at net.minecraft.world.level.storage.loot.functions.SetEnchantmentsFunction$Serializer.m_165401_(SetEnchantmentsFunction.java:133) ~[server-1.20.1-20230612.114412-srg.jar%23696!/:?]
	at java.util.Optional.orElseThrow(Optional.java:403) ~[?:?]
	at net.minecraft.world.level.storage.loot.functions.SetEnchantmentsFunction$Serializer.m_6821_(SetEnchantmentsFunction.java:133) ~[server-1.20.1-20230612.114412-srg.jar%23696!/:?]
	at net.minecraft.world.level.storage.loot.functions.SetEnchantmentsFunction$Serializer.m_6821_(SetEnchantmentsFunction.java:107) ~[server-1.20.1-20230612.114412-srg.jar%23696!/:?]
	at net.minecraft.world.level.storage.loot.functions.LootItemConditionalFunction$Serializer.m_7561_(LootItemConditionalFunction.java:99) ~[server-1.20.1-20230612.114412-srg.jar%23696!/:?]
	at net.minecraft.world.level.storage.loot.functions.LootItemConditionalFunction$Serializer.m_7561_(LootItemConditionalFunction.java:88) ~[server-1.20.1-20230612.114412-srg.jar%23696!/:?]
	at net.minecraft.world.level.storage.loot.GsonAdapterFactory$JsonAdapter.deserialize(GsonAdapterFactory.java:102) ~[server-1.20.1-20230612.114412-srg.jar%23696!/:?]
	at com.google.gson.internal.bind.TreeTypeAdapter.read(TreeTypeAdapter.java:76) ~[gson-2.10.jar%2370!/:?]
	at com.google.gson.internal.bind.TypeAdapterRuntimeTypeWrapper.read(TypeAdapterRuntimeTypeWrapper.java:40) ~[gson-2.10.jar%2370!/:?]
	at com.google.gson.internal.bind.ArrayTypeAdapter.read(ArrayTypeAdapter.java:72) ~[gson-2.10.jar%2370!/:?]
	at com.google.gson.Gson.fromJson(Gson.java:1214) ~[gson-2.10.jar%2370!/:?]
	at com.google.gson.Gson.fromJson(Gson.java:1319) ~[gson-2.10.jar%2370!/:?]
	at com.google.gson.Gson.fromJson(Gson.java:1290) ~[gson-2.10.jar%2370!/:?]
	at com.google.gson.internal.bind.TreeTypeAdapter$GsonContextImpl.deserialize(TreeTypeAdapter.java:179) ~[gson-2.10.jar%2370!/:?]
	at net.minecraft.util.GsonHelper.m_13808_(GsonHelper.java:463) ~[server-1.20.1-20230612.114412-srg.jar%23696!/:?]
	at net.minecraft.util.GsonHelper.m_13845_(GsonHelper.java:481) ~[server-1.20.1-20230612.114412-srg.jar%23696!/:?]
	at net.minecraft.world.level.storage.loot.entries.LootPoolSingletonContainer$Serializer.m_5921_(LootPoolSingletonContainer.java:149) ~[server-1.20.1-20230612.114412-srg.jar%23696!/:?]
	at net.minecraft.world.level.storage.loot.entries.LootPoolSingletonContainer$Serializer.m_5921_(LootPoolSingletonContainer.java:129) ~[server-1.20.1-20230612.114412-srg.jar%23696!/:?]
	at net.minecraft.world.level.storage.loot.entries.LootPoolEntryContainer$Serializer.m_7561_(LootPoolEntryContainer.java:86) ~[server-1.20.1-20230612.114412-srg.jar%23696!/:?]
	at net.minecraft.world.level.storage.loot.entries.LootPoolEntryContainer$Serializer.m_7561_(LootPoolEntryContainer.java:74) ~[server-1.20.1-20230612.114412-srg.jar%23696!/:?]
	at net.minecraft.world.level.storage.loot.GsonAdapterFactory$JsonAdapter.deserialize(GsonAdapterFactory.java:102) ~[server-1.20.1-20230612.114412-srg.jar%23696!/:?]
	at com.google.gson.internal.bind.TreeTypeAdapter.read(TreeTypeAdapter.java:76) ~[gson-2.10.jar%2370!/:?]
	at com.google.gson.internal.bind.TypeAdapterRuntimeTypeWrapper.read(TypeAdapterRuntimeTypeWrapper.java:40) ~[gson-2.10.jar%2370!/:?]
	at com.google.gson.internal.bind.ArrayTypeAdapter.read(ArrayTypeAdapter.java:72) ~[gson-2.10.jar%2370!/:?]
	at com.google.gson.Gson.fromJson(Gson.java:1214) ~[gson-2.10.jar%2370!/:?]
	at com.google.gson.Gson.fromJson(Gson.java:1319) ~[gson-2.10.jar%2370!/:?]
	at com.google.gson.Gson.fromJson(Gson.java:1290) ~[gson-2.10.jar%2370!/:?]
	at com.google.gson.internal.bind.TreeTypeAdapter$GsonContextImpl.deserialize(TreeTypeAdapter.java:179) ~[gson-2.10.jar%2370!/:?]
	at net.minecraft.util.GsonHelper.m_13808_(GsonHelper.java:463) ~[server-1.20.1-20230612.114412-srg.jar%23696!/:?]
	at net.minecraft.util.GsonHelper.m_13836_(GsonHelper.java:471) ~[server-1.20.1-20230612.114412-srg.jar%23696!/:?]
	at net.minecraft.world.level.storage.loot.LootPool$Serializer.deserialize(LootPool.java:192) ~[server-1.20.1-20230612.114412-srg.jar%23696!/:?]
	at net.minecraft.world.level.storage.loot.LootPool$Serializer.deserialize(LootPool.java:189) ~[server-1.20.1-20230612.114412-srg.jar%23696!/:?]
	at com.google.gson.internal.bind.TreeTypeAdapter.read(TreeTypeAdapter.java:76) ~[gson-2.10.jar%2370!/:?]
	at com.google.gson.internal.bind.TypeAdapterRuntimeTypeWrapper.read(TypeAdapterRuntimeTypeWrapper.java:40) ~[gson-2.10.jar%2370!/:?]
	at com.google.gson.internal.bind.ArrayTypeAdapter.read(ArrayTypeAdapter.java:72) ~[gson-2.10.jar%2370!/:?]
	at com.google.gson.Gson.fromJson(Gson.java:1214) ~[gson-2.10.jar%2370!/:?]
	at com.google.gson.Gson.fromJson(Gson.java:1319) ~[gson-2.10.jar%2370!/:?]
	at com.google.gson.Gson.fromJson(Gson.java:1290) ~[gson-2.10.jar%2370!/:?]
	at com.google.gson.internal.bind.TreeTypeAdapter$GsonContextImpl.deserialize(TreeTypeAdapter.java:179) ~[gson-2.10.jar%2370!/:?]
	at net.minecraft.util.GsonHelper.m_13808_(GsonHelper.java:463) ~[server-1.20.1-20230612.114412-srg.jar%23696!/:?]
	at net.minecraft.util.GsonHelper.m_13845_(GsonHelper.java:481) ~[server-1.20.1-20230612.114412-srg.jar%23696!/:?]
	at net.minecraft.world.level.storage.loot.LootTable$Serializer.deserialize(LootTable.java:294) ~[server-1.20.1-20230612.114412-srg.jar%23696!/:?]
	at net.minecraft.world.level.storage.loot.LootTable$Serializer.deserialize(LootTable.java:291) ~[server-1.20.1-20230612.114412-srg.jar%23696!/:?]
	at com.google.gson.internal.bind.TreeTypeAdapter.read(TreeTypeAdapter.java:76) ~[gson-2.10.jar%2370!/:?]
	at com.google.gson.Gson.fromJson(Gson.java:1214) ~[gson-2.10.jar%2370!/:?]
	at com.google.gson.Gson.fromJson(Gson.java:1319) ~[gson-2.10.jar%2370!/:?]
	at com.google.gson.Gson.fromJson(Gson.java:1261) ~[gson-2.10.jar%2370!/:?]
	at net.minecraftforge.common.ForgeHooks.loadLootTable(ForgeHooks.java:872) ~[forge-1.20.1-47.4.22-universal.jar%23701!/:?]
	at net.minecraftforge.common.ForgeHooks.lambda$getLootTableDeserializer$3(ForgeHooks.java:849) ~[forge-1.20.1-47.4.22-universal.jar%23701!/:?]
	at net.minecraft.world.level.storage.loot.LootDataType.deserialize(LootDataType.java:45) ~[server-1.20.1-20230612.114412-srg.jar%23696!/:?]
	at net.minecraft.world.level.storage.loot.LootDataManager.lambda$scheduleElementParse$4(LootDataManager.java:56) ~[server-1.20.1-20230612.114412-srg.jar%23696!/:?]
	at java.util.HashMap.forEach(HashMap.java:1421) ~[?:?]
	at net.minecraft.world.level.storage.loot.LootDataManager.m_278660_(LootDataManager.java:55) ~[server-1.20.1-20230612.114412-srg.jar%23696!/:?]
	at java.util.concurrent.CompletableFuture$AsyncRun.run(CompletableFuture.java:1804) ~[?:?]
	at java.util.concurrent.CompletableFuture$AsyncRun.exec(CompletableFuture.java:1796) ~[?:?]
	at java.util.concurrent.ForkJoinTask.doExec(ForkJoinTask.java:373) ~[?:?]
	at java.util.concurrent.ForkJoinPool$WorkQueue.topLevelExec(ForkJoinPool.java:1182) ~[?:?]
	at java.util.concurrent.ForkJoinPool.scan(ForkJoinPool.java:1655) ~[?:?]
	at java.util.concurrent.ForkJoinPool.runWorker(ForkJoinPool.java:1622) ~[?:?]
	at java.util.concurrent.ForkJoinWorkerThread.run(ForkJoinWorkerThread.java:165) ~[?:?]
[04Aug2026 17:24:58.399] [Worker-Main-3/ERROR] [net.minecraftforge.common.ForgeHooks/]: Couldn't parse element loot_tables:netherexp:brazier_chest/exposed
com.google.gson.JsonSyntaxException: Unknown enchantment 'minecraft:mending'
	at net.minecraft.world.level.storage.loot.functions.EnchantRandomlyFunction$Serializer.m_80465_(EnchantRandomlyFunction.java:137) ~[server-1.20.1-20230612.114412-srg.jar%23696!/:?]
	at java.util.Optional.orElseThrow(Optional.java:403) ~[?:?]
	at net.minecraft.world.level.storage.loot.functions.EnchantRandomlyFunction$Serializer.m_6821_(EnchantRandomlyFunction.java:137) ~[server-1.20.1-20230612.114412-srg.jar%23696!/:?]
	at net.minecraft.world.level.storage.loot.functions.EnchantRandomlyFunction$Serializer.m_6821_(EnchantRandomlyFunction.java:111) ~[server-1.20.1-20230612.114412-srg.jar%23696!/:?]
	at net.minecraft.world.level.storage.loot.functions.LootItemConditionalFunction$Serializer.m_7561_(LootItemConditionalFunction.java:99) ~[server-1.20.1-20230612.114412-srg.jar%23696!/:?]
	at net.minecraft.world.level.storage.loot.functions.LootItemConditionalFunction$Serializer.m_7561_(LootItemConditionalFunction.java:88) ~[server-1.20.1-20230612.114412-srg.jar%23696!/:?]
	at net.minecraft.world.level.storage.loot.GsonAdapterFactory$JsonAdapter.deserialize(GsonAdapterFactory.java:102) ~[server-1.20.1-20230612.114412-srg.jar%23696!/:?]
	at com.google.gson.internal.bind.TreeTypeAdapter.read(TreeTypeAdapter.java:76) ~[gson-2.10.jar%2370!/:?]
	at com.google.gson.internal.bind.TypeAdapterRuntimeTypeWrapper.read(TypeAdapterRuntimeTypeWrapper.java:40) ~[gson-2.10.jar%2370!/:?]
	at com.google.gson.internal.bind.ArrayTypeAdapter.read(ArrayTypeAdapter.java:72) ~[gson-2.10.jar%2370!/:?]
	at com.google.gson.Gson.fromJson(Gson.java:1214) ~[gson-2.10.jar%2370!/:?]
	at com.google.gson.Gson.fromJson(Gson.java:1319) ~[gson-2.10.jar%2370!/:?]
	at com.google.gson.Gson.fromJson(Gson.java:1290) ~[gson-2.10.jar%2370!/:?]
	at com.google.gson.internal.bind.TreeTypeAdapter$GsonContextImpl.deserialize(TreeTypeAdapter.java:179) ~[gson-2.10.jar%2370!/:?]
	at net.minecraft.util.GsonHelper.m_13808_(GsonHelper.java:463) ~[server-1.20.1-20230612.114412-srg.jar%23696!/:?]
	at net.minecraft.util.GsonHelper.m_13845_(GsonHelper.java:481) ~[server-1.20.1-20230612.114412-srg.jar%23696!/:?]
	at net.minecraft.world.level.storage.loot.entries.LootPoolSingletonContainer$Serializer.m_5921_(LootPoolSingletonContainer.java:149) ~[server-1.20.1-20230612.114412-srg.jar%23696!/:?]
	at net.minecraft.world.level.storage.loot.entries.LootPoolSingletonContainer$Serializer.m_5921_(LootPoolSingletonContainer.java:129) ~[server-1.20.1-20230612.114412-srg.jar%23696!/:?]
	at net.minecraft.world.level.storage.loot.entries.LootPoolEntryContainer$Serializer.m_7561_(LootPoolEntryContainer.java:86) ~[server-1.20.1-20230612.114412-srg.jar%23696!/:?]
	at net.minecraft.world.level.storage.loot.entries.LootPoolEntryContainer$Serializer.m_7561_(LootPoolEntryContainer.java:74) ~[server-1.20.1-20230612.114412-srg.jar%23696!/:?]
	at net.minecraft.world.level.storage.loot.GsonAdapterFactory$JsonAdapter.deserialize(GsonAdapterFactory.java:102) ~[server-1.20.1-20230612.114412-srg.jar%23696!/:?]
	at com.google.gson.internal.bind.TreeTypeAdapter.read(TreeTypeAdapter.java:76) ~[gson-2.10.jar%2370!/:?]
	at com.google.gson.internal.bind.TypeAdapterRuntimeTypeWrapper.read(TypeAdapterRuntimeTypeWrapper.java:40) ~[gson-2.10.jar%2370!/:?]
	at com.google.gson.internal.bind.ArrayTypeAdapter.read(ArrayTypeAdapter.java:72) ~[gson-2.10.jar%2370!/:?]
	at com.google.gson.Gson.fromJson(Gson.java:1214) ~[gson-2.10.jar%2370!/:?]
	at com.google.gson.Gson.fromJson(Gson.java:1319) ~[gson-2.10.jar%2370!/:?]
	at com.google.gson.Gson.fromJson(Gson.java:1290) ~[gson-2.10.jar%2370!/:?]
	at com.google.gson.internal.bind.TreeTypeAdapter$GsonContextImpl.deserialize(TreeTypeAdapter.java:179) ~[gson-2.10.jar%2370!/:?]
	at net.minecraft.util.GsonHelper.m_13808_(GsonHelper.java:463) ~[server-1.20.1-20230612.114412-srg.jar%23696!/:?]
	at net.minecraft.util.GsonHelper.m_13836_(GsonHelper.java:471) ~[server-1.20.1-20230612.114412-srg.jar%23696!/:?]
	at net.minecraft.world.level.storage.loot.LootPool$Serializer.deserialize(LootPool.java:192) ~[server-1.20.1-20230612.114412-srg.jar%23696!/:?]
	at net.minecraft.world.level.storage.loot.LootPool$Serializer.deserialize(LootPool.java:189) ~[server-1.20.1-20230612.114412-srg.jar%23696!/:?]
	at com.google.gson.internal.bind.TreeTypeAdapter.read(TreeTypeAdapter.java:76) ~[gson-2.10.jar%2370!/:?]
	at com.google.gson.internal.bind.TypeAdapterRuntimeTypeWrapper.read(TypeAdapterRuntimeTypeWrapper.java:40) ~[gson-2.10.jar%2370!/:?]
	at com.google.gson.internal.bind.ArrayTypeAdapter.read(ArrayTypeAdapter.java:72) ~[gson-2.10.jar%2370!/:?]
	at com.google.gson.Gson.fromJson(Gson.java:1214) ~[gson-2.10.jar%2370!/:?]
	at com.google.gson.Gson.fromJson(Gson.java:1319) ~[gson-2.10.jar%2370!/:?]
	at com.google.gson.Gson.fromJson(Gson.java:1290) ~[gson-2.10.jar%2370!/:?]
	at com.google.gson.internal.bind.TreeTypeAdapter$GsonContextImpl.deserialize(TreeTypeAdapter.java:179) ~[gson-2.10.jar%2370!/:?]
	at net.minecraft.util.GsonHelper.m_13808_(GsonHelper.java:463) ~[server-1.20.1-20230612.114412-srg.jar%23696!/:?]
	at net.minecraft.util.GsonHelper.m_13845_(GsonHelper.java:481) ~[server-1.20.1-20230612.114412-srg.jar%23696!/:?]
	at net.minecraft.world.level.storage.loot.LootTable$Serializer.deserialize(LootTable.java:294) ~[server-1.20.1-20230612.114412-srg.jar%23696!/:?]
	at net.minecraft.world.level.storage.loot.LootTable$Serializer.deserialize(LootTable.java:291) ~[server-1.20.1-20230612.114412-srg.jar%23696!/:?]
	at com.google.gson.internal.bind.TreeTypeAdapter.read(TreeTypeAdapter.java:76) ~[gson-2.10.jar%2370!/:?]
	at com.google.gson.Gson.fromJson(Gson.java:1214) ~[gson-2.10.jar%2370!/:?]
	at com.google.gson.Gson.fromJson(Gson.java:1319) ~[gson-2.10.jar%2370!/:?]
	at com.google.gson.Gson.fromJson(Gson.java:1261) ~[gson-2.10.jar%2370!/:?]
	at net.minecraftforge.common.ForgeHooks.loadLootTable(ForgeHooks.java:872) ~[forge-1.20.1-47.4.22-universal.jar%23701!/:?]
	at net.minecraftforge.common.ForgeHooks.lambda$getLootTableDeserializer$3(ForgeHooks.java:849) ~[forge-1.20.1-47.4.22-universal.jar%23701!/:?]
	at net.minecraft.world.level.storage.loot.LootDataType.deserialize(LootDataType.java:45) ~[server-1.20.1-20230612.114412-srg.jar%23696!/:?]
	at net.minecraft.world.level.storage.loot.LootDataManager.lambda$scheduleElementParse$4(LootDataManager.java:56) ~[server-1.20.1-20230612.114412-srg.jar%23696!/:?]
	at java.util.HashMap.forEach(HashMap.java:1421) ~[?:?]
	at net.minecraft.world.level.storage.loot.LootDataManager.m_278660_(LootDataManager.java:55) ~[server-1.20.1-20230612.114412-srg.jar%23696!/:?]
	at java.util.concurrent.CompletableFuture$AsyncRun.run(CompletableFuture.java:1804) ~[?:?]
	at java.util.concurrent.CompletableFuture$AsyncRun.exec(CompletableFuture.java:1796) ~[?:?]
	at java.util.concurrent.ForkJoinTask.doExec(ForkJoinTask.java:373) ~[?:?]
	at java.util.concurrent.ForkJoinPool$WorkQueue.topLevelExec(ForkJoinPool.java:1182) ~[?:?]
	at java.util.concurrent.ForkJoinPool.scan(ForkJoinPool.java:1655) ~[?:?]
	at java.util.concurrent.ForkJoinPool.runWorker(ForkJoinPool.java:1622) ~[?:?]
	at java.util.concurrent.ForkJoinWorkerThread.run(ForkJoinWorkerThread.java:165) ~[?:?]
[04Aug2026 17:24:58.417] [Worker-Main-3/ERROR] [net.minecraftforge.common.ForgeHooks/]: Couldn't parse element loot_tables:medieval_nether:chests_pyramid
com.google.gson.JsonSyntaxException: Expected name to be an item, was unknown string 'create_eternal_journey:relics_experience_nugget'
	at net.minecraft.util.GsonHelper.m_13866_(GsonHelper.java:145) ~[server-1.20.1-20230612.114412-srg.jar%23696!/:?]
	at java.util.Optional.orElseThrow(Optional.java:403) ~[?:?]
	at net.minecraft.util.GsonHelper.m_13874_(GsonHelper.java:145) ~[server-1.20.1-20230612.114412-srg.jar%23696!/:?]
	at net.minecraft.util.GsonHelper.m_13909_(GsonHelper.java:153) ~[server-1.20.1-20230612.114412-srg.jar%23696!/:?]
	at net.minecraft.world.level.storage.loot.entries.LootItem$Serializer.m_7267_(LootItem.java:55) ~[server-1.20.1-20230612.114412-srg.jar%23696!/:?]
	at net.minecraft.world.level.storage.loot.entries.LootItem$Serializer.m_7267_(LootItem.java:40) ~[server-1.20.1-20230612.114412-srg.jar%23696!/:?]
	at net.minecraft.world.level.storage.loot.entries.LootPoolSingletonContainer$Serializer.m_5921_(LootPoolSingletonContainer.java:151) ~[server-1.20.1-20230612.114412-srg.jar%23696!/:?]
	at net.minecraft.world.level.storage.loot.entries.LootPoolSingletonContainer$Serializer.m_5921_(LootPoolSingletonContainer.java:129) ~[server-1.20.1-20230612.114412-srg.jar%23696!/:?]
	at net.minecraft.world.level.storage.loot.entries.LootPoolEntryContainer$Serializer.m_7561_(LootPoolEntryContainer.java:86) ~[server-1.20.1-20230612.114412-srg.jar%23696!/:?]
	at net.minecraft.world.level.storage.loot.entries.LootPoolEntryContainer$Serializer.m_7561_(LootPoolEntryContainer.java:74) ~[server-1.20.1-20230612.114412-srg.jar%23696!/:?]
	at net.minecraft.world.level.storage.loot.GsonAdapterFactory$JsonAdapter.deserialize(GsonAdapterFactory.java:102) ~[server-1.20.1-20230612.114412-srg.jar%23696!/:?]
	at com.google.gson.internal.bind.TreeTypeAdapter.read(TreeTypeAdapter.java:76) ~[gson-2.10.jar%2370!/:?]
	at com.google.gson.internal.bind.TypeAdapterRuntimeTypeWrapper.read(TypeAdapterRuntimeTypeWrapper.java:40) ~[gson-2.10.jar%2370!/:?]
	at com.google.gson.internal.bind.ArrayTypeAdapter.read(ArrayTypeAdapter.java:72) ~[gson-2.10.jar%2370!/:?]
	at com.google.gson.Gson.fromJson(Gson.java:1214) ~[gson-2.10.jar%2370!/:?]
	at com.google.gson.Gson.fromJson(Gson.java:1319) ~[gson-2.10.jar%2370!/:?]
	at com.google.gson.Gson.fromJson(Gson.java:1290) ~[gson-2.10.jar%2370!/:?]
	at com.google.gson.internal.bind.TreeTypeAdapter$GsonContextImpl.deserialize(TreeTypeAdapter.java:179) ~[gson-2.10.jar%2370!/:?]
	at net.minecraft.util.GsonHelper.m_13808_(GsonHelper.java:463) ~[server-1.20.1-20230612.114412-srg.jar%23696!/:?]
	at net.minecraft.util.GsonHelper.m_13836_(GsonHelper.java:471) ~[server-1.20.1-20230612.114412-srg.jar%23696!/:?]
	at net.minecraft.world.level.storage.loot.LootPool$Serializer.deserialize(LootPool.java:192) ~[server-1.20.1-20230612.114412-srg.jar%23696!/:?]
	at net.minecraft.world.level.storage.loot.LootPool$Serializer.deserialize(LootPool.java:189) ~[server-1.20.1-20230612.114412-srg.jar%23696!/:?]
	at com.google.gson.internal.bind.TreeTypeAdapter.read(TreeTypeAdapter.java:76) ~[gson-2.10.jar%2370!/:?]
	at com.google.gson.internal.bind.TypeAdapterRuntimeTypeWrapper.read(TypeAdapterRuntimeTypeWrapper.java:40) ~[gson-2.10.jar%2370!/:?]
	at com.google.gson.internal.bind.ArrayTypeAdapter.read(ArrayTypeAdapter.java:72) ~[gson-2.10.jar%2370!/:?]
	at com.google.gson.Gson.fromJson(Gson.java:1214) ~[gson-2.10.jar%2370!/:?]
	at com.google.gson.Gson.fromJson(Gson.java:1319) ~[gson-2.10.jar%2370!/:?]
	at com.google.gson.Gson.fromJson(Gson.java:1290) ~[gson-2.10.jar%2370!/:?]
	at com.google.gson.internal.bind.TreeTypeAdapter$GsonContextImpl.deserialize(TreeTypeAdapter.java:179) ~[gson-2.10.jar%2370!/:?]
	at net.minecraft.util.GsonHelper.m_13808_(GsonHelper.java:463) ~[server-1.20.1-20230612.114412-srg.jar%23696!/:?]
	at net.minecraft.util.GsonHelper.m_13845_(GsonHelper.java:481) ~[server-1.20.1-20230612.114412-srg.jar%23696!/:?]
	at net.minecraft.world.level.storage.loot.LootTable$Serializer.deserialize(LootTable.java:294) ~[server-1.20.1-20230612.114412-srg.jar%23696!/:?]
	at net.minecraft.world.level.storage.loot.LootTable$Serializer.deserialize(LootTable.java:291) ~[server-1.20.1-20230612.114412-srg.jar%23696!/:?]
	at com.google.gson.internal.bind.TreeTypeAdapter.read(TreeTypeAdapter.java:76) ~[gson-2.10.jar%2370!/:?]
	at com.google.gson.Gson.fromJson(Gson.java:1214) ~[gson-2.10.jar%2370!/:?]
	at com.google.gson.Gson.fromJson(Gson.java:1319) ~[gson-2.10.jar%2370!/:?]
	at com.google.gson.Gson.fromJson(Gson.java:1261) ~[gson-2.10.jar%2370!/:?]
	at net.minecraftforge.common.ForgeHooks.loadLootTable(ForgeHooks.java:872) ~[forge-1.20.1-47.4.22-universal.jar%23701!/:?]
	at net.minecraftforge.common.ForgeHooks.lambda$getLootTableDeserializer$3(ForgeHooks.java:849) ~[forge-1.20.1-47.4.22-universal.jar%23701!/:?]
	at net.minecraft.world.level.storage.loot.LootDataType.deserialize(LootDataType.java:45) ~[server-1.20.1-20230612.114412-srg.jar%23696!/:?]
	at net.minecraft.world.level.storage.loot.LootDataManager.lambda$scheduleElementParse$4(LootDataManager.java:56) ~[server-1.20.1-20230612.114412-srg.jar%23696!/:?]
	at java.util.HashMap.forEach(HashMap.java:1421) ~[?:?]
	at net.minecraft.world.level.storage.loot.LootDataManager.m_278660_(LootDataManager.java:55) ~[server-1.20.1-20230612.114412-srg.jar%23696!/:?]
	at java.util.concurrent.CompletableFuture$AsyncRun.run(CompletableFuture.java:1804) ~[?:?]
	at java.util.concurrent.CompletableFuture$AsyncRun.exec(CompletableFuture.java:1796) ~[?:?]
	at java.util.concurrent.ForkJoinTask.doExec(ForkJoinTask.java:373) ~[?:?]
	at java.util.concurrent.ForkJoinPool$WorkQueue.topLevelExec(ForkJoinPool.java:1182) ~[?:?]
	at java.util.concurrent.ForkJoinPool.scan(ForkJoinPool.java:1655) ~[?:?]
	at java.util.concurrent.ForkJoinPool.runWorker(ForkJoinPool.java:1622) ~[?:?]
	at java.util.concurrent.ForkJoinWorkerThread.run(ForkJoinWorkerThread.java:165) ~[?:?]
[04Aug2026 17:24:58.420] [Worker-Main-3/ERROR] [net.minecraftforge.common.ForgeHooks/]: Couldn't parse element loot_tables:unusualend:blocks/gloopy_urn
com.google.gson.JsonSyntaxException: Unknown enchantment 'minecraft:mending'
	at net.minecraft.world.level.storage.loot.functions.EnchantRandomlyFunction$Serializer.m_80465_(EnchantRandomlyFunction.java:137) ~[server-1.20.1-20230612.114412-srg.jar%23696!/:?]
	at java.util.Optional.orElseThrow(Optional.java:403) ~[?:?]
	at net.minecraft.world.level.storage.loot.functions.EnchantRandomlyFunction$Serializer.m_6821_(EnchantRandomlyFunction.java:137) ~[server-1.20.1-20230612.114412-srg.jar%23696!/:?]
	at net.minecraft.world.level.storage.loot.functions.EnchantRandomlyFunction$Serializer.m_6821_(EnchantRandomlyFunction.java:111) ~[server-1.20.1-20230612.114412-srg.jar%23696!/:?]
	at net.minecraft.world.level.storage.loot.functions.LootItemConditionalFunction$Serializer.m_7561_(LootItemConditionalFunction.java:99) ~[server-1.20.1-20230612.114412-srg.jar%23696!/:?]
	at net.minecraft.world.level.storage.loot.functions.LootItemConditionalFunction$Serializer.m_7561_(LootItemConditionalFunction.java:88) ~[server-1.20.1-20230612.114412-srg.jar%23696!/:?]
	at net.minecraft.world.level.storage.loot.GsonAdapterFactory$JsonAdapter.deserialize(GsonAdapterFactory.java:102) ~[server-1.20.1-20230612.114412-srg.jar%23696!/:?]
	at com.google.gson.internal.bind.TreeTypeAdapter.read(TreeTypeAdapter.java:76) ~[gson-2.10.jar%2370!/:?]
	at com.google.gson.internal.bind.TypeAdapterRuntimeTypeWrapper.read(TypeAdapterRuntimeTypeWrapper.java:40) ~[gson-2.10.jar%2370!/:?]
	at com.google.gson.internal.bind.ArrayTypeAdapter.read(ArrayTypeAdapter.java:72) ~[gson-2.10.jar%2370!/:?]
	at com.google.gson.Gson.fromJson(Gson.java:1214) ~[gson-2.10.jar%2370!/:?]
	at com.google.gson.Gson.fromJson(Gson.java:1319) ~[gson-2.10.jar%2370!/:?]
	at com.google.gson.Gson.fromJson(Gson.java:1290) ~[gson-2.10.jar%2370!/:?]
	at com.google.gson.internal.bind.TreeTypeAdapter$GsonContextImpl.deserialize(TreeTypeAdapter.java:179) ~[gson-2.10.jar%2370!/:?]
	at net.minecraft.util.GsonHelper.m_13808_(GsonHelper.java:463) ~[server-1.20.1-20230612.114412-srg.jar%23696!/:?]
	at net.minecraft.util.GsonHelper.m_13845_(GsonHelper.java:481) ~[server-1.20.1-20230612.114412-srg.jar%23696!/:?]
	at net.minecraft.world.level.storage.loot.entries.LootPoolSingletonContainer$Serializer.m_5921_(LootPoolSingletonContainer.java:149) ~[server-1.20.1-20230612.114412-srg.jar%23696!/:?]
	at net.minecraft.world.level.storage.loot.entries.LootPoolSingletonContainer$Serializer.m_5921_(LootPoolSingletonContainer.java:129) ~[server-1.20.1-20230612.114412-srg.jar%23696!/:?]
	at net.minecraft.world.level.storage.loot.entries.LootPoolEntryContainer$Serializer.m_7561_(LootPoolEntryContainer.java:86) ~[server-1.20.1-20230612.114412-srg.jar%23696!/:?]
	at net.minecraft.world.level.storage.loot.entries.LootPoolEntryContainer$Serializer.m_7561_(LootPoolEntryContainer.java:74) ~[server-1.20.1-20230612.114412-srg.jar%23696!/:?]
	at net.minecraft.world.level.storage.loot.GsonAdapterFactory$JsonAdapter.deserialize(GsonAdapterFactory.java:102) ~[server-1.20.1-20230612.114412-srg.jar%23696!/:?]
	at com.google.gson.internal.bind.TreeTypeAdapter.read(TreeTypeAdapter.java:76) ~[gson-2.10.jar%2370!/:?]
	at com.google.gson.internal.bind.TypeAdapterRuntimeTypeWrapper.read(TypeAdapterRuntimeTypeWrapper.java:40) ~[gson-2.10.jar%2370!/:?]
	at com.google.gson.internal.bind.ArrayTypeAdapter.read(ArrayTypeAdapter.java:72) ~[gson-2.10.jar%2370!/:?]
	at com.google.gson.Gson.fromJson(Gson.java:1214) ~[gson-2.10.jar%2370!/:?]
	at com.google.gson.Gson.fromJson(Gson.java:1319) ~[gson-2.10.jar%2370!/:?]
	at com.google.gson.Gson.fromJson(Gson.java:1290) ~[gson-2.10.jar%2370!/:?]
	at com.google.gson.internal.bind.TreeTypeAdapter$GsonContextImpl.deserialize(TreeTypeAdapter.java:179) ~[gson-2.10.jar%2370!/:?]
	at net.minecraft.util.GsonHelper.m_13808_(GsonHelper.java:463) ~[server-1.20.1-20230612.114412-srg.jar%23696!/:?]
	at net.minecraft.util.GsonHelper.m_13836_(GsonHelper.java:471) ~[server-1.20.1-20230612.114412-srg.jar%23696!/:?]
	at net.minecraft.world.level.storage.loot.LootPool$Serializer.deserialize(LootPool.java:192) ~[server-1.20.1-20230612.114412-srg.jar%23696!/:?]
	at net.minecraft.world.level.storage.loot.LootPool$Serializer.deserialize(LootPool.java:189) ~[server-1.20.1-20230612.114412-srg.jar%23696!/:?]
	at com.google.gson.internal.bind.TreeTypeAdapter.read(TreeTypeAdapter.java:76) ~[gson-2.10.jar%2370!/:?]
	at com.google.gson.internal.bind.TypeAdapterRuntimeTypeWrapper.read(TypeAdapterRuntimeTypeWrapper.java:40) ~[gson-2.10.jar%2370!/:?]
	at com.google.gson.internal.bind.ArrayTypeAdapter.read(ArrayTypeAdapter.java:72) ~[gson-2.10.jar%2370!/:?]
	at com.google.gson.Gson.fromJson(Gson.java:1214) ~[gson-2.10.jar%2370!/:?]
	at com.google.gson.Gson.fromJson(Gson.java:1319) ~[gson-2.10.jar%2370!/:?]
	at com.google.gson.Gson.fromJson(Gson.java:1290) ~[gson-2.10.jar%2370!/:?]
	at com.google.gson.internal.bind.TreeTypeAdapter$GsonContextImpl.deserialize(TreeTypeAdapter.java:179) ~[gson-2.10.jar%2370!/:?]
	at net.minecraft.util.GsonHelper.m_13808_(GsonHelper.java:463) ~[server-1.20.1-20230612.114412-srg.jar%23696!/:?]
	at net.minecraft.util.GsonHelper.m_13845_(GsonHelper.java:481) ~[server-1.20.1-20230612.114412-srg.jar%23696!/:?]
	at net.minecraft.world.level.storage.loot.LootTable$Serializer.deserialize(LootTable.java:294) ~[server-1.20.1-20230612.114412-srg.jar%23696!/:?]
	at net.minecraft.world.level.storage.loot.LootTable$Serializer.deserialize(LootTable.java:291) ~[server-1.20.1-20230612.114412-srg.jar%23696!/:?]
	at com.google.gson.internal.bind.TreeTypeAdapter.read(TreeTypeAdapter.java:76) ~[gson-2.10.jar%2370!/:?]
	at com.google.gson.Gson.fromJson(Gson.java:1214) ~[gson-2.10.jar%2370!/:?]
	at com.google.gson.Gson.fromJson(Gson.java:1319) ~[gson-2.10.jar%2370!/:?]
	at com.google.gson.Gson.fromJson(Gson.java:1261) ~[gson-2.10.jar%2370!/:?]
	at net.minecraftforge.common.ForgeHooks.loadLootTable(ForgeHooks.java:872) ~[forge-1.20.1-47.4.22-universal.jar%23701!/:?]
	at net.minecraftforge.common.ForgeHooks.lambda$getLootTableDeserializer$3(ForgeHooks.java:849) ~[forge-1.20.1-47.4.22-universal.jar%23701!/:?]
	at net.minecraft.world.level.storage.loot.LootDataType.deserialize(LootDataType.java:45) ~[server-1.20.1-20230612.114412-srg.jar%23696!/:?]
	at net.minecraft.world.level.storage.loot.LootDataManager.lambda$scheduleElementParse$4(LootDataManager.java:56) ~[server-1.20.1-20230612.114412-srg.jar%23696!/:?]
	at java.util.HashMap.forEach(HashMap.java:1421) ~[?:?]
	at net.minecraft.world.level.storage.loot.LootDataManager.m_278660_(LootDataManager.java:55) ~[server-1.20.1-20230612.114412-srg.jar%23696!/:?]
	at java.util.concurrent.CompletableFuture$AsyncRun.run(CompletableFuture.java:1804) ~[?:?]
	at java.util.concurrent.CompletableFuture$AsyncRun.exec(CompletableFuture.java:1796) ~[?:?]
	at java.util.concurrent.ForkJoinTask.doExec(ForkJoinTask.java:373) ~[?:?]
	at java.util.concurrent.ForkJoinPool$WorkQueue.topLevelExec(ForkJoinPool.java:1182) ~[?:?]
	at java.util.concurrent.ForkJoinPool.scan(ForkJoinPool.java:1655) ~[?:?]
	at java.util.concurrent.ForkJoinPool.runWorker(ForkJoinPool.java:1622) ~[?:?]
	at java.util.concurrent.ForkJoinWorkerThread.run(ForkJoinWorkerThread.java:165) ~[?:?]
[04Aug2026 17:24:58.434] [Worker-Main-3/ERROR] [net.minecraftforge.common.ForgeHooks/]: Couldn't parse element loot_tables:medieval_nether:chests_castle_three
com.google.gson.JsonSyntaxException: Expected name to be an item, was unknown string 'create_eternal_journey:relics_experience_nugget'
	at net.minecraft.util.GsonHelper.m_13866_(GsonHelper.java:145) ~[server-1.20.1-20230612.114412-srg.jar%23696!/:?]
	at java.util.Optional.orElseThrow(Optional.java:403) ~[?:?]
	at net.minecraft.util.GsonHelper.m_13874_(GsonHelper.java:145) ~[server-1.20.1-20230612.114412-srg.jar%23696!/:?]
	at net.minecraft.util.GsonHelper.m_13909_(GsonHelper.java:153) ~[server-1.20.1-20230612.114412-srg.jar%23696!/:?]
	at net.minecraft.world.level.storage.loot.entries.LootItem$Serializer.m_7267_(LootItem.java:55) ~[server-1.20.1-20230612.114412-srg.jar%23696!/:?]
	at net.minecraft.world.level.storage.loot.entries.LootItem$Serializer.m_7267_(LootItem.java:40) ~[server-1.20.1-20230612.114412-srg.jar%23696!/:?]
	at net.minecraft.world.level.storage.loot.entries.LootPoolSingletonContainer$Serializer.m_5921_(LootPoolSingletonContainer.java:151) ~[server-1.20.1-20230612.114412-srg.jar%23696!/:?]
	at net.minecraft.world.level.storage.loot.entries.LootPoolSingletonContainer$Serializer.m_5921_(LootPoolSingletonContainer.java:129) ~[server-1.20.1-20230612.114412-srg.jar%23696!/:?]
	at net.minecraft.world.level.storage.loot.entries.LootPoolEntryContainer$Serializer.m_7561_(LootPoolEntryContainer.java:86) ~[server-1.20.1-20230612.114412-srg.jar%23696!/:?]
	at net.minecraft.world.level.storage.loot.entries.LootPoolEntryContainer$Serializer.m_7561_(LootPoolEntryContainer.java:74) ~[server-1.20.1-20230612.114412-srg.jar%23696!/:?]
	at net.minecraft.world.level.storage.loot.GsonAdapterFactory$JsonAdapter.deserialize(GsonAdapterFactory.java:102) ~[server-1.20.1-20230612.114412-srg.jar%23696!/:?]
	at com.google.gson.internal.bind.TreeTypeAdapter.read(TreeTypeAdapter.java:76) ~[gson-2.10.jar%2370!/:?]
	at com.google.gson.internal.bind.TypeAdapterRuntimeTypeWrapper.read(TypeAdapterRuntimeTypeWrapper.java:40) ~[gson-2.10.jar%2370!/:?]
	at com.google.gson.internal.bind.ArrayTypeAdapter.read(ArrayTypeAdapter.java:72) ~[gson-2.10.jar%2370!/:?]
	at com.google.gson.Gson.fromJson(Gson.java:1214) ~[gson-2.10.jar%2370!/:?]
	at com.google.gson.Gson.fromJson(Gson.java:1319) ~[gson-2.10.jar%2370!/:?]
	at com.google.gson.Gson.fromJson(Gson.java:1290) ~[gson-2.10.jar%2370!/:?]
	at com.google.gson.internal.bind.TreeTypeAdapter$GsonContextImpl.deserialize(TreeTypeAdapter.java:179) ~[gson-2.10.jar%2370!/:?]
	at net.minecraft.util.GsonHelper.m_13808_(GsonHelper.java:463) ~[server-1.20.1-20230612.114412-srg.jar%23696!/:?]
	at net.minecraft.util.GsonHelper.m_13836_(GsonHelper.java:471) ~[server-1.20.1-20230612.114412-srg.jar%23696!/:?]
	at net.minecraft.world.level.storage.loot.LootPool$Serializer.deserialize(LootPool.java:192) ~[server-1.20.1-20230612.114412-srg.jar%23696!/:?]
	at net.minecraft.world.level.storage.loot.LootPool$Serializer.deserialize(LootPool.java:189) ~[server-1.20.1-20230612.114412-srg.jar%23696!/:?]
	at com.google.gson.internal.bind.TreeTypeAdapter.read(TreeTypeAdapter.java:76) ~[gson-2.10.jar%2370!/:?]
	at com.google.gson.internal.bind.TypeAdapterRuntimeTypeWrapper.read(TypeAdapterRuntimeTypeWrapper.java:40) ~[gson-2.10.jar%2370!/:?]
	at com.google.gson.internal.bind.ArrayTypeAdapter.read(ArrayTypeAdapter.java:72) ~[gson-2.10.jar%2370!/:?]
	at com.google.gson.Gson.fromJson(Gson.java:1214) ~[gson-2.10.jar%2370!/:?]
	at com.google.gson.Gson.fromJson(Gson.java:1319) ~[gson-2.10.jar%2370!/:?]
	at com.google.gson.Gson.fromJson(Gson.java:1290) ~[gson-2.10.jar%2370!/:?]
	at com.google.gson.internal.bind.TreeTypeAdapter$GsonContextImpl.deserialize(TreeTypeAdapter.java:179) ~[gson-2.10.jar%2370!/:?]
	at net.minecraft.util.GsonHelper.m_13808_(GsonHelper.java:463) ~[server-1.20.1-20230612.114412-srg.jar%23696!/:?]
	at net.minecraft.util.GsonHelper.m_13845_(GsonHelper.java:481) ~[server-1.20.1-20230612.114412-srg.jar%23696!/:?]
	at net.minecraft.world.level.storage.loot.LootTable$Serializer.deserialize(LootTable.java:294) ~[server-1.20.1-20230612.114412-srg.jar%23696!/:?]
	at net.minecraft.world.level.storage.loot.LootTable$Serializer.deserialize(LootTable.java:291) ~[server-1.20.1-20230612.114412-srg.jar%23696!/:?]
	at com.google.gson.internal.bind.TreeTypeAdapter.read(TreeTypeAdapter.java:76) ~[gson-2.10.jar%2370!/:?]
	at com.google.gson.Gson.fromJson(Gson.java:1214) ~[gson-2.10.jar%2370!/:?]
	at com.google.gson.Gson.fromJson(Gson.java:1319) ~[gson-2.10.jar%2370!/:?]
	at com.google.gson.Gson.fromJson(Gson.java:1261) ~[gson-2.10.jar%2370!/:?]
	at net.minecraftforge.common.ForgeHooks.loadLootTable(ForgeHooks.java:872) ~[forge-1.20.1-47.4.22-universal.jar%23701!/:?]
	at net.minecraftforge.common.ForgeHooks.lambda$getLootTableDeserializer$3(ForgeHooks.java:849) ~[forge-1.20.1-47.4.22-universal.jar%23701!/:?]
	at net.minecraft.world.level.storage.loot.LootDataType.deserialize(LootDataType.java:45) ~[server-1.20.1-20230612.114412-srg.jar%23696!/:?]
	at net.minecraft.world.level.storage.loot.LootDataManager.lambda$scheduleElementParse$4(LootDataManager.java:56) ~[server-1.20.1-20230612.114412-srg.jar%23696!/:?]
	at java.util.HashMap.forEach(HashMap.java:1421) ~[?:?]
	at net.minecraft.world.level.storage.loot.LootDataManager.m_278660_(LootDataManager.java:55) ~[server-1.20.1-20230612.114412-srg.jar%23696!/:?]
	at java.util.concurrent.CompletableFuture$AsyncRun.run(CompletableFuture.java:1804) ~[?:?]
	at java.util.concurrent.CompletableFuture$AsyncRun.exec(CompletableFuture.java:1796) ~[?:?]
	at java.util.concurrent.ForkJoinTask.doExec(ForkJoinTask.java:373) ~[?:?]
	at java.util.concurrent.ForkJoinPool$WorkQueue.topLevelExec(ForkJoinPool.java:1182) ~[?:?]
	at java.util.concurrent.ForkJoinPool.scan(ForkJoinPool.java:1655) ~[?:?]
	at java.util.concurrent.ForkJoinPool.runWorker(ForkJoinPool.java:1622) ~[?:?]
	at java.util.concurrent.ForkJoinWorkerThread.run(ForkJoinWorkerThread.java:165) ~[?:?]
[04Aug2026 17:24:58.442] [Worker-Main-3/ERROR] [net.minecraftforge.common.ForgeHooks/]: Couldn't parse element loot_tables:idas:chests/dread_citadel/dread_citadel_throne
com.google.gson.JsonSyntaxException: Expected name to be an item, was unknown string 'iceandfire:dread_shard'
	at net.minecraft.util.GsonHelper.m_13866_(GsonHelper.java:145) ~[server-1.20.1-20230612.114412-srg.jar%23696!/:?]
	at java.util.Optional.orElseThrow(Optional.java:403) ~[?:?]
	at net.minecraft.util.GsonHelper.m_13874_(GsonHelper.java:145) ~[server-1.20.1-20230612.114412-srg.jar%23696!/:?]
	at net.minecraft.util.GsonHelper.m_13909_(GsonHelper.java:153) ~[server-1.20.1-20230612.114412-srg.jar%23696!/:?]
	at net.minecraft.world.level.storage.loot.entries.LootItem$Serializer.m_7267_(LootItem.java:55) ~[server-1.20.1-20230612.114412-srg.jar%23696!/:?]
	at net.minecraft.world.level.storage.loot.entries.LootItem$Serializer.m_7267_(LootItem.java:40) ~[server-1.20.1-20230612.114412-srg.jar%23696!/:?]
	at net.minecraft.world.level.storage.loot.entries.LootPoolSingletonContainer$Serializer.m_5921_(LootPoolSingletonContainer.java:151) ~[server-1.20.1-20230612.114412-srg.jar%23696!/:?]
	at net.minecraft.world.level.storage.loot.entries.LootPoolSingletonContainer$Serializer.m_5921_(LootPoolSingletonContainer.java:129) ~[server-1.20.1-20230612.114412-srg.jar%23696!/:?]
	at net.minecraft.world.level.storage.loot.entries.LootPoolEntryContainer$Serializer.m_7561_(LootPoolEntryContainer.java:86) ~[server-1.20.1-20230612.114412-srg.jar%23696!/:?]
	at net.minecraft.world.level.storage.loot.entries.LootPoolEntryContainer$Serializer.m_7561_(LootPoolEntryContainer.java:74) ~[server-1.20.1-20230612.114412-srg.jar%23696!/:?]
	at net.minecraft.world.level.storage.loot.GsonAdapterFactory$JsonAdapter.deserialize(GsonAdapterFactory.java:102) ~[server-1.20.1-20230612.114412-srg.jar%23696!/:?]
	at com.google.gson.internal.bind.TreeTypeAdapter.read(TreeTypeAdapter.java:76) ~[gson-2.10.jar%2370!/:?]
	at com.google.gson.internal.bind.TypeAdapterRuntimeTypeWrapper.read(TypeAdapterRuntimeTypeWrapper.java:40) ~[gson-2.10.jar%2370!/:?]
	at com.google.gson.internal.bind.ArrayTypeAdapter.read(ArrayTypeAdapter.java:72) ~[gson-2.10.jar%2370!/:?]
	at com.google.gson.Gson.fromJson(Gson.java:1214) ~[gson-2.10.jar%2370!/:?]
	at com.google.gson.Gson.fromJson(Gson.java:1319) ~[gson-2.10.jar%2370!/:?]
	at com.google.gson.Gson.fromJson(Gson.java:1290) ~[gson-2.10.jar%2370!/:?]
	at com.google.gson.internal.bind.TreeTypeAdapter$GsonContextImpl.deserialize(TreeTypeAdapter.java:179) ~[gson-2.10.jar%2370!/:?]
	at net.minecraft.util.GsonHelper.m_13808_(GsonHelper.java:463) ~[server-1.20.1-20230612.114412-srg.jar%23696!/:?]
	at net.minecraft.util.GsonHelper.m_13836_(GsonHelper.java:471) ~[server-1.20.1-20230612.114412-srg.jar%23696!/:?]
	at net.minecraft.world.level.storage.loot.LootPool$Serializer.deserialize(LootPool.java:192) ~[server-1.20.1-20230612.114412-srg.jar%23696!/:?]
	at net.minecraft.world.level.storage.loot.LootPool$Serializer.deserialize(LootPool.java:189) ~[server-1.20.1-20230612.114412-srg.jar%23696!/:?]
	at com.google.gson.internal.bind.TreeTypeAdapter.read(TreeTypeAdapter.java:76) ~[gson-2.10.jar%2370!/:?]
	at com.google.gson.internal.bind.TypeAdapterRuntimeTypeWrapper.read(TypeAdapterRuntimeTypeWrapper.java:40) ~[gson-2.10.jar%2370!/:?]
	at com.google.gson.internal.bind.ArrayTypeAdapter.read(ArrayTypeAdapter.java:72) ~[gson-2.10.jar%2370!/:?]
	at com.google.gson.Gson.fromJson(Gson.java:1214) ~[gson-2.10.jar%2370!/:?]
	at com.google.gson.Gson.fromJson(Gson.java:1319) ~[gson-2.10.jar%2370!/:?]
	at com.google.gson.Gson.fromJson(Gson.java:1290) ~[gson-2.10.jar%2370!/:?]
	at com.google.gson.internal.bind.TreeTypeAdapter$GsonContextImpl.deserialize(TreeTypeAdapter.java:179) ~[gson-2.10.jar%2370!/:?]
	at net.minecraft.util.GsonHelper.m_13808_(GsonHelper.java:463) ~[server-1.20.1-20230612.114412-srg.jar%23696!/:?]
	at net.minecraft.util.GsonHelper.m_13845_(GsonHelper.java:481) ~[server-1.20.1-20230612.114412-srg.jar%23696!/:?]
	at net.minecraft.world.level.storage.loot.LootTable$Serializer.deserialize(LootTable.java:294) ~[server-1.20.1-20230612.114412-srg.jar%23696!/:?]
	at net.minecraft.world.level.storage.loot.LootTable$Serializer.deserialize(LootTable.java:291) ~[server-1.20.1-20230612.114412-srg.jar%23696!/:?]
	at com.google.gson.internal.bind.TreeTypeAdapter.read(TreeTypeAdapter.java:76) ~[gson-2.10.jar%2370!/:?]
	at com.google.gson.Gson.fromJson(Gson.java:1214) ~[gson-2.10.jar%2370!/:?]
	at com.google.gson.Gson.fromJson(Gson.java:1319) ~[gson-2.10.jar%2370!/:?]
	at com.google.gson.Gson.fromJson(Gson.java:1261) ~[gson-2.10.jar%2370!/:?]
	at net.minecraftforge.common.ForgeHooks.loadLootTable(ForgeHooks.java:872) ~[forge-1.20.1-47.4.22-universal.jar%23701!/:?]
	at net.minecraftforge.common.ForgeHooks.lambda$getLootTableDeserializer$3(ForgeHooks.java:849) ~[forge-1.20.1-47.4.22-universal.jar%23701!/:?]
	at net.minecraft.world.level.storage.loot.LootDataType.deserialize(LootDataType.java:45) ~[server-1.20.1-20230612.114412-srg.jar%23696!/:?]
	at net.minecraft.world.level.storage.loot.LootDataManager.lambda$scheduleElementParse$4(LootDataManager.java:56) ~[server-1.20.1-20230612.114412-srg.jar%23696!/:?]
	at java.util.HashMap.forEach(HashMap.java:1421) ~[?:?]
	at net.minecraft.world.level.storage.loot.LootDataManager.m_278660_(LootDataManager.java:55) ~[server-1.20.1-20230612.114412-srg.jar%23696!/:?]
	at java.util.concurrent.CompletableFuture$AsyncRun.run(CompletableFuture.java:1804) ~[?:?]
	at java.util.concurrent.CompletableFuture$AsyncRun.exec(CompletableFuture.java:1796) ~[?:?]
	at java.util.concurrent.ForkJoinTask.doExec(ForkJoinTask.java:373) ~[?:?]
	at java.util.concurrent.ForkJoinPool$WorkQueue.topLevelExec(ForkJoinPool.java:1182) ~[?:?]
	at java.util.concurrent.ForkJoinPool.scan(ForkJoinPool.java:1655) ~[?:?]
	at java.util.concurrent.ForkJoinPool.runWorker(ForkJoinPool.java:1622) ~[?:?]
	at java.util.concurrent.ForkJoinWorkerThread.run(ForkJoinWorkerThread.java:165) ~[?:?]
[04Aug2026 17:24:58.453] [Worker-Main-3/ERROR] [net.minecraftforge.common.ForgeHooks/]: Couldn't parse element loot_tables:medieval_nether:chests_house_two
com.google.gson.JsonSyntaxException: Expected name to be an item, was unknown string 'create_eternal_journey:relics_experience_nugget'
	at net.minecraft.util.GsonHelper.m_13866_(GsonHelper.java:145) ~[server-1.20.1-20230612.114412-srg.jar%23696!/:?]
	at java.util.Optional.orElseThrow(Optional.java:403) ~[?:?]
	at net.minecraft.util.GsonHelper.m_13874_(GsonHelper.java:145) ~[server-1.20.1-20230612.114412-srg.jar%23696!/:?]
	at net.minecraft.util.GsonHelper.m_13909_(GsonHelper.java:153) ~[server-1.20.1-20230612.114412-srg.jar%23696!/:?]
	at net.minecraft.world.level.storage.loot.entries.LootItem$Serializer.m_7267_(LootItem.java:55) ~[server-1.20.1-20230612.114412-srg.jar%23696!/:?]
	at net.minecraft.world.level.storage.loot.entries.LootItem$Serializer.m_7267_(LootItem.java:40) ~[server-1.20.1-20230612.114412-srg.jar%23696!/:?]
	at net.minecraft.world.level.storage.loot.entries.LootPoolSingletonContainer$Serializer.m_5921_(LootPoolSingletonContainer.java:151) ~[server-1.20.1-20230612.114412-srg.jar%23696!/:?]
	at net.minecraft.world.level.storage.loot.entries.LootPoolSingletonContainer$Serializer.m_5921_(LootPoolSingletonContainer.java:129) ~[server-1.20.1-20230612.114412-srg.jar%23696!/:?]
	at net.minecraft.world.level.storage.loot.entries.LootPoolEntryContainer$Serializer.m_7561_(LootPoolEntryContainer.java:86) ~[server-1.20.1-20230612.114412-srg.jar%23696!/:?]
	at net.minecraft.world.level.storage.loot.entries.LootPoolEntryContainer$Serializer.m_7561_(LootPoolEntryContainer.java:74) ~[server-1.20.1-20230612.114412-srg.jar%23696!/:?]
	at net.minecraft.world.level.storage.loot.GsonAdapterFactory$JsonAdapter.deserialize(GsonAdapterFactory.java:102) ~[server-1.20.1-20230612.114412-srg.jar%23696!/:?]
	at com.google.gson.internal.bind.TreeTypeAdapter.read(TreeTypeAdapter.java:76) ~[gson-2.10.jar%2370!/:?]
	at com.google.gson.internal.bind.TypeAdapterRuntimeTypeWrapper.read(TypeAdapterRuntimeTypeWrapper.java:40) ~[gson-2.10.jar%2370!/:?]
	at com.google.gson.internal.bind.ArrayTypeAdapter.read(ArrayTypeAdapter.java:72) ~[gson-2.10.jar%2370!/:?]
	at com.google.gson.Gson.fromJson(Gson.java:1214) ~[gson-2.10.jar%2370!/:?]
	at com.google.gson.Gson.fromJson(Gson.java:1319) ~[gson-2.10.jar%2370!/:?]
	at com.google.gson.Gson.fromJson(Gson.java:1290) ~[gson-2.10.jar%2370!/:?]
	at com.google.gson.internal.bind.TreeTypeAdapter$GsonContextImpl.deserialize(TreeTypeAdapter.java:179) ~[gson-2.10.jar%2370!/:?]
	at net.minecraft.util.GsonHelper.m_13808_(GsonHelper.java:463) ~[server-1.20.1-20230612.114412-srg.jar%23696!/:?]
	at net.minecraft.util.GsonHelper.m_13836_(GsonHelper.java:471) ~[server-1.20.1-20230612.114412-srg.jar%23696!/:?]
	at net.minecraft.world.level.storage.loot.LootPool$Serializer.deserialize(LootPool.java:192) ~[server-1.20.1-20230612.114412-srg.jar%23696!/:?]
	at net.minecraft.world.level.storage.loot.LootPool$Serializer.deserialize(LootPool.java:189) ~[server-1.20.1-20230612.114412-srg.jar%23696!/:?]
	at com.google.gson.internal.bind.TreeTypeAdapter.read(TreeTypeAdapter.java:76) ~[gson-2.10.jar%2370!/:?]
	at com.google.gson.internal.bind.TypeAdapterRuntimeTypeWrapper.read(TypeAdapterRuntimeTypeWrapper.java:40) ~[gson-2.10.jar%2370!/:?]
	at com.google.gson.internal.bind.ArrayTypeAdapter.read(ArrayTypeAdapter.java:72) ~[gson-2.10.jar%2370!/:?]
	at com.google.gson.Gson.fromJson(Gson.java:1214) ~[gson-2.10.jar%2370!/:?]
	at com.google.gson.Gson.fromJson(Gson.java:1319) ~[gson-2.10.jar%2370!/:?]
	at com.google.gson.Gson.fromJson(Gson.java:1290) ~[gson-2.10.jar%2370!/:?]
	at com.google.gson.internal.bind.TreeTypeAdapter$GsonContextImpl.deserialize(TreeTypeAdapter.java:179) ~[gson-2.10.jar%2370!/:?]
	at net.minecraft.util.GsonHelper.m_13808_(GsonHelper.java:463) ~[server-1.20.1-20230612.114412-srg.jar%23696!/:?]
	at net.minecraft.util.GsonHelper.m_13845_(GsonHelper.java:481) ~[server-1.20.1-20230612.114412-srg.jar%23696!/:?]
	at net.minecraft.world.level.storage.loot.LootTable$Serializer.deserialize(LootTable.java:294) ~[server-1.20.1-20230612.114412-srg.jar%23696!/:?]
	at net.minecraft.world.level.storage.loot.LootTable$Serializer.deserialize(LootTable.java:291) ~[server-1.20.1-20230612.114412-srg.jar%23696!/:?]
	at com.google.gson.internal.bind.TreeTypeAdapter.read(TreeTypeAdapter.java:76) ~[gson-2.10.jar%2370!/:?]
	at com.google.gson.Gson.fromJson(Gson.java:1214) ~[gson-2.10.jar%2370!/:?]
	at com.google.gson.Gson.fromJson(Gson.java:1319) ~[gson-2.10.jar%2370!/:?]
	at com.google.gson.Gson.fromJson(Gson.java:1261) ~[gson-2.10.jar%2370!/:?]
	at net.minecraftforge.common.ForgeHooks.loadLootTable(ForgeHooks.java:872) ~[forge-1.20.1-47.4.22-universal.jar%23701!/:?]
	at net.minecraftforge.common.ForgeHooks.lambda$getLootTableDeserializer$3(ForgeHooks.java:849) ~[forge-1.20.1-47.4.22-universal.jar%23701!/:?]
	at net.minecraft.world.level.storage.loot.LootDataType.deserialize(LootDataType.java:45) ~[server-1.20.1-20230612.114412-srg.jar%23696!/:?]
	at net.minecraft.world.level.storage.loot.LootDataManager.lambda$scheduleElementParse$4(LootDataManager.java:56) ~[server-1.20.1-20230612.114412-srg.jar%23696!/:?]
	at java.util.HashMap.forEach(HashMap.java:1421) ~[?:?]
	at net.minecraft.world.level.storage.loot.LootDataManager.m_278660_(LootDataManager.java:55) ~[server-1.20.1-20230612.114412-srg.jar%23696!/:?]
	at java.util.concurrent.CompletableFuture$AsyncRun.run(CompletableFuture.java:1804) ~[?:?]
	at java.util.concurrent.CompletableFuture$AsyncRun.exec(CompletableFuture.java:1796) ~[?:?]
	at java.util.concurrent.ForkJoinTask.doExec(ForkJoinTask.java:373) ~[?:?]
	at java.util.concurrent.ForkJoinPool$WorkQueue.topLevelExec(ForkJoinPool.java:1182) ~[?:?]
	at java.util.concurrent.ForkJoinPool.scan(ForkJoinPool.java:1655) ~[?:?]
	at java.util.concurrent.ForkJoinPool.runWorker(ForkJoinPool.java:1622) ~[?:?]
	at java.util.concurrent.ForkJoinWorkerThread.run(ForkJoinWorkerThread.java:165) ~[?:?]
[04Aug2026 17:24:58.467] [Worker-Main-3/ERROR] [net.minecraftforge.common.ForgeHooks/]: Couldn't parse element loot_tables:create_easy_structures:chests/epic_chest
com.google.gson.JsonSyntaxException: Unknown enchantment 'minecraft:mending'
	at net.minecraft.world.level.storage.loot.functions.EnchantRandomlyFunction$Serializer.m_80465_(EnchantRandomlyFunction.java:137) ~[server-1.20.1-20230612.114412-srg.jar%23696!/:?]
	at java.util.Optional.orElseThrow(Optional.java:403) ~[?:?]
	at net.minecraft.world.level.storage.loot.functions.EnchantRandomlyFunction$Serializer.m_6821_(EnchantRandomlyFunction.java:137) ~[server-1.20.1-20230612.114412-srg.jar%23696!/:?]
	at net.minecraft.world.level.storage.loot.functions.EnchantRandomlyFunction$Serializer.m_6821_(EnchantRandomlyFunction.java:111) ~[server-1.20.1-20230612.114412-srg.jar%23696!/:?]
	at net.minecraft.world.level.storage.loot.functions.LootItemConditionalFunction$Serializer.m_7561_(LootItemConditionalFunction.java:99) ~[server-1.20.1-20230612.114412-srg.jar%23696!/:?]
	at net.minecraft.world.level.storage.loot.functions.LootItemConditionalFunction$Serializer.m_7561_(LootItemConditionalFunction.java:88) ~[server-1.20.1-20230612.114412-srg.jar%23696!/:?]
	at net.minecraft.world.level.storage.loot.GsonAdapterFactory$JsonAdapter.deserialize(GsonAdapterFactory.java:102) ~[server-1.20.1-20230612.114412-srg.jar%23696!/:?]
	at com.google.gson.internal.bind.TreeTypeAdapter.read(TreeTypeAdapter.java:76) ~[gson-2.10.jar%2370!/:?]
	at com.google.gson.internal.bind.TypeAdapterRuntimeTypeWrapper.read(TypeAdapterRuntimeTypeWrapper.java:40) ~[gson-2.10.jar%2370!/:?]
	at com.google.gson.internal.bind.ArrayTypeAdapter.read(ArrayTypeAdapter.java:72) ~[gson-2.10.jar%2370!/:?]
	at com.google.gson.Gson.fromJson(Gson.java:1214) ~[gson-2.10.jar%2370!/:?]
	at com.google.gson.Gson.fromJson(Gson.java:1319) ~[gson-2.10.jar%2370!/:?]
	at com.google.gson.Gson.fromJson(Gson.java:1290) ~[gson-2.10.jar%2370!/:?]
	at com.google.gson.internal.bind.TreeTypeAdapter$GsonContextImpl.deserialize(TreeTypeAdapter.java:179) ~[gson-2.10.jar%2370!/:?]
	at net.minecraft.util.GsonHelper.m_13808_(GsonHelper.java:463) ~[server-1.20.1-20230612.114412-srg.jar%23696!/:?]
	at net.minecraft.util.GsonHelper.m_13845_(GsonHelper.java:481) ~[server-1.20.1-20230612.114412-srg.jar%23696!/:?]
	at net.minecraft.world.level.storage.loot.entries.LootPoolSingletonContainer$Serializer.m_5921_(LootPoolSingletonContainer.java:149) ~[server-1.20.1-20230612.114412-srg.jar%23696!/:?]
	at net.minecraft.world.level.storage.loot.entries.LootPoolSingletonContainer$Serializer.m_5921_(LootPoolSingletonContainer.java:129) ~[server-1.20.1-20230612.114412-srg.jar%23696!/:?]
	at net.minecraft.world.level.storage.loot.entries.LootPoolEntryContainer$Serializer.m_7561_(LootPoolEntryContainer.java:86) ~[server-1.20.1-20230612.114412-srg.jar%23696!/:?]
	at net.minecraft.world.level.storage.loot.entries.LootPoolEntryContainer$Serializer.m_7561_(LootPoolEntryContainer.java:74) ~[server-1.20.1-20230612.114412-srg.jar%23696!/:?]
	at net.minecraft.world.level.storage.loot.GsonAdapterFactory$JsonAdapter.deserialize(GsonAdapterFactory.java:102) ~[server-1.20.1-20230612.114412-srg.jar%23696!/:?]
	at com.google.gson.internal.bind.TreeTypeAdapter.read(TreeTypeAdapter.java:76) ~[gson-2.10.jar%2370!/:?]
	at com.google.gson.internal.bind.TypeAdapterRuntimeTypeWrapper.read(TypeAdapterRuntimeTypeWrapper.java:40) ~[gson-2.10.jar%2370!/:?]
	at com.google.gson.internal.bind.ArrayTypeAdapter.read(ArrayTypeAdapter.java:72) ~[gson-2.10.jar%2370!/:?]
	at com.google.gson.Gson.fromJson(Gson.java:1214) ~[gson-2.10.jar%2370!/:?]
	at com.google.gson.Gson.fromJson(Gson.java:1319) ~[gson-2.10.jar%2370!/:?]
	at com.google.gson.Gson.fromJson(Gson.java:1290) ~[gson-2.10.jar%2370!/:?]
	at com.google.gson.internal.bind.TreeTypeAdapter$GsonContextImpl.deserialize(TreeTypeAdapter.java:179) ~[gson-2.10.jar%2370!/:?]
	at net.minecraft.util.GsonHelper.m_13808_(GsonHelper.java:463) ~[server-1.20.1-20230612.114412-srg.jar%23696!/:?]
	at net.minecraft.util.GsonHelper.m_13836_(GsonHelper.java:471) ~[server-1.20.1-20230612.114412-srg.jar%23696!/:?]
	at net.minecraft.world.level.storage.loot.LootPool$Serializer.deserialize(LootPool.java:192) ~[server-1.20.1-20230612.114412-srg.jar%23696!/:?]
	at net.minecraft.world.level.storage.loot.LootPool$Serializer.deserialize(LootPool.java:189) ~[server-1.20.1-20230612.114412-srg.jar%23696!/:?]
	at com.google.gson.internal.bind.TreeTypeAdapter.read(TreeTypeAdapter.java:76) ~[gson-2.10.jar%2370!/:?]
	at com.google.gson.internal.bind.TypeAdapterRuntimeTypeWrapper.read(TypeAdapterRuntimeTypeWrapper.java:40) ~[gson-2.10.jar%2370!/:?]
	at com.google.gson.internal.bind.ArrayTypeAdapter.read(ArrayTypeAdapter.java:72) ~[gson-2.10.jar%2370!/:?]
	at com.google.gson.Gson.fromJson(Gson.java:1214) ~[gson-2.10.jar%2370!/:?]
	at com.google.gson.Gson.fromJson(Gson.java:1319) ~[gson-2.10.jar%2370!/:?]
	at com.google.gson.Gson.fromJson(Gson.java:1290) ~[gson-2.10.jar%2370!/:?]
	at com.google.gson.internal.bind.TreeTypeAdapter$GsonContextImpl.deserialize(TreeTypeAdapter.java:179) ~[gson-2.10.jar%2370!/:?]
	at net.minecraft.util.GsonHelper.m_13808_(GsonHelper.java:463) ~[server-1.20.1-20230612.114412-srg.jar%23696!/:?]
	at net.minecraft.util.GsonHelper.m_13845_(GsonHelper.java:481) ~[server-1.20.1-20230612.114412-srg.jar%23696!/:?]
	at net.minecraft.world.level.storage.loot.LootTable$Serializer.deserialize(LootTable.java:294) ~[server-1.20.1-20230612.114412-srg.jar%23696!/:?]
	at net.minecraft.world.level.storage.loot.LootTable$Serializer.deserialize(LootTable.java:291) ~[server-1.20.1-20230612.114412-srg.jar%23696!/:?]
	at com.google.gson.internal.bind.TreeTypeAdapter.read(TreeTypeAdapter.java:76) ~[gson-2.10.jar%2370!/:?]
	at com.google.gson.Gson.fromJson(Gson.java:1214) ~[gson-2.10.jar%2370!/:?]
	at com.google.gson.Gson.fromJson(Gson.java:1319) ~[gson-2.10.jar%2370!/:?]
	at com.google.gson.Gson.fromJson(Gson.java:1261) ~[gson-2.10.jar%2370!/:?]
	at net.minecraftforge.common.ForgeHooks.loadLootTable(ForgeHooks.java:872) ~[forge-1.20.1-47.4.22-universal.jar%23701!/:?]
	at net.minecraftforge.common.ForgeHooks.lambda$getLootTableDeserializer$3(ForgeHooks.java:849) ~[forge-1.20.1-47.4.22-universal.jar%23701!/:?]
	at net.minecraft.world.level.storage.loot.LootDataType.deserialize(LootDataType.java:45) ~[server-1.20.1-20230612.114412-srg.jar%23696!/:?]
	at net.minecraft.world.level.storage.loot.LootDataManager.lambda$scheduleElementParse$4(LootDataManager.java:56) ~[server-1.20.1-20230612.114412-srg.jar%23696!/:?]
	at java.util.HashMap.forEach(HashMap.java:1421) ~[?:?]
	at net.minecraft.world.level.storage.loot.LootDataManager.m_278660_(LootDataManager.java:55) ~[server-1.20.1-20230612.114412-srg.jar%23696!/:?]
	at java.util.concurrent.CompletableFuture$AsyncRun.run(CompletableFuture.java:1804) ~[?:?]
	at java.util.concurrent.CompletableFuture$AsyncRun.exec(CompletableFuture.java:1796) ~[?:?]
	at java.util.concurrent.ForkJoinTask.doExec(ForkJoinTask.java:373) ~[?:?]
	at java.util.concurrent.ForkJoinPool$WorkQueue.topLevelExec(ForkJoinPool.java:1182) ~[?:?]
	at java.util.concurrent.ForkJoinPool.scan(ForkJoinPool.java:1655) ~[?:?]
	at java.util.concurrent.ForkJoinPool.runWorker(ForkJoinPool.java:1622) ~[?:?]
	at java.util.concurrent.ForkJoinWorkerThread.run(ForkJoinWorkerThread.java:165) ~[?:?]
[04Aug2026 17:24:58.475] [Worker-Main-3/ERROR] [net.minecraftforge.common.ForgeHooks/]: Couldn't parse element loot_tables:farmersrespite:blocks/kettle
com.google.gson.JsonSyntaxException: Unknown type 'farmersrespite:copy_meal'
	at net.minecraft.world.level.storage.loot.GsonAdapterFactory$JsonAdapter.deserialize(GsonAdapterFactory.java:99) ~[server-1.20.1-20230612.114412-srg.jar%23696!/:?]
	at com.google.gson.internal.bind.TreeTypeAdapter.read(TreeTypeAdapter.java:76) ~[gson-2.10.jar%2370!/:?]
	at com.google.gson.internal.bind.TypeAdapterRuntimeTypeWrapper.read(TypeAdapterRuntimeTypeWrapper.java:40) ~[gson-2.10.jar%2370!/:?]
	at com.google.gson.internal.bind.ArrayTypeAdapter.read(ArrayTypeAdapter.java:72) ~[gson-2.10.jar%2370!/:?]
	at com.google.gson.Gson.fromJson(Gson.java:1214) ~[gson-2.10.jar%2370!/:?]
	at com.google.gson.Gson.fromJson(Gson.java:1319) ~[gson-2.10.jar%2370!/:?]
	at com.google.gson.Gson.fromJson(Gson.java:1290) ~[gson-2.10.jar%2370!/:?]
	at com.google.gson.internal.bind.TreeTypeAdapter$GsonContextImpl.deserialize(TreeTypeAdapter.java:179) ~[gson-2.10.jar%2370!/:?]
	at net.minecraft.util.GsonHelper.m_13808_(GsonHelper.java:463) ~[server-1.20.1-20230612.114412-srg.jar%23696!/:?]
	at net.minecraft.util.GsonHelper.m_13845_(GsonHelper.java:481) ~[server-1.20.1-20230612.114412-srg.jar%23696!/:?]
	at net.minecraft.world.level.storage.loot.entries.LootPoolSingletonContainer$Serializer.m_5921_(LootPoolSingletonContainer.java:149) ~[server-1.20.1-20230612.114412-srg.jar%23696!/:?]
	at net.minecraft.world.level.storage.loot.entries.LootPoolSingletonContainer$Serializer.m_5921_(LootPoolSingletonContainer.java:129) ~[server-1.20.1-20230612.114412-srg.jar%23696!/:?]
	at net.minecraft.world.level.storage.loot.entries.LootPoolEntryContainer$Serializer.m_7561_(LootPoolEntryContainer.java:86) ~[server-1.20.1-20230612.114412-srg.jar%23696!/:?]
	at net.minecraft.world.level.storage.loot.entries.LootPoolEntryContainer$Serializer.m_7561_(LootPoolEntryContainer.java:74) ~[server-1.20.1-20230612.114412-srg.jar%23696!/:?]
	at net.minecraft.world.level.storage.loot.GsonAdapterFactory$JsonAdapter.deserialize(GsonAdapterFactory.java:102) ~[server-1.20.1-20230612.114412-srg.jar%23696!/:?]
	at com.google.gson.internal.bind.TreeTypeAdapter.read(TreeTypeAdapter.java:76) ~[gson-2.10.jar%2370!/:?]
	at com.google.gson.internal.bind.TypeAdapterRuntimeTypeWrapper.read(TypeAdapterRuntimeTypeWrapper.java:40) ~[gson-2.10.jar%2370!/:?]
	at com.google.gson.internal.bind.ArrayTypeAdapter.read(ArrayTypeAdapter.java:72) ~[gson-2.10.jar%2370!/:?]
	at com.google.gson.Gson.fromJson(Gson.java:1214) ~[gson-2.10.jar%2370!/:?]
	at com.google.gson.Gson.fromJson(Gson.java:1319) ~[gson-2.10.jar%2370!/:?]
	at com.google.gson.Gson.fromJson(Gson.java:1290) ~[gson-2.10.jar%2370!/:?]
	at com.google.gson.internal.bind.TreeTypeAdapter$GsonContextImpl.deserialize(TreeTypeAdapter.java:179) ~[gson-2.10.jar%2370!/:?]
	at net.minecraft.util.GsonHelper.m_13808_(GsonHelper.java:463) ~[server-1.20.1-20230612.114412-srg.jar%23696!/:?]
	at net.minecraft.util.GsonHelper.m_13836_(GsonHelper.java:471) ~[server-1.20.1-20230612.114412-srg.jar%23696!/:?]
	at net.minecraft.world.level.storage.loot.LootPool$Serializer.deserialize(LootPool.java:192) ~[server-1.20.1-20230612.114412-srg.jar%23696!/:?]
	at net.minecraft.world.level.storage.loot.LootPool$Serializer.deserialize(LootPool.java:189) ~[server-1.20.1-20230612.114412-srg.jar%23696!/:?]
	at com.google.gson.internal.bind.TreeTypeAdapter.read(TreeTypeAdapter.java:76) ~[gson-2.10.jar%2370!/:?]
	at com.google.gson.internal.bind.TypeAdapterRuntimeTypeWrapper.read(TypeAdapterRuntimeTypeWrapper.java:40) ~[gson-2.10.jar%2370!/:?]
	at com.google.gson.internal.bind.ArrayTypeAdapter.read(ArrayTypeAdapter.java:72) ~[gson-2.10.jar%2370!/:?]
	at com.google.gson.Gson.fromJson(Gson.java:1214) ~[gson-2.10.jar%2370!/:?]
	at com.google.gson.Gson.fromJson(Gson.java:1319) ~[gson-2.10.jar%2370!/:?]
	at com.google.gson.Gson.fromJson(Gson.java:1290) ~[gson-2.10.jar%2370!/:?]
	at com.google.gson.internal.bind.TreeTypeAdapter$GsonContextImpl.deserialize(TreeTypeAdapter.java:179) ~[gson-2.10.jar%2370!/:?]
	at net.minecraft.util.GsonHelper.m_13808_(GsonHelper.java:463) ~[server-1.20.1-20230612.114412-srg.jar%23696!/:?]
	at net.minecraft.util.GsonHelper.m_13845_(GsonHelper.java:481) ~[server-1.20.1-20230612.114412-srg.jar%23696!/:?]
	at net.minecraft.world.level.storage.loot.LootTable$Serializer.deserialize(LootTable.java:294) ~[server-1.20.1-20230612.114412-srg.jar%23696!/:?]
	at net.minecraft.world.level.storage.loot.LootTable$Serializer.deserialize(LootTable.java:291) ~[server-1.20.1-20230612.114412-srg.jar%23696!/:?]
	at com.google.gson.internal.bind.TreeTypeAdapter.read(TreeTypeAdapter.java:76) ~[gson-2.10.jar%2370!/:?]
	at com.google.gson.Gson.fromJson(Gson.java:1214) ~[gson-2.10.jar%2370!/:?]
	at com.google.gson.Gson.fromJson(Gson.java:1319) ~[gson-2.10.jar%2370!/:?]
	at com.google.gson.Gson.fromJson(Gson.java:1261) ~[gson-2.10.jar%2370!/:?]
	at net.minecraftforge.common.ForgeHooks.loadLootTable(ForgeHooks.java:872) ~[forge-1.20.1-47.4.22-universal.jar%23701!/:?]
	at net.minecraftforge.common.ForgeHooks.lambda$getLootTableDeserializer$3(ForgeHooks.java:849) ~[forge-1.20.1-47.4.22-universal.jar%23701!/:?]
	at net.minecraft.world.level.storage.loot.LootDataType.deserialize(LootDataType.java:45) ~[server-1.20.1-20230612.114412-srg.jar%23696!/:?]
	at net.minecraft.world.level.storage.loot.LootDataManager.lambda$scheduleElementParse$4(LootDataManager.java:56) ~[server-1.20.1-20230612.114412-srg.jar%23696!/:?]
	at java.util.HashMap.forEach(HashMap.java:1421) ~[?:?]
	at net.minecraft.world.level.storage.loot.LootDataManager.m_278660_(LootDataManager.java:55) ~[server-1.20.1-20230612.114412-srg.jar%23696!/:?]
	at java.util.concurrent.CompletableFuture$AsyncRun.run(CompletableFuture.java:1804) ~[?:?]
	at java.util.concurrent.CompletableFuture$AsyncRun.exec(CompletableFuture.java:1796) ~[?:?]
	at java.util.concurrent.ForkJoinTask.doExec(ForkJoinTask.java:373) ~[?:?]
	at java.util.concurrent.ForkJoinPool$WorkQueue.topLevelExec(ForkJoinPool.java:1182) ~[?:?]
	at java.util.concurrent.ForkJoinPool.scan(ForkJoinPool.java:1655) ~[?:?]
	at java.util.concurrent.ForkJoinPool.runWorker(ForkJoinPool.java:1622) ~[?:?]
	at java.util.concurrent.ForkJoinWorkerThread.run(ForkJoinWorkerThread.java:165) ~[?:?]
[04Aug2026 17:24:58.502] [Worker-Main-3/ERROR] [net.minecraftforge.common.ForgeHooks/]: Couldn't parse element loot_tables:idas:chests/dread_citadel/dread_citadel_library
com.google.gson.JsonSyntaxException: Expected name to be an item, was unknown string 'iceandfire:dread_shard'
	at net.minecraft.util.GsonHelper.m_13866_(GsonHelper.java:145) ~[server-1.20.1-20230612.114412-srg.jar%23696!/:?]
	at java.util.Optional.orElseThrow(Optional.java:403) ~[?:?]
	at net.minecraft.util.GsonHelper.m_13874_(GsonHelper.java:145) ~[server-1.20.1-20230612.114412-srg.jar%23696!/:?]
	at net.minecraft.util.GsonHelper.m_13909_(GsonHelper.java:153) ~[server-1.20.1-20230612.114412-srg.jar%23696!/:?]
	at net.minecraft.world.level.storage.loot.entries.LootItem$Serializer.m_7267_(LootItem.java:55) ~[server-1.20.1-20230612.114412-srg.jar%23696!/:?]
	at net.minecraft.world.level.storage.loot.entries.LootItem$Serializer.m_7267_(LootItem.java:40) ~[server-1.20.1-20230612.114412-srg.jar%23696!/:?]
	at net.minecraft.world.level.storage.loot.entries.LootPoolSingletonContainer$Serializer.m_5921_(LootPoolSingletonContainer.java:151) ~[server-1.20.1-20230612.114412-srg.jar%23696!/:?]
	at net.minecraft.world.level.storage.loot.entries.LootPoolSingletonContainer$Serializer.m_5921_(LootPoolSingletonContainer.java:129) ~[server-1.20.1-20230612.114412-srg.jar%23696!/:?]
	at net.minecraft.world.level.storage.loot.entries.LootPoolEntryContainer$Serializer.m_7561_(LootPoolEntryContainer.java:86) ~[server-1.20.1-20230612.114412-srg.jar%23696!/:?]
	at net.minecraft.world.level.storage.loot.entries.LootPoolEntryContainer$Serializer.m_7561_(LootPoolEntryContainer.java:74) ~[server-1.20.1-20230612.114412-srg.jar%23696!/:?]
	at net.minecraft.world.level.storage.loot.GsonAdapterFactory$JsonAdapter.deserialize(GsonAdapterFactory.java:102) ~[server-1.20.1-20230612.114412-srg.jar%23696!/:?]
	at com.google.gson.internal.bind.TreeTypeAdapter.read(TreeTypeAdapter.java:76) ~[gson-2.10.jar%2370!/:?]
	at com.google.gson.internal.bind.TypeAdapterRuntimeTypeWrapper.read(TypeAdapterRuntimeTypeWrapper.java:40) ~[gson-2.10.jar%2370!/:?]
	at com.google.gson.internal.bind.ArrayTypeAdapter.read(ArrayTypeAdapter.java:72) ~[gson-2.10.jar%2370!/:?]
	at com.google.gson.Gson.fromJson(Gson.java:1214) ~[gson-2.10.jar%2370!/:?]
	at com.google.gson.Gson.fromJson(Gson.java:1319) ~[gson-2.10.jar%2370!/:?]
	at com.google.gson.Gson.fromJson(Gson.java:1290) ~[gson-2.10.jar%2370!/:?]
	at com.google.gson.internal.bind.TreeTypeAdapter$GsonContextImpl.deserialize(TreeTypeAdapter.java:179) ~[gson-2.10.jar%2370!/:?]
	at net.minecraft.util.GsonHelper.m_13808_(GsonHelper.java:463) ~[server-1.20.1-20230612.114412-srg.jar%23696!/:?]
	at net.minecraft.util.GsonHelper.m_13836_(GsonHelper.java:471) ~[server-1.20.1-20230612.114412-srg.jar%23696!/:?]
	at net.minecraft.world.level.storage.loot.LootPool$Serializer.deserialize(LootPool.java:192) ~[server-1.20.1-20230612.114412-srg.jar%23696!/:?]
	at net.minecraft.world.level.storage.loot.LootPool$Serializer.deserialize(LootPool.java:189) ~[server-1.20.1-20230612.114412-srg.jar%23696!/:?]
	at com.google.gson.internal.bind.TreeTypeAdapter.read(TreeTypeAdapter.java:76) ~[gson-2.10.jar%2370!/:?]
	at com.google.gson.internal.bind.TypeAdapterRuntimeTypeWrapper.read(TypeAdapterRuntimeTypeWrapper.java:40) ~[gson-2.10.jar%2370!/:?]
	at com.google.gson.internal.bind.ArrayTypeAdapter.read(ArrayTypeAdapter.java:72) ~[gson-2.10.jar%2370!/:?]
	at com.google.gson.Gson.fromJson(Gson.java:1214) ~[gson-2.10.jar%2370!/:?]
	at com.google.gson.Gson.fromJson(Gson.java:1319) ~[gson-2.10.jar%2370!/:?]
	at com.google.gson.Gson.fromJson(Gson.java:1290) ~[gson-2.10.jar%2370!/:?]
	at com.google.gson.internal.bind.TreeTypeAdapter$GsonContextImpl.deserialize(TreeTypeAdapter.java:179) ~[gson-2.10.jar%2370!/:?]
	at net.minecraft.util.GsonHelper.m_13808_(GsonHelper.java:463) ~[server-1.20.1-20230612.114412-srg.jar%23696!/:?]
	at net.minecraft.util.GsonHelper.m_13845_(GsonHelper.java:481) ~[server-1.20.1-20230612.114412-srg.jar%23696!/:?]
	at net.minecraft.world.level.storage.loot.LootTable$Serializer.deserialize(LootTable.java:294) ~[server-1.20.1-20230612.114412-srg.jar%23696!/:?]
	at net.minecraft.world.level.storage.loot.LootTable$Serializer.deserialize(LootTable.java:291) ~[server-1.20.1-20230612.114412-srg.jar%23696!/:?]
	at com.google.gson.internal.bind.TreeTypeAdapter.read(TreeTypeAdapter.java:76) ~[gson-2.10.jar%2370!/:?]
	at com.google.gson.Gson.fromJson(Gson.java:1214) ~[gson-2.10.jar%2370!/:?]
	at com.google.gson.Gson.fromJson(Gson.java:1319) ~[gson-2.10.jar%2370!/:?]
	at com.google.gson.Gson.fromJson(Gson.java:1261) ~[gson-2.10.jar%2370!/:?]
	at net.minecraftforge.common.ForgeHooks.loadLootTable(ForgeHooks.java:872) ~[forge-1.20.1-47.4.22-universal.jar%23701!/:?]
	at net.minecraftforge.common.ForgeHooks.lambda$getLootTableDeserializer$3(ForgeHooks.java:849) ~[forge-1.20.1-47.4.22-universal.jar%23701!/:?]
	at net.minecraft.world.level.storage.loot.LootDataType.deserialize(LootDataType.java:45) ~[server-1.20.1-20230612.114412-srg.jar%23696!/:?]
	at net.minecraft.world.level.storage.loot.LootDataManager.lambda$scheduleElementParse$4(LootDataManager.java:56) ~[server-1.20.1-20230612.114412-srg.jar%23696!/:?]
	at java.util.HashMap.forEach(HashMap.java:1421) ~[?:?]
	at net.minecraft.world.level.storage.loot.LootDataManager.m_278660_(LootDataManager.java:55) ~[server-1.20.1-20230612.114412-srg.jar%23696!/:?]
	at java.util.concurrent.CompletableFuture$AsyncRun.run(CompletableFuture.java:1804) ~[?:?]
	at java.util.concurrent.CompletableFuture$AsyncRun.exec(CompletableFuture.java:1796) ~[?:?]
	at java.util.concurrent.ForkJoinTask.doExec(ForkJoinTask.java:373) ~[?:?]
	at java.util.concurrent.ForkJoinPool$WorkQueue.topLevelExec(ForkJoinPool.java:1182) ~[?:?]
	at java.util.concurrent.ForkJoinPool.scan(ForkJoinPool.java:1655) ~[?:?]
	at java.util.concurrent.ForkJoinPool.runWorker(ForkJoinPool.java:1622) ~[?:?]
	at java.util.concurrent.ForkJoinWorkerThread.run(ForkJoinWorkerThread.java:165) ~[?:?]
[04Aug2026 17:24:58.544] [Worker-Main-3/ERROR] [net.minecraftforge.common.ForgeHooks/]: Couldn't parse element loot_tables:pamhc2crops:blocks/windygarden
com.google.gson.JsonSyntaxException: Expected name to be an item, was unknown string 'pamhc2crops:amaranthitem'
	at net.minecraft.util.GsonHelper.m_13866_(GsonHelper.java:145) ~[server-1.20.1-20230612.114412-srg.jar%23696!/:?]
	at java.util.Optional.orElseThrow(Optional.java:403) ~[?:?]
	at net.minecraft.util.GsonHelper.m_13874_(GsonHelper.java:145) ~[server-1.20.1-20230612.114412-srg.jar%23696!/:?]
	at net.minecraft.util.GsonHelper.m_13909_(GsonHelper.java:153) ~[server-1.20.1-20230612.114412-srg.jar%23696!/:?]
	at net.minecraft.world.level.storage.loot.entries.LootItem$Serializer.m_7267_(LootItem.java:55) ~[server-1.20.1-20230612.114412-srg.jar%23696!/:?]
	at net.minecraft.world.level.storage.loot.entries.LootItem$Serializer.m_7267_(LootItem.java:40) ~[server-1.20.1-20230612.114412-srg.jar%23696!/:?]
	at net.minecraft.world.level.storage.loot.entries.LootPoolSingletonContainer$Serializer.m_5921_(LootPoolSingletonContainer.java:151) ~[server-1.20.1-20230612.114412-srg.jar%23696!/:?]
	at net.minecraft.world.level.storage.loot.entries.LootPoolSingletonContainer$Serializer.m_5921_(LootPoolSingletonContainer.java:129) ~[server-1.20.1-20230612.114412-srg.jar%23696!/:?]
	at net.minecraft.world.level.storage.loot.entries.LootPoolEntryContainer$Serializer.m_7561_(LootPoolEntryContainer.java:86) ~[server-1.20.1-20230612.114412-srg.jar%23696!/:?]
	at net.minecraft.world.level.storage.loot.entries.LootPoolEntryContainer$Serializer.m_7561_(LootPoolEntryContainer.java:74) ~[server-1.20.1-20230612.114412-srg.jar%23696!/:?]
	at net.minecraft.world.level.storage.loot.GsonAdapterFactory$JsonAdapter.deserialize(GsonAdapterFactory.java:102) ~[server-1.20.1-20230612.114412-srg.jar%23696!/:?]
	at com.google.gson.internal.bind.TreeTypeAdapter.read(TreeTypeAdapter.java:76) ~[gson-2.10.jar%2370!/:?]
	at com.google.gson.internal.bind.TypeAdapterRuntimeTypeWrapper.read(TypeAdapterRuntimeTypeWrapper.java:40) ~[gson-2.10.jar%2370!/:?]
	at com.google.gson.internal.bind.ArrayTypeAdapter.read(ArrayTypeAdapter.java:72) ~[gson-2.10.jar%2370!/:?]
	at com.google.gson.Gson.fromJson(Gson.java:1214) ~[gson-2.10.jar%2370!/:?]
	at com.google.gson.Gson.fromJson(Gson.java:1319) ~[gson-2.10.jar%2370!/:?]
	at com.google.gson.Gson.fromJson(Gson.java:1290) ~[gson-2.10.jar%2370!/:?]
	at com.google.gson.internal.bind.TreeTypeAdapter$GsonContextImpl.deserialize(TreeTypeAdapter.java:179) ~[gson-2.10.jar%2370!/:?]
	at net.minecraft.util.GsonHelper.m_13808_(GsonHelper.java:463) ~[server-1.20.1-20230612.114412-srg.jar%23696!/:?]
	at net.minecraft.util.GsonHelper.m_13836_(GsonHelper.java:471) ~[server-1.20.1-20230612.114412-srg.jar%23696!/:?]
	at net.minecraft.world.level.storage.loot.LootPool$Serializer.deserialize(LootPool.java:192) ~[server-1.20.1-20230612.114412-srg.jar%23696!/:?]
	at net.minecraft.world.level.storage.loot.LootPool$Serializer.deserialize(LootPool.java:189) ~[server-1.20.1-20230612.114412-srg.jar%23696!/:?]
	at com.google.gson.internal.bind.TreeTypeAdapter.read(TreeTypeAdapter.java:76) ~[gson-2.10.jar%2370!/:?]
	at com.google.gson.internal.bind.TypeAdapterRuntimeTypeWrapper.read(TypeAdapterRuntimeTypeWrapper.java:40) ~[gson-2.10.jar%2370!/:?]
	at com.google.gson.internal.bind.ArrayTypeAdapter.read(ArrayTypeAdapter.java:72) ~[gson-2.10.jar%2370!/:?]
	at com.google.gson.Gson.fromJson(Gson.java:1214) ~[gson-2.10.jar%2370!/:?]
	at com.google.gson.Gson.fromJson(Gson.java:1319) ~[gson-2.10.jar%2370!/:?]
	at com.google.gson.Gson.fromJson(Gson.java:1290) ~[gson-2.10.jar%2370!/:?]
	at com.google.gson.internal.bind.TreeTypeAdapter$GsonContextImpl.deserialize(TreeTypeAdapter.java:179) ~[gson-2.10.jar%2370!/:?]
	at net.minecraft.util.GsonHelper.m_13808_(GsonHelper.java:463) ~[server-1.20.1-20230612.114412-srg.jar%23696!/:?]
	at net.minecraft.util.GsonHelper.m_13845_(GsonHelper.java:481) ~[server-1.20.1-20230612.114412-srg.jar%23696!/:?]
	at net.minecraft.world.level.storage.loot.LootTable$Serializer.deserialize(LootTable.java:294) ~[server-1.20.1-20230612.114412-srg.jar%23696!/:?]
	at net.minecraft.world.level.storage.loot.LootTable$Serializer.deserialize(LootTable.java:291) ~[server-1.20.1-20230612.114412-srg.jar%23696!/:?]
	at com.google.gson.internal.bind.TreeTypeAdapter.read(TreeTypeAdapter.java:76) ~[gson-2.10.jar%2370!/:?]
	at com.google.gson.Gson.fromJson(Gson.java:1214) ~[gson-2.10.jar%2370!/:?]
	at com.google.gson.Gson.fromJson(Gson.java:1319) ~[gson-2.10.jar%2370!/:?]
	at com.google.gson.Gson.fromJson(Gson.java:1261) ~[gson-2.10.jar%2370!/:?]
	at net.minecraftforge.common.ForgeHooks.loadLootTable(ForgeHooks.java:872) ~[forge-1.20.1-47.4.22-universal.jar%23701!/:?]
	at net.minecraftforge.common.ForgeHooks.lambda$getLootTableDeserializer$3(ForgeHooks.java:849) ~[forge-1.20.1-47.4.22-universal.jar%23701!/:?]
	at net.minecraft.world.level.storage.loot.LootDataType.deserialize(LootDataType.java:45) ~[server-1.20.1-20230612.114412-srg.jar%23696!/:?]
	at net.minecraft.world.level.storage.loot.LootDataManager.lambda$scheduleElementParse$4(LootDataManager.java:56) ~[server-1.20.1-20230612.114412-srg.jar%23696!/:?]
	at java.util.HashMap.forEach(HashMap.java:1421) ~[?:?]
	at net.minecraft.world.level.storage.loot.LootDataManager.m_278660_(LootDataManager.java:55) ~[server-1.20.1-20230612.114412-srg.jar%23696!/:?]
	at java.util.concurrent.CompletableFuture$AsyncRun.run(CompletableFuture.java:1804) ~[?:?]
	at java.util.concurrent.CompletableFuture$AsyncRun.exec(CompletableFuture.java:1796) ~[?:?]
	at java.util.concurrent.ForkJoinTask.doExec(ForkJoinTask.java:373) ~[?:?]
	at java.util.concurrent.ForkJoinPool$WorkQueue.topLevelExec(ForkJoinPool.java:1182) ~[?:?]
	at java.util.concurrent.ForkJoinPool.scan(ForkJoinPool.java:1655) ~[?:?]
	at java.util.concurrent.ForkJoinPool.runWorker(ForkJoinPool.java:1622) ~[?:?]
	at java.util.concurrent.ForkJoinWorkerThread.run(ForkJoinWorkerThread.java:165) ~[?:?]
[04Aug2026 17:24:58.561] [Worker-Main-3/ERROR] [net.minecraftforge.common.ForgeHooks/]: Couldn't parse element loot_tables:create_ltab:evoker_trigger
com.google.gson.JsonSyntaxException: Unknown enchantment 'minecraft:mending'
	at net.minecraft.world.level.storage.loot.functions.EnchantRandomlyFunction$Serializer.m_80465_(EnchantRandomlyFunction.java:137) ~[server-1.20.1-20230612.114412-srg.jar%23696!/:?]
	at java.util.Optional.orElseThrow(Optional.java:403) ~[?:?]
	at net.minecraft.world.level.storage.loot.functions.EnchantRandomlyFunction$Serializer.m_6821_(EnchantRandomlyFunction.java:137) ~[server-1.20.1-20230612.114412-srg.jar%23696!/:?]
	at net.minecraft.world.level.storage.loot.functions.EnchantRandomlyFunction$Serializer.m_6821_(EnchantRandomlyFunction.java:111) ~[server-1.20.1-20230612.114412-srg.jar%23696!/:?]
	at net.minecraft.world.level.storage.loot.functions.LootItemConditionalFunction$Serializer.m_7561_(LootItemConditionalFunction.java:99) ~[server-1.20.1-20230612.114412-srg.jar%23696!/:?]
	at net.minecraft.world.level.storage.loot.functions.LootItemConditionalFunction$Serializer.m_7561_(LootItemConditionalFunction.java:88) ~[server-1.20.1-20230612.114412-srg.jar%23696!/:?]
	at net.minecraft.world.level.storage.loot.GsonAdapterFactory$JsonAdapter.deserialize(GsonAdapterFactory.java:102) ~[server-1.20.1-20230612.114412-srg.jar%23696!/:?]
	at com.google.gson.internal.bind.TreeTypeAdapter.read(TreeTypeAdapter.java:76) ~[gson-2.10.jar%2370!/:?]
	at com.google.gson.internal.bind.TypeAdapterRuntimeTypeWrapper.read(TypeAdapterRuntimeTypeWrapper.java:40) ~[gson-2.10.jar%2370!/:?]
	at com.google.gson.internal.bind.ArrayTypeAdapter.read(ArrayTypeAdapter.java:72) ~[gson-2.10.jar%2370!/:?]
	at com.google.gson.Gson.fromJson(Gson.java:1214) ~[gson-2.10.jar%2370!/:?]
	at com.google.gson.Gson.fromJson(Gson.java:1319) ~[gson-2.10.jar%2370!/:?]
	at com.google.gson.Gson.fromJson(Gson.java:1290) ~[gson-2.10.jar%2370!/:?]
	at com.google.gson.internal.bind.TreeTypeAdapter$GsonContextImpl.deserialize(TreeTypeAdapter.java:179) ~[gson-2.10.jar%2370!/:?]
	at net.minecraft.util.GsonHelper.m_13808_(GsonHelper.java:463) ~[server-1.20.1-20230612.114412-srg.jar%23696!/:?]
	at net.minecraft.util.GsonHelper.m_13845_(GsonHelper.java:481) ~[server-1.20.1-20230612.114412-srg.jar%23696!/:?]
	at net.minecraft.world.level.storage.loot.entries.LootPoolSingletonContainer$Serializer.m_5921_(LootPoolSingletonContainer.java:149) ~[server-1.20.1-20230612.114412-srg.jar%23696!/:?]
	at net.minecraft.world.level.storage.loot.entries.LootPoolSingletonContainer$Serializer.m_5921_(LootPoolSingletonContainer.java:129) ~[server-1.20.1-20230612.114412-srg.jar%23696!/:?]
	at net.minecraft.world.level.storage.loot.entries.LootPoolEntryContainer$Serializer.m_7561_(LootPoolEntryContainer.java:86) ~[server-1.20.1-20230612.114412-srg.jar%23696!/:?]
	at net.minecraft.world.level.storage.loot.entries.LootPoolEntryContainer$Serializer.m_7561_(LootPoolEntryContainer.java:74) ~[server-1.20.1-20230612.114412-srg.jar%23696!/:?]
	at net.minecraft.world.level.storage.loot.GsonAdapterFactory$JsonAdapter.deserialize(GsonAdapterFactory.java:102) ~[server-1.20.1-20230612.114412-srg.jar%23696!/:?]
	at com.google.gson.internal.bind.TreeTypeAdapter.read(TreeTypeAdapter.java:76) ~[gson-2.10.jar%2370!/:?]
	at com.google.gson.internal.bind.TypeAdapterRuntimeTypeWrapper.read(TypeAdapterRuntimeTypeWrapper.java:40) ~[gson-2.10.jar%2370!/:?]
	at com.google.gson.internal.bind.ArrayTypeAdapter.read(ArrayTypeAdapter.java:72) ~[gson-2.10.jar%2370!/:?]
	at com.google.gson.Gson.fromJson(Gson.java:1214) ~[gson-2.10.jar%2370!/:?]
	at com.google.gson.Gson.fromJson(Gson.java:1319) ~[gson-2.10.jar%2370!/:?]
	at com.google.gson.Gson.fromJson(Gson.java:1290) ~[gson-2.10.jar%2370!/:?]
	at com.google.gson.internal.bind.TreeTypeAdapter$GsonContextImpl.deserialize(TreeTypeAdapter.java:179) ~[gson-2.10.jar%2370!/:?]
	at net.minecraft.util.GsonHelper.m_13808_(GsonHelper.java:463) ~[server-1.20.1-20230612.114412-srg.jar%23696!/:?]
	at net.minecraft.util.GsonHelper.m_13836_(GsonHelper.java:471) ~[server-1.20.1-20230612.114412-srg.jar%23696!/:?]
	at net.minecraft.world.level.storage.loot.LootPool$Serializer.deserialize(LootPool.java:192) ~[server-1.20.1-20230612.114412-srg.jar%23696!/:?]
	at net.minecraft.world.level.storage.loot.LootPool$Serializer.deserialize(LootPool.java:189) ~[server-1.20.1-20230612.114412-srg.jar%23696!/:?]
	at com.google.gson.internal.bind.TreeTypeAdapter.read(TreeTypeAdapter.java:76) ~[gson-2.10.jar%2370!/:?]
	at com.google.gson.internal.bind.TypeAdapterRuntimeTypeWrapper.read(TypeAdapterRuntimeTypeWrapper.java:40) ~[gson-2.10.jar%2370!/:?]
	at com.google.gson.internal.bind.ArrayTypeAdapter.read(ArrayTypeAdapter.java:72) ~[gson-2.10.jar%2370!/:?]
	at com.google.gson.Gson.fromJson(Gson.java:1214) ~[gson-2.10.jar%2370!/:?]
	at com.google.gson.Gson.fromJson(Gson.java:1319) ~[gson-2.10.jar%2370!/:?]
	at com.google.gson.Gson.fromJson(Gson.java:1290) ~[gson-2.10.jar%2370!/:?]
	at com.google.gson.internal.bind.TreeTypeAdapter$GsonContextImpl.deserialize(TreeTypeAdapter.java:179) ~[gson-2.10.jar%2370!/:?]
	at net.minecraft.util.GsonHelper.m_13808_(GsonHelper.java:463) ~[server-1.20.1-20230612.114412-srg.jar%23696!/:?]
	at net.minecraft.util.GsonHelper.m_13845_(GsonHelper.java:481) ~[server-1.20.1-20230612.114412-srg.jar%23696!/:?]
	at net.minecraft.world.level.storage.loot.LootTable$Serializer.deserialize(LootTable.java:294) ~[server-1.20.1-20230612.114412-srg.jar%23696!/:?]
	at net.minecraft.world.level.storage.loot.LootTable$Serializer.deserialize(LootTable.java:291) ~[server-1.20.1-20230612.114412-srg.jar%23696!/:?]
	at com.google.gson.internal.bind.TreeTypeAdapter.read(TreeTypeAdapter.java:76) ~[gson-2.10.jar%2370!/:?]
	at com.google.gson.Gson.fromJson(Gson.java:1214) ~[gson-2.10.jar%2370!/:?]
	at com.google.gson.Gson.fromJson(Gson.java:1319) ~[gson-2.10.jar%2370!/:?]
	at com.google.gson.Gson.fromJson(Gson.java:1261) ~[gson-2.10.jar%2370!/:?]
	at net.minecraftforge.common.ForgeHooks.loadLootTable(ForgeHooks.java:872) ~[forge-1.20.1-47.4.22-universal.jar%23701!/:?]
	at net.minecraftforge.common.ForgeHooks.lambda$getLootTableDeserializer$3(ForgeHooks.java:849) ~[forge-1.20.1-47.4.22-universal.jar%23701!/:?]
	at net.minecraft.world.level.storage.loot.LootDataType.deserialize(LootDataType.java:45) ~[server-1.20.1-20230612.114412-srg.jar%23696!/:?]
	at net.minecraft.world.level.storage.loot.LootDataManager.lambda$scheduleElementParse$4(LootDataManager.java:56) ~[server-1.20.1-20230612.114412-srg.jar%23696!/:?]
	at java.util.HashMap.forEach(HashMap.java:1421) ~[?:?]
	at net.minecraft.world.level.storage.loot.LootDataManager.m_278660_(LootDataManager.java:55) ~[server-1.20.1-20230612.114412-srg.jar%23696!/:?]
	at java.util.concurrent.CompletableFuture$AsyncRun.run(CompletableFuture.java:1804) ~[?:?]
	at java.util.concurrent.CompletableFuture$AsyncRun.exec(CompletableFuture.java:1796) ~[?:?]
	at java.util.concurrent.ForkJoinTask.doExec(ForkJoinTask.java:373) ~[?:?]
	at java.util.concurrent.ForkJoinPool$WorkQueue.topLevelExec(ForkJoinPool.java:1182) ~[?:?]
	at java.util.concurrent.ForkJoinPool.scan(ForkJoinPool.java:1655) ~[?:?]
	at java.util.concurrent.ForkJoinPool.runWorker(ForkJoinPool.java:1622) ~[?:?]
	at java.util.concurrent.ForkJoinWorkerThread.run(ForkJoinWorkerThread.java:165) ~[?:?]
[04Aug2026 17:24:58.606] [Worker-Main-3/ERROR] [net.minecraftforge.common.ForgeHooks/]: Couldn't parse element loot_tables:medieval_nether:chests_house_one
com.google.gson.JsonSyntaxException: Expected name to be an item, was unknown string 'create_eternal_journey:relics_experience_nugget'
	at net.minecraft.util.GsonHelper.m_13866_(GsonHelper.java:145) ~[server-1.20.1-20230612.114412-srg.jar%23696!/:?]
	at java.util.Optional.orElseThrow(Optional.java:403) ~[?:?]
	at net.minecraft.util.GsonHelper.m_13874_(GsonHelper.java:145) ~[server-1.20.1-20230612.114412-srg.jar%23696!/:?]
	at net.minecraft.util.GsonHelper.m_13909_(GsonHelper.java:153) ~[server-1.20.1-20230612.114412-srg.jar%23696!/:?]
	at net.minecraft.world.level.storage.loot.entries.LootItem$Serializer.m_7267_(LootItem.java:55) ~[server-1.20.1-20230612.114412-srg.jar%23696!/:?]
	at net.minecraft.world.level.storage.loot.entries.LootItem$Serializer.m_7267_(LootItem.java:40) ~[server-1.20.1-20230612.114412-srg.jar%23696!/:?]
	at net.minecraft.world.level.storage.loot.entries.LootPoolSingletonContainer$Serializer.m_5921_(LootPoolSingletonContainer.java:151) ~[server-1.20.1-20230612.114412-srg.jar%23696!/:?]
	at net.minecraft.world.level.storage.loot.entries.LootPoolSingletonContainer$Serializer.m_5921_(LootPoolSingletonContainer.java:129) ~[server-1.20.1-20230612.114412-srg.jar%23696!/:?]
	at net.minecraft.world.level.storage.loot.entries.LootPoolEntryContainer$Serializer.m_7561_(LootPoolEntryContainer.java:86) ~[server-1.20.1-20230612.114412-srg.jar%23696!/:?]
	at net.minecraft.world.level.storage.loot.entries.LootPoolEntryContainer$Serializer.m_7561_(LootPoolEntryContainer.java:74) ~[server-1.20.1-20230612.114412-srg.jar%23696!/:?]
	at net.minecraft.world.level.storage.loot.GsonAdapterFactory$JsonAdapter.deserialize(GsonAdapterFactory.java:102) ~[server-1.20.1-20230612.114412-srg.jar%23696!/:?]
	at com.google.gson.internal.bind.TreeTypeAdapter.read(TreeTypeAdapter.java:76) ~[gson-2.10.jar%2370!/:?]
	at com.google.gson.internal.bind.TypeAdapterRuntimeTypeWrapper.read(TypeAdapterRuntimeTypeWrapper.java:40) ~[gson-2.10.jar%2370!/:?]
	at com.google.gson.internal.bind.ArrayTypeAdapter.read(ArrayTypeAdapter.java:72) ~[gson-2.10.jar%2370!/:?]
	at com.google.gson.Gson.fromJson(Gson.java:1214) ~[gson-2.10.jar%2370!/:?]
	at com.google.gson.Gson.fromJson(Gson.java:1319) ~[gson-2.10.jar%2370!/:?]
	at com.google.gson.Gson.fromJson(Gson.java:1290) ~[gson-2.10.jar%2370!/:?]
	at com.google.gson.internal.bind.TreeTypeAdapter$GsonContextImpl.deserialize(TreeTypeAdapter.java:179) ~[gson-2.10.jar%2370!/:?]
	at net.minecraft.util.GsonHelper.m_13808_(GsonHelper.java:463) ~[server-1.20.1-20230612.114412-srg.jar%23696!/:?]
	at net.minecraft.util.GsonHelper.m_13836_(GsonHelper.java:471) ~[server-1.20.1-20230612.114412-srg.jar%23696!/:?]
	at net.minecraft.world.level.storage.loot.LootPool$Serializer.deserialize(LootPool.java:192) ~[server-1.20.1-20230612.114412-srg.jar%23696!/:?]
	at net.minecraft.world.level.storage.loot.LootPool$Serializer.deserialize(LootPool.java:189) ~[server-1.20.1-20230612.114412-srg.jar%23696!/:?]
	at com.google.gson.internal.bind.TreeTypeAdapter.read(TreeTypeAdapter.java:76) ~[gson-2.10.jar%2370!/:?]
	at com.google.gson.internal.bind.TypeAdapterRuntimeTypeWrapper.read(TypeAdapterRuntimeTypeWrapper.java:40) ~[gson-2.10.jar%2370!/:?]
	at com.google.gson.internal.bind.ArrayTypeAdapter.read(ArrayTypeAdapter.java:72) ~[gson-2.10.jar%2370!/:?]
	at com.google.gson.Gson.fromJson(Gson.java:1214) ~[gson-2.10.jar%2370!/:?]
	at com.google.gson.Gson.fromJson(Gson.java:1319) ~[gson-2.10.jar%2370!/:?]
	at com.google.gson.Gson.fromJson(Gson.java:1290) ~[gson-2.10.jar%2370!/:?]
	at com.google.gson.internal.bind.TreeTypeAdapter$GsonContextImpl.deserialize(TreeTypeAdapter.java:179) ~[gson-2.10.jar%2370!/:?]
	at net.minecraft.util.GsonHelper.m_13808_(GsonHelper.java:463) ~[server-1.20.1-20230612.114412-srg.jar%23696!/:?]
	at net.minecraft.util.GsonHelper.m_13845_(GsonHelper.java:481) ~[server-1.20.1-20230612.114412-srg.jar%23696!/:?]
	at net.minecraft.world.level.storage.loot.LootTable$Serializer.deserialize(LootTable.java:294) ~[server-1.20.1-20230612.114412-srg.jar%23696!/:?]
	at net.minecraft.world.level.storage.loot.LootTable$Serializer.deserialize(LootTable.java:291) ~[server-1.20.1-20230612.114412-srg.jar%23696!/:?]
	at com.google.gson.internal.bind.TreeTypeAdapter.read(TreeTypeAdapter.java:76) ~[gson-2.10.jar%2370!/:?]
	at com.google.gson.Gson.fromJson(Gson.java:1214) ~[gson-2.10.jar%2370!/:?]
	at com.google.gson.Gson.fromJson(Gson.java:1319) ~[gson-2.10.jar%2370!/:?]
	at com.google.gson.Gson.fromJson(Gson.java:1261) ~[gson-2.10.jar%2370!/:?]
	at net.minecraftforge.common.ForgeHooks.loadLootTable(ForgeHooks.java:872) ~[forge-1.20.1-47.4.22-universal.jar%23701!/:?]
	at net.minecraftforge.common.ForgeHooks.lambda$getLootTableDeserializer$3(ForgeHooks.java:849) ~[forge-1.20.1-47.4.22-universal.jar%23701!/:?]
	at net.minecraft.world.level.storage.loot.LootDataType.deserialize(LootDataType.java:45) ~[server-1.20.1-20230612.114412-srg.jar%23696!/:?]
	at net.minecraft.world.level.storage.loot.LootDataManager.lambda$scheduleElementParse$4(LootDataManager.java:56) ~[server-1.20.1-20230612.114412-srg.jar%23696!/:?]
	at java.util.HashMap.forEach(HashMap.java:1421) ~[?:?]
	at net.minecraft.world.level.storage.loot.LootDataManager.m_278660_(LootDataManager.java:55) ~[server-1.20.1-20230612.114412-srg.jar%23696!/:?]
	at java.util.concurrent.CompletableFuture$AsyncRun.run(CompletableFuture.java:1804) ~[?:?]
	at java.util.concurrent.CompletableFuture$AsyncRun.exec(CompletableFuture.java:1796) ~[?:?]
	at java.util.concurrent.ForkJoinTask.doExec(ForkJoinTask.java:373) ~[?:?]
	at java.util.concurrent.ForkJoinPool$WorkQueue.topLevelExec(ForkJoinPool.java:1182) ~[?:?]
	at java.util.concurrent.ForkJoinPool.scan(ForkJoinPool.java:1655) ~[?:?]
	at java.util.concurrent.ForkJoinPool.runWorker(ForkJoinPool.java:1622) ~[?:?]
	at java.util.concurrent.ForkJoinWorkerThread.run(ForkJoinWorkerThread.java:165) ~[?:?]
[04Aug2026 17:24:58.616] [Worker-Main-3/ERROR] [net.minecraftforge.common.ForgeHooks/]: Couldn't parse element loot_tables:idas:chests/enchantingtower/enchantingtower_top_ars
com.google.gson.JsonSyntaxException: Expected name to be an item, was unknown string 'ars_nouveau:scryer_scroll'
	at net.minecraft.util.GsonHelper.m_13866_(GsonHelper.java:145) ~[server-1.20.1-20230612.114412-srg.jar%23696!/:?]
	at java.util.Optional.orElseThrow(Optional.java:403) ~[?:?]
	at net.minecraft.util.GsonHelper.m_13874_(GsonHelper.java:145) ~[server-1.20.1-20230612.114412-srg.jar%23696!/:?]
	at net.minecraft.util.GsonHelper.m_13909_(GsonHelper.java:153) ~[server-1.20.1-20230612.114412-srg.jar%23696!/:?]
	at net.minecraft.world.level.storage.loot.entries.LootItem$Serializer.m_7267_(LootItem.java:55) ~[server-1.20.1-20230612.114412-srg.jar%23696!/:?]
	at net.minecraft.world.level.storage.loot.entries.LootItem$Serializer.m_7267_(LootItem.java:40) ~[server-1.20.1-20230612.114412-srg.jar%23696!/:?]
	at net.minecraft.world.level.storage.loot.entries.LootPoolSingletonContainer$Serializer.m_5921_(LootPoolSingletonContainer.java:151) ~[server-1.20.1-20230612.114412-srg.jar%23696!/:?]
	at net.minecraft.world.level.storage.loot.entries.LootPoolSingletonContainer$Serializer.m_5921_(LootPoolSingletonContainer.java:129) ~[server-1.20.1-20230612.114412-srg.jar%23696!/:?]
	at net.minecraft.world.level.storage.loot.entries.LootPoolEntryContainer$Serializer.m_7561_(LootPoolEntryContainer.java:86) ~[server-1.20.1-20230612.114412-srg.jar%23696!/:?]
	at net.minecraft.world.level.storage.loot.entries.LootPoolEntryContainer$Serializer.m_7561_(LootPoolEntryContainer.java:74) ~[server-1.20.1-20230612.114412-srg.jar%23696!/:?]
	at net.minecraft.world.level.storage.loot.GsonAdapterFactory$JsonAdapter.deserialize(GsonAdapterFactory.java:102) ~[server-1.20.1-20230612.114412-srg.jar%23696!/:?]
	at com.google.gson.internal.bind.TreeTypeAdapter.read(TreeTypeAdapter.java:76) ~[gson-2.10.jar%2370!/:?]
	at com.google.gson.internal.bind.TypeAdapterRuntimeTypeWrapper.read(TypeAdapterRuntimeTypeWrapper.java:40) ~[gson-2.10.jar%2370!/:?]
	at com.google.gson.internal.bind.ArrayTypeAdapter.read(ArrayTypeAdapter.java:72) ~[gson-2.10.jar%2370!/:?]
	at com.google.gson.Gson.fromJson(Gson.java:1214) ~[gson-2.10.jar%2370!/:?]
	at com.google.gson.Gson.fromJson(Gson.java:1319) ~[gson-2.10.jar%2370!/:?]
	at com.google.gson.Gson.fromJson(Gson.java:1290) ~[gson-2.10.jar%2370!/:?]
	at com.google.gson.internal.bind.TreeTypeAdapter$GsonContextImpl.deserialize(TreeTypeAdapter.java:179) ~[gson-2.10.jar%2370!/:?]
	at net.minecraft.util.GsonHelper.m_13808_(GsonHelper.java:463) ~[server-1.20.1-20230612.114412-srg.jar%23696!/:?]
	at net.minecraft.util.GsonHelper.m_13836_(GsonHelper.java:471) ~[server-1.20.1-20230612.114412-srg.jar%23696!/:?]
	at net.minecraft.world.level.storage.loot.LootPool$Serializer.deserialize(LootPool.java:192) ~[server-1.20.1-20230612.114412-srg.jar%23696!/:?]
	at net.minecraft.world.level.storage.loot.LootPool$Serializer.deserialize(LootPool.java:189) ~[server-1.20.1-20230612.114412-srg.jar%23696!/:?]
	at com.google.gson.internal.bind.TreeTypeAdapter.read(TreeTypeAdapter.java:76) ~[gson-2.10.jar%2370!/:?]
	at com.google.gson.internal.bind.TypeAdapterRuntimeTypeWrapper.read(TypeAdapterRuntimeTypeWrapper.java:40) ~[gson-2.10.jar%2370!/:?]
	at com.google.gson.internal.bind.ArrayTypeAdapter.read(ArrayTypeAdapter.java:72) ~[gson-2.10.jar%2370!/:?]
	at com.google.gson.Gson.fromJson(Gson.java:1214) ~[gson-2.10.jar%2370!/:?]
	at com.google.gson.Gson.fromJson(Gson.java:1319) ~[gson-2.10.jar%2370!/:?]
	at com.google.gson.Gson.fromJson(Gson.java:1290) ~[gson-2.10.jar%2370!/:?]
	at com.google.gson.internal.bind.TreeTypeAdapter$GsonContextImpl.deserialize(TreeTypeAdapter.java:179) ~[gson-2.10.jar%2370!/:?]
	at net.minecraft.util.GsonHelper.m_13808_(GsonHelper.java:463) ~[server-1.20.1-20230612.114412-srg.jar%23696!/:?]
	at net.minecraft.util.GsonHelper.m_13845_(GsonHelper.java:481) ~[server-1.20.1-20230612.114412-srg.jar%23696!/:?]
	at net.minecraft.world.level.storage.loot.LootTable$Serializer.deserialize(LootTable.java:294) ~[server-1.20.1-20230612.114412-srg.jar%23696!/:?]
	at net.minecraft.world.level.storage.loot.LootTable$Serializer.deserialize(LootTable.java:291) ~[server-1.20.1-20230612.114412-srg.jar%23696!/:?]
	at com.google.gson.internal.bind.TreeTypeAdapter.read(TreeTypeAdapter.java:76) ~[gson-2.10.jar%2370!/:?]
	at com.google.gson.Gson.fromJson(Gson.java:1214) ~[gson-2.10.jar%2370!/:?]
	at com.google.gson.Gson.fromJson(Gson.java:1319) ~[gson-2.10.jar%2370!/:?]
	at com.google.gson.Gson.fromJson(Gson.java:1261) ~[gson-2.10.jar%2370!/:?]
	at net.minecraftforge.common.ForgeHooks.loadLootTable(ForgeHooks.java:872) ~[forge-1.20.1-47.4.22-universal.jar%23701!/:?]
	at net.minecraftforge.common.ForgeHooks.lambda$getLootTableDeserializer$3(ForgeHooks.java:849) ~[forge-1.20.1-47.4.22-universal.jar%23701!/:?]
	at net.minecraft.world.level.storage.loot.LootDataType.deserialize(LootDataType.java:45) ~[server-1.20.1-20230612.114412-srg.jar%23696!/:?]
	at net.minecraft.world.level.storage.loot.LootDataManager.lambda$scheduleElementParse$4(LootDataManager.java:56) ~[server-1.20.1-20230612.114412-srg.jar%23696!/:?]
	at java.util.HashMap.forEach(HashMap.java:1421) ~[?:?]
	at net.minecraft.world.level.storage.loot.LootDataManager.m_278660_(LootDataManager.java:55) ~[server-1.20.1-20230612.114412-srg.jar%23696!/:?]
	at java.util.concurrent.CompletableFuture$AsyncRun.run(CompletableFuture.java:1804) ~[?:?]
	at java.util.concurrent.CompletableFuture$AsyncRun.exec(CompletableFuture.java:1796) ~[?:?]
	at java.util.concurrent.ForkJoinTask.doExec(ForkJoinTask.java:373) ~[?:?]
	at java.util.concurrent.ForkJoinPool$WorkQueue.topLevelExec(ForkJoinPool.java:1182) ~[?:?]
	at java.util.concurrent.ForkJoinPool.scan(ForkJoinPool.java:1655) ~[?:?]
	at java.util.concurrent.ForkJoinPool.runWorker(ForkJoinPool.java:1622) ~[?:?]
	at java.util.concurrent.ForkJoinWorkerThread.run(ForkJoinWorkerThread.java:165) ~[?:?]
[04Aug2026 17:24:58.627] [Worker-Main-3/ERROR] [net.minecraftforge.common.ForgeHooks/]: Couldn't parse element loot_tables:idas:chests/archmages_tower/archmages_tower
com.google.gson.JsonSyntaxException: Expected name to be an item, was unknown string 'ars_nouveau:magebloom_fiber'
	at net.minecraft.util.GsonHelper.m_13866_(GsonHelper.java:145) ~[server-1.20.1-20230612.114412-srg.jar%23696!/:?]
	at java.util.Optional.orElseThrow(Optional.java:403) ~[?:?]
	at net.minecraft.util.GsonHelper.m_13874_(GsonHelper.java:145) ~[server-1.20.1-20230612.114412-srg.jar%23696!/:?]
	at net.minecraft.util.GsonHelper.m_13909_(GsonHelper.java:153) ~[server-1.20.1-20230612.114412-srg.jar%23696!/:?]
	at net.minecraft.world.level.storage.loot.entries.LootItem$Serializer.m_7267_(LootItem.java:55) ~[server-1.20.1-20230612.114412-srg.jar%23696!/:?]
	at net.minecraft.world.level.storage.loot.entries.LootItem$Serializer.m_7267_(LootItem.java:40) ~[server-1.20.1-20230612.114412-srg.jar%23696!/:?]
	at net.minecraft.world.level.storage.loot.entries.LootPoolSingletonContainer$Serializer.m_5921_(LootPoolSingletonContainer.java:151) ~[server-1.20.1-20230612.114412-srg.jar%23696!/:?]
	at net.minecraft.world.level.storage.loot.entries.LootPoolSingletonContainer$Serializer.m_5921_(LootPoolSingletonContainer.java:129) ~[server-1.20.1-20230612.114412-srg.jar%23696!/:?]
	at net.minecraft.world.level.storage.loot.entries.LootPoolEntryContainer$Serializer.m_7561_(LootPoolEntryContainer.java:86) ~[server-1.20.1-20230612.114412-srg.jar%23696!/:?]
	at net.minecraft.world.level.storage.loot.entries.LootPoolEntryContainer$Serializer.m_7561_(LootPoolEntryContainer.java:74) ~[server-1.20.1-20230612.114412-srg.jar%23696!/:?]
	at net.minecraft.world.level.storage.loot.GsonAdapterFactory$JsonAdapter.deserialize(GsonAdapterFactory.java:102) ~[server-1.20.1-20230612.114412-srg.jar%23696!/:?]
	at com.google.gson.internal.bind.TreeTypeAdapter.read(TreeTypeAdapter.java:76) ~[gson-2.10.jar%2370!/:?]
	at com.google.gson.internal.bind.TypeAdapterRuntimeTypeWrapper.read(TypeAdapterRuntimeTypeWrapper.java:40) ~[gson-2.10.jar%2370!/:?]
	at com.google.gson.internal.bind.ArrayTypeAdapter.read(ArrayTypeAdapter.java:72) ~[gson-2.10.jar%2370!/:?]
	at com.google.gson.Gson.fromJson(Gson.java:1214) ~[gson-2.10.jar%2370!/:?]
	at com.google.gson.Gson.fromJson(Gson.java:1319) ~[gson-2.10.jar%2370!/:?]
	at com.google.gson.Gson.fromJson(Gson.java:1290) ~[gson-2.10.jar%2370!/:?]
	at com.google.gson.internal.bind.TreeTypeAdapter$GsonContextImpl.deserialize(TreeTypeAdapter.java:179) ~[gson-2.10.jar%2370!/:?]
	at net.minecraft.util.GsonHelper.m_13808_(GsonHelper.java:463) ~[server-1.20.1-20230612.114412-srg.jar%23696!/:?]
	at net.minecraft.util.GsonHelper.m_13836_(GsonHelper.java:471) ~[server-1.20.1-20230612.114412-srg.jar%23696!/:?]
	at net.minecraft.world.level.storage.loot.LootPool$Serializer.deserialize(LootPool.java:192) ~[server-1.20.1-20230612.114412-srg.jar%23696!/:?]
	at net.minecraft.world.level.storage.loot.LootPool$Serializer.deserialize(LootPool.java:189) ~[server-1.20.1-20230612.114412-srg.jar%23696!/:?]
	at com.google.gson.internal.bind.TreeTypeAdapter.read(TreeTypeAdapter.java:76) ~[gson-2.10.jar%2370!/:?]
	at com.google.gson.internal.bind.TypeAdapterRuntimeTypeWrapper.read(TypeAdapterRuntimeTypeWrapper.java:40) ~[gson-2.10.jar%2370!/:?]
	at com.google.gson.internal.bind.ArrayTypeAdapter.read(ArrayTypeAdapter.java:72) ~[gson-2.10.jar%2370!/:?]
	at com.google.gson.Gson.fromJson(Gson.java:1214) ~[gson-2.10.jar%2370!/:?]
	at com.google.gson.Gson.fromJson(Gson.java:1319) ~[gson-2.10.jar%2370!/:?]
	at com.google.gson.Gson.fromJson(Gson.java:1290) ~[gson-2.10.jar%2370!/:?]
	at com.google.gson.internal.bind.TreeTypeAdapter$GsonContextImpl.deserialize(TreeTypeAdapter.java:179) ~[gson-2.10.jar%2370!/:?]
	at net.minecraft.util.GsonHelper.m_13808_(GsonHelper.java:463) ~[server-1.20.1-20230612.114412-srg.jar%23696!/:?]
	at net.minecraft.util.GsonHelper.m_13845_(GsonHelper.java:481) ~[server-1.20.1-20230612.114412-srg.jar%23696!/:?]
	at net.minecraft.world.level.storage.loot.LootTable$Serializer.deserialize(LootTable.java:294) ~[server-1.20.1-20230612.114412-srg.jar%23696!/:?]
	at net.minecraft.world.level.storage.loot.LootTable$Serializer.deserialize(LootTable.java:291) ~[server-1.20.1-20230612.114412-srg.jar%23696!/:?]
	at com.google.gson.internal.bind.TreeTypeAdapter.read(TreeTypeAdapter.java:76) ~[gson-2.10.jar%2370!/:?]
	at com.google.gson.Gson.fromJson(Gson.java:1214) ~[gson-2.10.jar%2370!/:?]
	at com.google.gson.Gson.fromJson(Gson.java:1319) ~[gson-2.10.jar%2370!/:?]
	at com.google.gson.Gson.fromJson(Gson.java:1261) ~[gson-2.10.jar%2370!/:?]
	at net.minecraftforge.common.ForgeHooks.loadLootTable(ForgeHooks.java:872) ~[forge-1.20.1-47.4.22-universal.jar%23701!/:?]
	at net.minecraftforge.common.ForgeHooks.lambda$getLootTableDeserializer$3(ForgeHooks.java:849) ~[forge-1.20.1-47.4.22-universal.jar%23701!/:?]
	at net.minecraft.world.level.storage.loot.LootDataType.deserialize(LootDataType.java:45) ~[server-1.20.1-20230612.114412-srg.jar%23696!/:?]
	at net.minecraft.world.level.storage.loot.LootDataManager.lambda$scheduleElementParse$4(LootDataManager.java:56) ~[server-1.20.1-20230612.114412-srg.jar%23696!/:?]
	at java.util.HashMap.forEach(HashMap.java:1421) ~[?:?]
	at net.minecraft.world.level.storage.loot.LootDataManager.m_278660_(LootDataManager.java:55) ~[server-1.20.1-20230612.114412-srg.jar%23696!/:?]
	at java.util.concurrent.CompletableFuture$AsyncRun.run(CompletableFuture.java:1804) ~[?:?]
	at java.util.concurrent.CompletableFuture$AsyncRun.exec(CompletableFuture.java:1796) ~[?:?]
	at java.util.concurrent.ForkJoinTask.doExec(ForkJoinTask.java:373) ~[?:?]
	at java.util.concurrent.ForkJoinPool$WorkQueue.topLevelExec(ForkJoinPool.java:1182) ~[?:?]
	at java.util.concurrent.ForkJoinPool.scan(ForkJoinPool.java:1655) ~[?:?]
	at java.util.concurrent.ForkJoinPool.runWorker(ForkJoinPool.java:1622) ~[?:?]
	at java.util.concurrent.ForkJoinWorkerThread.run(ForkJoinWorkerThread.java:165) ~[?:?]
[04Aug2026 17:24:58.641] [Worker-Main-3/ERROR] [net.minecraftforge.common.ForgeHooks/]: Couldn't parse element loot_tables:pamhc2crops:blocks/shadedgarden
com.google.gson.JsonSyntaxException: Expected name to be an item, was unknown string 'pamhc2crops:beanitem'
	at net.minecraft.util.GsonHelper.m_13866_(GsonHelper.java:145) ~[server-1.20.1-20230612.114412-srg.jar%23696!/:?]
	at java.util.Optional.orElseThrow(Optional.java:403) ~[?:?]
	at net.minecraft.util.GsonHelper.m_13874_(GsonHelper.java:145) ~[server-1.20.1-20230612.114412-srg.jar%23696!/:?]
	at net.minecraft.util.GsonHelper.m_13909_(GsonHelper.java:153) ~[server-1.20.1-20230612.114412-srg.jar%23696!/:?]
	at net.minecraft.world.level.storage.loot.entries.LootItem$Serializer.m_7267_(LootItem.java:55) ~[server-1.20.1-20230612.114412-srg.jar%23696!/:?]
	at net.minecraft.world.level.storage.loot.entries.LootItem$Serializer.m_7267_(LootItem.java:40) ~[server-1.20.1-20230612.114412-srg.jar%23696!/:?]
	at net.minecraft.world.level.storage.loot.entries.LootPoolSingletonContainer$Serializer.m_5921_(LootPoolSingletonContainer.java:151) ~[server-1.20.1-20230612.114412-srg.jar%23696!/:?]
	at net.minecraft.world.level.storage.loot.entries.LootPoolSingletonContainer$Serializer.m_5921_(LootPoolSingletonContainer.java:129) ~[server-1.20.1-20230612.114412-srg.jar%23696!/:?]
	at net.minecraft.world.level.storage.loot.entries.LootPoolEntryContainer$Serializer.m_7561_(LootPoolEntryContainer.java:86) ~[server-1.20.1-20230612.114412-srg.jar%23696!/:?]
	at net.minecraft.world.level.storage.loot.entries.LootPoolEntryContainer$Serializer.m_7561_(LootPoolEntryContainer.java:74) ~[server-1.20.1-20230612.114412-srg.jar%23696!/:?]
	at net.minecraft.world.level.storage.loot.GsonAdapterFactory$JsonAdapter.deserialize(GsonAdapterFactory.java:102) ~[server-1.20.1-20230612.114412-srg.jar%23696!/:?]
	at com.google.gson.internal.bind.TreeTypeAdapter.read(TreeTypeAdapter.java:76) ~[gson-2.10.jar%2370!/:?]
	at com.google.gson.internal.bind.TypeAdapterRuntimeTypeWrapper.read(TypeAdapterRuntimeTypeWrapper.java:40) ~[gson-2.10.jar%2370!/:?]
	at com.google.gson.internal.bind.ArrayTypeAdapter.read(ArrayTypeAdapter.java:72) ~[gson-2.10.jar%2370!/:?]
	at com.google.gson.Gson.fromJson(Gson.java:1214) ~[gson-2.10.jar%2370!/:?]
	at com.google.gson.Gson.fromJson(Gson.java:1319) ~[gson-2.10.jar%2370!/:?]
	at com.google.gson.Gson.fromJson(Gson.java:1290) ~[gson-2.10.jar%2370!/:?]
	at com.google.gson.internal.bind.TreeTypeAdapter$GsonContextImpl.deserialize(TreeTypeAdapter.java:179) ~[gson-2.10.jar%2370!/:?]
	at net.minecraft.util.GsonHelper.m_13808_(GsonHelper.java:463) ~[server-1.20.1-20230612.114412-srg.jar%23696!/:?]
	at net.minecraft.util.GsonHelper.m_13836_(GsonHelper.java:471) ~[server-1.20.1-20230612.114412-srg.jar%23696!/:?]
	at net.minecraft.world.level.storage.loot.LootPool$Serializer.deserialize(LootPool.java:192) ~[server-1.20.1-20230612.114412-srg.jar%23696!/:?]
	at net.minecraft.world.level.storage.loot.LootPool$Serializer.deserialize(LootPool.java:189) ~[server-1.20.1-20230612.114412-srg.jar%23696!/:?]
	at com.google.gson.internal.bind.TreeTypeAdapter.read(TreeTypeAdapter.java:76) ~[gson-2.10.jar%2370!/:?]
	at com.google.gson.internal.bind.TypeAdapterRuntimeTypeWrapper.read(TypeAdapterRuntimeTypeWrapper.java:40) ~[gson-2.10.jar%2370!/:?]
	at com.google.gson.internal.bind.ArrayTypeAdapter.read(ArrayTypeAdapter.java:72) ~[gson-2.10.jar%2370!/:?]
	at com.google.gson.Gson.fromJson(Gson.java:1214) ~[gson-2.10.jar%2370!/:?]
	at com.google.gson.Gson.fromJson(Gson.java:1319) ~[gson-2.10.jar%2370!/:?]
	at com.google.gson.Gson.fromJson(Gson.java:1290) ~[gson-2.10.jar%2370!/:?]
	at com.google.gson.internal.bind.TreeTypeAdapter$GsonContextImpl.deserialize(TreeTypeAdapter.java:179) ~[gson-2.10.jar%2370!/:?]
	at net.minecraft.util.GsonHelper.m_13808_(GsonHelper.java:463) ~[server-1.20.1-20230612.114412-srg.jar%23696!/:?]
	at net.minecraft.util.GsonHelper.m_13845_(GsonHelper.java:481) ~[server-1.20.1-20230612.114412-srg.jar%23696!/:?]
	at net.minecraft.world.level.storage.loot.LootTable$Serializer.deserialize(LootTable.java:294) ~[server-1.20.1-20230612.114412-srg.jar%23696!/:?]
	at net.minecraft.world.level.storage.loot.LootTable$Serializer.deserialize(LootTable.java:291) ~[server-1.20.1-20230612.114412-srg.jar%23696!/:?]
	at com.google.gson.internal.bind.TreeTypeAdapter.read(TreeTypeAdapter.java:76) ~[gson-2.10.jar%2370!/:?]
	at com.google.gson.Gson.fromJson(Gson.java:1214) ~[gson-2.10.jar%2370!/:?]
	at com.google.gson.Gson.fromJson(Gson.java:1319) ~[gson-2.10.jar%2370!/:?]
	at com.google.gson.Gson.fromJson(Gson.java:1261) ~[gson-2.10.jar%2370!/:?]
	at net.minecraftforge.common.ForgeHooks.loadLootTable(ForgeHooks.java:872) ~[forge-1.20.1-47.4.22-universal.jar%23701!/:?]
	at net.minecraftforge.common.ForgeHooks.lambda$getLootTableDeserializer$3(ForgeHooks.java:849) ~[forge-1.20.1-47.4.22-universal.jar%23701!/:?]
	at net.minecraft.world.level.storage.loot.LootDataType.deserialize(LootDataType.java:45) ~[server-1.20.1-20230612.114412-srg.jar%23696!/:?]
	at net.minecraft.world.level.storage.loot.LootDataManager.lambda$scheduleElementParse$4(LootDataManager.java:56) ~[server-1.20.1-20230612.114412-srg.jar%23696!/:?]
	at java.util.HashMap.forEach(HashMap.java:1421) ~[?:?]
	at net.minecraft.world.level.storage.loot.LootDataManager.m_278660_(LootDataManager.java:55) ~[server-1.20.1-20230612.114412-srg.jar%23696!/:?]
	at java.util.concurrent.CompletableFuture$AsyncRun.run(CompletableFuture.java:1804) ~[?:?]
	at java.util.concurrent.CompletableFuture$AsyncRun.exec(CompletableFuture.java:1796) ~[?:?]
	at java.util.concurrent.ForkJoinTask.doExec(ForkJoinTask.java:373) ~[?:?]
	at java.util.concurrent.ForkJoinPool$WorkQueue.topLevelExec(ForkJoinPool.java:1182) ~[?:?]
	at java.util.concurrent.ForkJoinPool.scan(ForkJoinPool.java:1655) ~[?:?]
	at java.util.concurrent.ForkJoinPool.runWorker(ForkJoinPool.java:1622) ~[?:?]
	at java.util.concurrent.ForkJoinWorkerThread.run(ForkJoinWorkerThread.java:165) ~[?:?]
[04Aug2026 17:24:58.669] [Worker-Main-3/ERROR] [net.minecraftforge.common.ForgeHooks/]: Couldn't parse element loot_tables:pamhc2crops:blocks/pamonioncrop
java.lang.IllegalArgumentException: Can't find block pamhc2crops:pamonioncrop
	at net.minecraft.world.level.storage.loot.predicates.LootItemBlockStatePropertyCondition$Serializer.m_81802_(LootItemBlockStatePropertyCondition.java:79) ~[server-1.20.1-20230612.114412-srg.jar%23696!/:?]
	at java.util.Optional.orElseThrow(Optional.java:403) ~[?:?]
	at net.minecraft.world.level.storage.loot.predicates.LootItemBlockStatePropertyCondition$Serializer.m_7561_(LootItemBlockStatePropertyCondition.java:79) ~[server-1.20.1-20230612.114412-srg.jar%23696!/:?]
	at net.minecraft.world.level.storage.loot.predicates.LootItemBlockStatePropertyCondition$Serializer.m_7561_(LootItemBlockStatePropertyCondition.java:68) ~[server-1.20.1-20230612.114412-srg.jar%23696!/:?]
	at net.minecraft.world.level.storage.loot.GsonAdapterFactory$JsonAdapter.deserialize(GsonAdapterFactory.java:102) ~[server-1.20.1-20230612.114412-srg.jar%23696!/:?]
	at com.google.gson.internal.bind.TreeTypeAdapter.read(TreeTypeAdapter.java:76) ~[gson-2.10.jar%2370!/:?]
	at com.google.gson.internal.bind.TypeAdapterRuntimeTypeWrapper.read(TypeAdapterRuntimeTypeWrapper.java:40) ~[gson-2.10.jar%2370!/:?]
	at com.google.gson.internal.bind.ArrayTypeAdapter.read(ArrayTypeAdapter.java:72) ~[gson-2.10.jar%2370!/:?]
	at com.google.gson.Gson.fromJson(Gson.java:1214) ~[gson-2.10.jar%2370!/:?]
	at com.google.gson.Gson.fromJson(Gson.java:1319) ~[gson-2.10.jar%2370!/:?]
	at com.google.gson.Gson.fromJson(Gson.java:1290) ~[gson-2.10.jar%2370!/:?]
	at com.google.gson.internal.bind.TreeTypeAdapter$GsonContextImpl.deserialize(TreeTypeAdapter.java:179) ~[gson-2.10.jar%2370!/:?]
	at net.minecraft.util.GsonHelper.m_13808_(GsonHelper.java:463) ~[server-1.20.1-20230612.114412-srg.jar%23696!/:?]
	at net.minecraft.util.GsonHelper.m_13845_(GsonHelper.java:481) ~[server-1.20.1-20230612.114412-srg.jar%23696!/:?]
	at net.minecraft.world.level.storage.loot.LootPool$Serializer.deserialize(LootPool.java:193) ~[server-1.20.1-20230612.114412-srg.jar%23696!/:?]
	at net.minecraft.world.level.storage.loot.LootPool$Serializer.deserialize(LootPool.java:189) ~[server-1.20.1-20230612.114412-srg.jar%23696!/:?]
	at com.google.gson.internal.bind.TreeTypeAdapter.read(TreeTypeAdapter.java:76) ~[gson-2.10.jar%2370!/:?]
	at com.google.gson.internal.bind.TypeAdapterRuntimeTypeWrapper.read(TypeAdapterRuntimeTypeWrapper.java:40) ~[gson-2.10.jar%2370!/:?]
	at com.google.gson.internal.bind.ArrayTypeAdapter.read(ArrayTypeAdapter.java:72) ~[gson-2.10.jar%2370!/:?]
	at com.google.gson.Gson.fromJson(Gson.java:1214) ~[gson-2.10.jar%2370!/:?]
	at com.google.gson.Gson.fromJson(Gson.java:1319) ~[gson-2.10.jar%2370!/:?]
	at com.google.gson.Gson.fromJson(Gson.java:1290) ~[gson-2.10.jar%2370!/:?]
	at com.google.gson.internal.bind.TreeTypeAdapter$GsonContextImpl.deserialize(TreeTypeAdapter.java:179) ~[gson-2.10.jar%2370!/:?]
	at net.minecraft.util.GsonHelper.m_13808_(GsonHelper.java:463) ~[server-1.20.1-20230612.114412-srg.jar%23696!/:?]
	at net.minecraft.util.GsonHelper.m_13845_(GsonHelper.java:481) ~[server-1.20.1-20230612.114412-srg.jar%23696!/:?]
	at net.minecraft.world.level.storage.loot.LootTable$Serializer.deserialize(LootTable.java:294) ~[server-1.20.1-20230612.114412-srg.jar%23696!/:?]
	at net.minecraft.world.level.storage.loot.LootTable$Serializer.deserialize(LootTable.java:291) ~[server-1.20.1-20230612.114412-srg.jar%23696!/:?]
	at com.google.gson.internal.bind.TreeTypeAdapter.read(TreeTypeAdapter.java:76) ~[gson-2.10.jar%2370!/:?]
	at com.google.gson.Gson.fromJson(Gson.java:1214) ~[gson-2.10.jar%2370!/:?]
	at com.google.gson.Gson.fromJson(Gson.java:1319) ~[gson-2.10.jar%2370!/:?]
	at com.google.gson.Gson.fromJson(Gson.java:1261) ~[gson-2.10.jar%2370!/:?]
	at net.minecraftforge.common.ForgeHooks.loadLootTable(ForgeHooks.java:872) ~[forge-1.20.1-47.4.22-universal.jar%23701!/:?]
	at net.minecraftforge.common.ForgeHooks.lambda$getLootTableDeserializer$3(ForgeHooks.java:849) ~[forge-1.20.1-47.4.22-universal.jar%23701!/:?]
	at net.minecraft.world.level.storage.loot.LootDataType.deserialize(LootDataType.java:45) ~[server-1.20.1-20230612.114412-srg.jar%23696!/:?]
	at net.minecraft.world.level.storage.loot.LootDataManager.lambda$scheduleElementParse$4(LootDataManager.java:56) ~[server-1.20.1-20230612.114412-srg.jar%23696!/:?]
	at java.util.HashMap.forEach(HashMap.java:1421) ~[?:?]
	at net.minecraft.world.level.storage.loot.LootDataManager.m_278660_(LootDataManager.java:55) ~[server-1.20.1-20230612.114412-srg.jar%23696!/:?]
	at java.util.concurrent.CompletableFuture$AsyncRun.run(CompletableFuture.java:1804) ~[?:?]
	at java.util.concurrent.CompletableFuture$AsyncRun.exec(CompletableFuture.java:1796) ~[?:?]
	at java.util.concurrent.ForkJoinTask.doExec(ForkJoinTask.java:373) ~[?:?]
	at java.util.concurrent.ForkJoinPool$WorkQueue.topLevelExec(ForkJoinPool.java:1182) ~[?:?]
	at java.util.concurrent.ForkJoinPool.scan(ForkJoinPool.java:1655) ~[?:?]
	at java.util.concurrent.ForkJoinPool.runWorker(ForkJoinPool.java:1622) ~[?:?]
	at java.util.concurrent.ForkJoinWorkerThread.run(ForkJoinWorkerThread.java:165) ~[?:?]
[04Aug2026 17:25:01.342] [main/INFO] [com.teamabnormals.blueprint.core.Blueprint/]: Loot Modification Manager has loaded 1 modifier groups
[04Aug2026 17:25:01.439] [main/WARN] [net.minecraft.world.level.storage.loot.LootDataManager/]: Found loot table element validation problem in {loot_tables:minecraft:chests/plague_loot}.pools[0].entries[10].functions[1]: Parameters [<parameter minecraft:tool>] are not provided in this context
[04Aug2026 17:25:01.439] [main/WARN] [net.minecraft.world.level.storage.loot.LootDataManager/]: Found loot table element validation problem in {loot_tables:minecraft:chests/plague_loot}.pools[0].entries[1].functions[1]: Parameters [<parameter minecraft:tool>] are not provided in this context
[04Aug2026 17:25:01.439] [main/WARN] [net.minecraft.world.level.storage.loot.LootDataManager/]: Found loot table element validation problem in {loot_tables:minecraft:chests/hut_loot}.pools[0].entries[6].functions[1]: Parameters [<parameter minecraft:tool>] are not provided in this context
[04Aug2026 17:25:01.439] [main/WARN] [net.minecraft.world.level.storage.loot.LootDataManager/]: Found loot table element validation problem in {loot_tables:minecraft:chests/musketeer_fort_loot}.pools[0].entries[1].functions[1]: Parameters [<parameter minecraft:tool>] are not provided in this context
[04Aug2026 17:25:01.439] [main/WARN] [net.minecraft.world.level.storage.loot.LootDataManager/]: Found loot table element validation problem in {loot_tables:minecraft:blocks/snow_block}.pools[0].entries[0]: Unreachable entry!
[04Aug2026 17:25:01.439] [main/WARN] [net.minecraft.world.level.storage.loot.LootDataManager/]: Found loot table element validation problem in {loot_tables:minecraft:chests/hut_loot}.pools[0].entries[4].functions[1]: Parameters [<parameter minecraft:tool>] are not provided in this context
[04Aug2026 17:25:01.439] [main/WARN] [net.minecraft.world.level.storage.loot.LootDataManager/]: Found loot table element validation problem in {loot_tables:phantasm:blocks/acidic_nihilium}.pools[0].entries[0].entry[1]: Empty children list
[04Aug2026 17:25:01.439] [main/WARN] [net.minecraft.world.level.storage.loot.LootDataManager/]: Found loot table element validation problem in {loot_tables:minecraft:chests/hut_loot}.pools[1].entries[1].functions[1]: Parameters [<parameter minecraft:tool>] are not provided in this context
[04Aug2026 17:25:01.439] [main/WARN] [net.minecraft.world.level.storage.loot.LootDataManager/]: Found loot table element validation problem in {loot_tables:phantasm:blocks/vivid_nihilium}.pools[0].entries[0].entry[1]: Empty children list
[04Aug2026 17:25:01.440] [main/WARN] [net.minecraft.world.level.storage.loot.LootDataManager/]: Found loot table element validation problem in {loot_tables:betterarcheology:archeology/chest_loot_prototype}.pools[4].entries[0]: Unknown loot table called betterarcheology:archeology/sword_loot
[04Aug2026 17:25:01.440] [main/WARN] [net.minecraft.world.level.storage.loot.LootDataManager/]: Found loot table element validation problem in {loot_tables:minecraft:chests/musketeer_fort_loot}.pools[2].entries[2].functions[2]: Parameters [<parameter minecraft:tool>] are not provided in this context
[04Aug2026 17:25:01.440] [main/WARN] [net.minecraft.world.level.storage.loot.LootDataManager/]: Found loot table element validation problem in {loot_tables:minecraft:chests/hut_loot}.pools[1].entries[2].functions[1]: Parameters [<parameter minecraft:tool>] are not provided in this context
[04Aug2026 17:25:01.440] [main/WARN] [net.minecraft.world.level.storage.loot.LootDataManager/]: Found loot table element validation problem in {loot_tables:minecraft:chests/hut_loot}.pools[1].entries[8].functions[1]: Parameters [<parameter minecraft:tool>] are not provided in this context
[04Aug2026 17:25:01.440] [main/WARN] [net.minecraft.world.level.storage.loot.LootDataManager/]: Found loot table element validation problem in {loot_tables:phantasm:blocks/hanging_pream_leaves}.pools[0].entries[0].entry[1]: Empty children list
[04Aug2026 17:25:01.440] [main/WARN] [net.minecraft.world.level.storage.loot.LootDataManager/]: Found loot table element validation problem in {loot_tables:minecraft:chests/musketeer_fort_loot}.pools[0].entries[4].functions[1]: Parameters [<parameter minecraft:tool>] are not provided in this context
[04Aug2026 17:25:01.440] [main/WARN] [net.minecraft.world.level.storage.loot.LootDataManager/]: Found loot table element validation problem in {loot_tables:minecraft:chests/musketeer_fort_loot}.pools[0].entries[0].functions[1]: Parameters [<parameter minecraft:tool>] are not provided in this context
[04Aug2026 17:25:01.440] [main/WARN] [net.minecraft.world.level.storage.loot.LootDataManager/]: Found loot table element validation problem in {loot_tables:minecraft:chests/plague_loot}.pools[0].entries[12].functions[1]: Parameters [<parameter minecraft:tool>] are not provided in this context
[04Aug2026 17:25:01.440] [main/WARN] [net.minecraft.world.level.storage.loot.LootDataManager/]: Found loot table element validation problem in {loot_tables:phantasm:blocks/cirite_iron_ore}.pools[0].entries[0].entry[1]: Empty children list
[04Aug2026 17:25:01.440] [main/WARN] [net.minecraft.world.level.storage.loot.LootDataManager/]: Found loot table element validation problem in {loot_tables:minecraft:chests/hut_loot}.pools[0].entries[8].functions[1]: Parameters [<parameter minecraft:tool>] are not provided in this context
[04Aug2026 17:25:01.440] [main/WARN] [net.minecraft.world.level.storage.loot.LootDataManager/]: Found loot table element validation problem in {loot_tables:minecraft:chests/musketeer_fort_loot}.pools[0].entries[2].functions[1]: Parameters [<parameter minecraft:tool>] are not provided in this context
[04Aug2026 17:25:01.440] [main/WARN] [net.minecraft.world.level.storage.loot.LootDataManager/]: Found loot table element validation problem in {loot_tables:minecraft:chests/musketeer_fort_loot}.pools[1].entries[0].functions[1]: Parameters [<parameter minecraft:tool>] are not provided in this context
[04Aug2026 17:25:01.440] [main/WARN] [net.minecraft.world.level.storage.loot.LootDataManager/]: Found loot table element validation problem in {loot_tables:minecraft:chests/hut_loot}.pools[0].entries[0].functions[1]: Parameters [<parameter minecraft:tool>] are not provided in this context
[04Aug2026 17:25:01.440] [main/WARN] [net.minecraft.world.level.storage.loot.LootDataManager/]: Found loot table element validation problem in {loot_tables:dungeonsdelight:entities/monster_yam}.pools[0].entries[0].functions[1]: Parameters [<parameter minecraft:tool>] are not provided in this context
[04Aug2026 17:25:01.440] [main/WARN] [net.minecraft.world.level.storage.loot.LootDataManager/]: Found loot table element validation problem in {loot_tables:minecraft:chests/plague_loot}.pools[0].entries[7].functions[1]: Parameters [<parameter minecraft:tool>] are not provided in this context
[04Aug2026 17:25:01.440] [main/WARN] [net.minecraft.world.level.storage.loot.LootDataManager/]: Found loot table element validation problem in {loot_tables:minecraft:chests/hut_loot}.pools[0].entries[5].functions[1]: Parameters [<parameter minecraft:tool>] are not provided in this context
[04Aug2026 17:25:01.440] [main/WARN] [net.minecraft.world.level.storage.loot.LootDataManager/]: Found loot table element validation problem in {loot_tables:minecraft:chests/plague_loot}.pools[0].entries[0].functions[1]: Parameters [<parameter minecraft:tool>] are not provided in this context
[04Aug2026 17:25:01.440] [main/WARN] [net.minecraft.world.level.storage.loot.LootDataManager/]: Found loot table element validation problem in {loot_tables:minecraft:chests/musketeer_fort_loot}.pools[2].entries[1].functions[2]: Parameters [<parameter minecraft:tool>] are not provided in this context
[04Aug2026 17:25:01.440] [main/WARN] [net.minecraft.world.level.storage.loot.LootDataManager/]: Found loot table element validation problem in {loot_tables:dungeonsdelight:entities/monster_yam}.pools[1].entries[0].functions[1]: Parameters [<parameter minecraft:tool>] are not provided in this context
[04Aug2026 17:25:01.440] [main/WARN] [net.minecraft.world.level.storage.loot.LootDataManager/]: Found loot table element validation problem in {loot_tables:minecraft:chests/hut_loot}.pools[1].entries[0].functions[1]: Parameters [<parameter minecraft:tool>] are not provided in this context
[04Aug2026 17:25:01.441] [main/WARN] [net.minecraft.world.level.storage.loot.LootDataManager/]: Found loot table element validation problem in {loot_tables:minecraft:chests/plague_loot}.pools[0].entries[8].functions[2]: Parameters [<parameter minecraft:tool>] are not provided in this context
[04Aug2026 17:25:01.441] [main/WARN] [net.minecraft.world.level.storage.loot.LootDataManager/]: Found loot table element validation problem in {loot_tables:minecraft:chests/hut_loot}.pools[0].entries[2].functions[1]: Parameters [<parameter minecraft:tool>] are not provided in this context
[04Aug2026 17:25:01.441] [main/WARN] [net.minecraft.world.level.storage.loot.LootDataManager/]: Found loot table element validation problem in {loot_tables:minecraft:chests/musketeer_fort_loot}.pools[2].entries[3].functions[1]: Parameters [<parameter minecraft:tool>] are not provided in this context
[04Aug2026 17:25:01.441] [main/WARN] [net.minecraft.world.level.storage.loot.LootDataManager/]: Found loot table element validation problem in {loot_tables:minecraft:chests/plague_loot}.pools[0].entries[9].functions[1]: Parameters [<parameter minecraft:tool>] are not provided in this context
[04Aug2026 17:25:01.441] [main/WARN] [net.minecraft.world.level.storage.loot.LootDataManager/]: Found loot table element validation problem in {loot_tables:minecraft:chests/musketeer_fort_loot}.pools[1].entries[3].functions[1]: Parameters [<parameter minecraft:tool>] are not provided in this context
[04Aug2026 17:25:01.441] [main/WARN] [net.minecraft.world.level.storage.loot.LootDataManager/]: Found loot table element validation problem in {loot_tables:minecraft:chests/musketeer_fort_loot}.pools[0].entries[5].functions[1]: Parameters [<parameter minecraft:tool>] are not provided in this context
[04Aug2026 17:25:01.441] [main/WARN] [net.minecraft.world.level.storage.loot.LootDataManager/]: Found loot table element validation problem in {loot_tables:minecraft:chests/hut_loot}.pools[0].entries[9].functions[1]: Parameters [<parameter minecraft:tool>] are not provided in this context
[04Aug2026 17:25:01.441] [main/WARN] [net.minecraft.world.level.storage.loot.LootDataManager/]: Found loot table element validation problem in {loot_tables:minecraft:chests/hut_loot}.pools[1].entries[7].functions[1]: Parameters [<parameter minecraft:tool>] are not provided in this context
[04Aug2026 17:25:01.441] [main/WARN] [net.minecraft.world.level.storage.loot.LootDataManager/]: Found loot table element validation problem in {loot_tables:minecraft:chests/hut_loot}.pools[1].entries[3].functions[1]: Parameters [<parameter minecraft:tool>] are not provided in this context
[04Aug2026 17:25:01.441] [main/WARN] [net.minecraft.world.level.storage.loot.LootDataManager/]: Found loot table element validation problem in {loot_tables:minecraft:chests/musketeer_fort_loot}.pools[0].entries[3].functions[1]: Parameters [<parameter minecraft:tool>] are not provided in this context
[04Aug2026 17:25:01.441] [main/WARN] [net.minecraft.world.level.storage.loot.LootDataManager/]: Found loot table element validation problem in {loot_tables:minecraft:chests/plague_loot}.pools[0].entries[11].functions[1]: Parameters [<parameter minecraft:tool>] are not provided in this context
[04Aug2026 17:25:01.441] [main/WARN] [net.minecraft.world.level.storage.loot.LootDataManager/]: Found loot table element validation problem in {loot_tables:minecraft:chests/plague_loot}.pools[1].entries[2].functions[1]: Parameters [<parameter minecraft:tool>] are not provided in this context
[04Aug2026 17:25:01.441] [main/WARN] [net.minecraft.world.level.storage.loot.LootDataManager/]: Found loot table element validation problem in {loot_tables:minecraft:chests/plague_loot}.pools[0].entries[6].functions[1]: Parameters [<parameter minecraft:tool>] are not provided in this context
[04Aug2026 17:25:01.441] [main/WARN] [net.minecraft.world.level.storage.loot.LootDataManager/]: Found loot table element validation problem in {loot_tables:minecraft:chests/hut_loot}.pools[1].entries[5].functions[1]: Parameters [<parameter minecraft:tool>] are not provided in this context
[04Aug2026 17:25:01.753] [main/INFO] [letsdocompat/]: Added 0 compatibility recipes !
[04Aug2026 17:25:01.772] [main/WARN] [com.mafuyu404.oneenoughitem.Oneenoughitem/]: ItemStackMixin: Replacement item is null for targetItemId: create_eternal_journey:weightless_sphere, original item: minecraft:elytra
[04Aug2026 17:25:01.813] [main/WARN] [com.mafuyu404.oneenoughitem.Oneenoughitem/]: ItemStackMixin: Replacement item is null for targetItemId: create_eternal_journey:weightless_sphere, original item: minecraft:elytra
[04Aug2026 17:25:01.822] [main/WARN] [com.mafuyu404.oneenoughitem.Oneenoughitem/]: ItemStackMixin: Replacement item is null for targetItemId: create_eternal_journey:weightless_sphere, original item: minecraft:elytra
[04Aug2026 17:25:01.833] [main/ERROR] [net.minecraft.world.item.crafting.RecipeManager/]: Parsing error loading recipe sullysmod:grindstone_polishing/gelogicexpansion/white_polished_prismatic_stone_stairs_from_white_prismatic_stone_stairs: com.google.gson.JsonSyntaxException: Invalid or unsupported recipe type 'sullysmod:grindstone_polishing'
[04Aug2026 17:25:01.848] [main/WARN] [com.mafuyu404.oneenoughitem.Oneenoughitem/]: ItemStackMixin: Replacement item is null for targetItemId: create_eternal_journey:weightless_sphere, original item: minecraft:elytra
[04Aug2026 17:25:01.864] [main/ERROR] [net.minecraft.world.item.crafting.RecipeManager/]: Parsing error loading recipe farmersdelight:cutting/wilderness/overgrown_oak_log: com.google.gson.JsonSyntaxException: Unknown item 'wilderness:overgrown_oak_log'
[04Aug2026 17:25:01.866] [main/INFO] [net.minecraft.world.item.crafting.RecipeManager/]: Skipping loading recipe endergetic:poise_fence_from_poise_planks_sawing as it's serializer returned null
[04Aug2026 17:25:01.867] [main/ERROR] [net.minecraft.world.item.crafting.RecipeManager/]: Parsing error loading recipe sullysmod:grindstone_polishing/gelogicexpansion/light_gray_polished_prismatic_stone_wall_from_light_gray_prismatic_stone_wall: com.google.gson.JsonSyntaxException: Invalid or unsupported recipe type 'sullysmod:grindstone_polishing'
[04Aug2026 17:25:01.876] [main/INFO] [net.minecraft.world.item.crafting.RecipeManager/]: Skipping loading recipe create_connected:crafting/palettes/copycat_catwalk as it's serializer returned null
[04Aug2026 17:25:01.882] [main/ERROR] [net.minecraft.world.item.crafting.RecipeManager/]: Parsing error loading recipe sullysmod:grindstone_polishing/twigs/polished_tuff_from_tuff: com.google.gson.JsonSyntaxException: Invalid or unsupported recipe type 'sullysmod:grindstone_polishing'
[04Aug2026 17:25:01.882] [main/ERROR] [net.minecraft.world.item.crafting.RecipeManager/]: Parsing error loading recipe sullysmod:grindstone_polishing/gelogicexpansion/blue_polished_prismatic_stone_stairs_from_blue_prismatic_stone_stairs: com.google.gson.JsonSyntaxException: Invalid or unsupported recipe type 'sullysmod:grindstone_polishing'
[04Aug2026 17:25:01.883] [main/ERROR] [net.minecraft.world.item.crafting.RecipeManager/]: Parsing error loading recipe sullysmod:grindstone_polishing/gelogicexpansion/magenta_polished_prismatic_stone_stairs_from_magenta_prismatic_stone_stairs: com.google.gson.JsonSyntaxException: Invalid or unsupported recipe type 'sullysmod:grindstone_polishing'
[04Aug2026 17:25:01.883] [main/ERROR] [net.minecraft.world.item.crafting.RecipeManager/]: Parsing error loading recipe sullysmod:grindstone_polishing/twigs/polished_tuff_slab_from_tuff_slab: com.google.gson.JsonSyntaxException: Invalid or unsupported recipe type 'sullysmod:grindstone_polishing'
[04Aug2026 17:25:01.885] [main/ERROR] [net.minecraft.world.item.crafting.RecipeManager/]: Parsing error loading recipe jeed:thirst: com.google.gson.JsonSyntaxException: Unknown item 'toughasnails:dirty_water_bottle'
[04Aug2026 17:25:01.887] [main/INFO] [net.minecraft.world.item.crafting.RecipeManager/]: Skipping loading recipe endergetic:cracked_purpur_block_from_baking as it's serializer returned null
[04Aug2026 17:25:01.887] [main/ERROR] [net.minecraft.world.item.crafting.RecipeManager/]: Parsing error loading recipe farmersdelight:cutting/habitat/edelweiss: com.google.gson.JsonSyntaxException: Unknown item 'habitat:edelweiss'
[04Aug2026 17:25:01.896] [main/WARN] [com.mafuyu404.oneenoughitem.Oneenoughitem/]: ItemStackMixin: Replacement item is null for targetItemId: create_eternal_journey:weightless_sphere, original item: minecraft:elytra
[04Aug2026 17:25:01.910] [main/ERROR] [net.minecraft.world.item.crafting.RecipeManager/]: Parsing error loading recipe sullysmod:grindstone_polishing/gelogicexpansion/lime_polished_prismatic_stone_wall_from_lime_prismatic_stone_wall: com.google.gson.JsonSyntaxException: Invalid or unsupported recipe type 'sullysmod:grindstone_polishing'
[04Aug2026 17:25:01.924] [main/WARN] [com.mafuyu404.oneenoughitem.Oneenoughitem/]: ItemStackMixin: Replacement item is null for targetItemId: create_eternal_journey:weightless_sphere, original item: minecraft:elytra
[04Aug2026 17:25:01.947] [main/WARN] [com.mafuyu404.oneenoughitem.Oneenoughitem/]: ItemStackMixin: Replacement item is null for targetItemId: create_eternal_journey:weightless_sphere, original item: minecraft:elytra
[04Aug2026 17:25:01.960] [main/ERROR] [net.minecraft.world.item.crafting.RecipeManager/]: Parsing error loading recipe sullysmod:grindstone_polishing/gelogicexpansion/purple_polished_prismatic_stone_stairs_from_purple_prismatic_stone_stairs: com.google.gson.JsonSyntaxException: Invalid or unsupported recipe type 'sullysmod:grindstone_polishing'
[04Aug2026 17:25:01.960] [main/ERROR] [net.minecraft.world.item.crafting.RecipeManager/]: Parsing error loading recipe sullysmod:grindstone_polishing/netherdungeons/polished_ominous_quartz_slab_from_ominous_quartz_slab: com.google.gson.JsonSyntaxException: Invalid or unsupported recipe type 'sullysmod:grindstone_polishing'
[04Aug2026 17:25:01.961] [main/ERROR] [net.minecraft.world.item.crafting.RecipeManager/]: Parsing error loading recipe sullysmod:grindstone_polishing/gelogicexpansion/white_polished_prismatic_stone_wall_from_white_prismatic_stone_wall: com.google.gson.JsonSyntaxException: Invalid or unsupported recipe type 'sullysmod:grindstone_polishing'
[04Aug2026 17:25:01.965] [main/ERROR] [net.minecraft.world.item.crafting.RecipeManager/]: Parsing error loading recipe sullysmod:grindstone_polishing/gelogicexpansion/polished_limestone_stairs_from_limestone_stairs: com.google.gson.JsonSyntaxException: Invalid or unsupported recipe type 'sullysmod:grindstone_polishing'
[04Aug2026 17:25:01.973] [main/WARN] [com.mafuyu404.oneenoughitem.Oneenoughitem/]: ItemStackMixin: Replacement item is null for targetItemId: create_eternal_journey:weightless_sphere, original item: minecraft:elytra
[04Aug2026 17:25:01.989] [main/WARN] [com.mafuyu404.oneenoughitem.Oneenoughitem/]: ItemStackMixin: Replacement item is null for targetItemId: create_eternal_journey:weightless_sphere, original item: minecraft:elytra
[04Aug2026 17:25:02.008] [main/WARN] [com.mafuyu404.oneenoughitem.Oneenoughitem/]: ItemStackMixin: Replacement item is null for targetItemId: create_eternal_journey:weightless_sphere, original item: minecraft:elytra
[04Aug2026 17:25:02.019] [main/ERROR] [net.minecraft.world.item.crafting.RecipeManager/]: Parsing error loading recipe sullysmod:grindstone_polishing/gelogicexpansion/cyan_polished_prismatic_stone_from_cyan_prismatic_stone: com.google.gson.JsonSyntaxException: Invalid or unsupported recipe type 'sullysmod:grindstone_polishing'
[04Aug2026 17:25:02.024] [main/WARN] [com.mafuyu404.oneenoughitem.Oneenoughitem/]: ItemStackMixin: Replacement item is null for targetItemId: create_eternal_journey:weightless_sphere, original item: minecraft:elytra
[04Aug2026 17:25:02.037] [main/WARN] [com.mafuyu404.oneenoughitem.Oneenoughitem/]: ItemStackMixin: Replacement item is null for targetItemId: create_eternal_journey:weightless_sphere, original item: minecraft:elytra
[04Aug2026 17:25:02.044] [main/INFO] [net.minecraft.world.item.crafting.RecipeManager/]: Skipping loading recipe create_connected:crafting/palettes/copycat_vertical_step_from_conversion as it's serializer returned null
[04Aug2026 17:25:02.044] [main/ERROR] [net.minecraft.world.item.crafting.RecipeManager/]: Parsing error loading recipe rainbowreef:milk_bottle_clownfish_cupcake: com.google.gson.JsonSyntaxException: Unknown item 'rainbowreef:raw_clownfish'
[04Aug2026 17:25:02.045] [main/ERROR] [net.minecraft.world.item.crafting.RecipeManager/]: Parsing error loading recipe extra_compat:cloggrum_great_axe: com.google.gson.JsonSyntaxException: Unknown item 'undergarden:cloggrum_axe'
[04Aug2026 17:25:02.047] [main/ERROR] [net.minecraft.world.item.crafting.RecipeManager/]: Parsing error loading recipe jeed:ender_flu: com.google.gson.JsonSyntaxException: Unknown item 'alexsmobs:spawn_egg_enderiophage'
[04Aug2026 17:25:02.054] [main/WARN] [com.mafuyu404.oneenoughitem.Oneenoughitem/]: ItemStackMixin: Replacement item is null for targetItemId: create_eternal_journey:weightless_sphere, original item: minecraft:elytra
[04Aug2026 17:25:02.063] [main/ERROR] [net.minecraft.world.item.crafting.RecipeManager/]: Parsing error loading recipe extra_compat:froststeel_hammer: com.google.gson.JsonSyntaxException: Unknown item 'undergarden:froststeel_ingot'
[04Aug2026 17:25:02.063] [main/INFO] [net.minecraft.world.item.crafting.RecipeManager/]: Skipping loading recipe endergetic:chiseled_poise_bookshelf as it's serializer returned null
[04Aug2026 17:25:02.064] [main/ERROR] [net.minecraft.world.item.crafting.RecipeManager/]: Parsing error loading recipe jeed:bitten: com.google.gson.JsonSyntaxException: Unknown item 'enemyexpansion:vampire_spawn_egg'
[04Aug2026 17:25:02.064] [main/ERROR] [net.minecraft.world.item.crafting.RecipeManager/]: Parsing error loading recipe farmersdelight:cutting/galosphere/sterling_helmet: com.google.gson.JsonSyntaxException: Unknown item 'galosphere:sterling_helmet'
[04Aug2026 17:25:02.070] [main/WARN] [com.mafuyu404.oneenoughitem.Oneenoughitem/]: ItemStackMixin: Replacement item is null for targetItemId: create_eternal_journey:weightless_sphere, original item: minecraft:elytra
[04Aug2026 17:25:02.079] [main/INFO] [net.minecraft.world.item.crafting.RecipeManager/]: Skipping loading recipe endergetic:eumus_brick_from_baking as it's serializer returned null
[04Aug2026 17:25:02.080] [main/ERROR] [net.minecraft.world.item.crafting.RecipeManager/]: Parsing error loading recipe jeed:soul_marked: com.google.gson.JsonSyntaxException: Unknown item 'theinkarena:soul_brush'
[04Aug2026 17:25:02.089] [main/WARN] [com.simibubi.create.Create/]: Your custom createaddition:rolling/brass_ingot recipe (createaddition:rolling/brass_ingot) specified a duration. Durations have no impact on this type of recipe.
[04Aug2026 17:25:02.090] [main/ERROR] [net.minecraft.world.item.crafting.RecipeManager/]: Parsing error loading recipe jeed:strength: com.google.gson.JsonSyntaxException: Unknown item 'goated:barbaric_helmet'
[04Aug2026 17:25:02.091] [main/ERROR] [net.minecraft.world.item.crafting.RecipeManager/]: Parsing error loading recipe autumnity:wallpapers/lime_wallpaper_roll: com.google.gson.JsonSyntaxException: Unknown item 'wallpapers:lime_wallpaper_roll'
[04Aug2026 17:25:02.092] [main/ERROR] [net.minecraft.world.item.crafting.RecipeManager/]: Parsing error loading recipe nethersdelight:cutting/hoglin_sausage_alt: com.google.gson.JsonSyntaxException: Unknown item 'nethersdelight:hoglin_loin'
[04Aug2026 17:25:02.095] [main/ERROR] [net.minecraft.world.item.crafting.RecipeManager/]: Parsing error loading recipe sullysmod:grindstone_polishing/gelogicexpansion/pink_polished_prismatic_stone_wall_from_pink_prismatic_stone_wall: com.google.gson.JsonSyntaxException: Invalid or unsupported recipe type 'sullysmod:grindstone_polishing'
[04Aug2026 17:25:02.101] [main/WARN] [com.mafuyu404.oneenoughitem.Oneenoughitem/]: ItemStackMixin: Replacement item is null for targetItemId: create_eternal_journey:weightless_sphere, original item: minecraft:elytra
[04Aug2026 17:25:02.109] [main/ERROR] [net.minecraft.world.item.crafting.RecipeManager/]: Parsing error loading recipe sullysmod:grindstone_polishing/galosphere/polished_pastel_pink_salt_from_pastel_pink_salt: com.google.gson.JsonSyntaxException: Invalid or unsupported recipe type 'sullysmod:grindstone_polishing'
[04Aug2026 17:25:02.114] [main/ERROR] [net.minecraft.world.item.crafting.RecipeManager/]: Parsing error loading recipe farmersdelight:cutting/galosphere/sterling_boots: com.google.gson.JsonSyntaxException: Unknown item 'galosphere:sterling_boots'
[04Aug2026 17:25:02.115] [main/ERROR] [net.minecraft.world.item.crafting.RecipeManager/]: Parsing error loading recipe jeed:sunbird_blessing: com.google.gson.JsonSyntaxException: Unknown item 'alexsmobs:spawn_egg_sunbird'
[04Aug2026 17:25:02.116] [main/ERROR] [net.minecraft.world.item.crafting.RecipeManager/]: Parsing error loading recipe jeed:soulform: com.google.gson.JsonSyntaxException: Unknown item 'theinkarena:soul_power_scroll'
[04Aug2026 17:25:02.121] [main/WARN] [com.mafuyu404.oneenoughitem.Oneenoughitem/]: ItemStackMixin: Replacement item is null for targetItemId: create_eternal_journey:weightless_sphere, original item: minecraft:elytra
[04Aug2026 17:25:02.132] [main/WARN] [com.mafuyu404.oneenoughitem.Oneenoughitem/]: ItemStackMixin: Replacement item is null for targetItemId: create_eternal_journey:weightless_sphere, original item: minecraft:elytra
[04Aug2026 17:25:02.141] [main/WARN] [com.mafuyu404.oneenoughitem.Oneenoughitem/]: ItemStackMixin: Replacement item is null for targetItemId: create_eternal_journey:weightless_sphere, original item: minecraft:elytra
[04Aug2026 17:25:02.151] [main/WARN] [com.mafuyu404.oneenoughitem.Oneenoughitem/]: ItemStackMixin: Replacement item is null for targetItemId: create_eternal_journey:weightless_sphere, original item: minecraft:elytra
[04Aug2026 17:25:02.155] [main/ERROR] [net.minecraft.world.item.crafting.RecipeManager/]: Parsing error loading recipe farmersdelight:cutting/aromatic/cinnamon_wood: com.google.gson.JsonSyntaxException: Unknown item 'aromatic:cinnamon_wood'
[04Aug2026 17:25:02.156] [main/INFO] [net.minecraft.world.item.crafting.RecipeManager/]: Skipping loading recipe endergetic:poise_ladder as it's serializer returned null
[04Aug2026 17:25:02.156] [main/INFO] [net.minecraft.world.item.crafting.RecipeManager/]: Skipping loading recipe endergetic:poise_door_from_poise_stems_sawing as it's serializer returned null
[04Aug2026 17:25:02.156] [main/ERROR] [net.minecraft.world.item.crafting.RecipeManager/]: Parsing error loading recipe sullysmod:grindstone_polishing/gelogicexpansion/black_polished_prismatic_stone_stairs_from_black_prismatic_stone_stairs: com.google.gson.JsonSyntaxException: Invalid or unsupported recipe type 'sullysmod:grindstone_polishing'
[04Aug2026 17:25:02.157] [main/WARN] [com.simibubi.create.Create/]: Your custom createaddition:rolling/copper_ingot recipe (createaddition:rolling/copper_ingot) specified a duration. Durations have no impact on this type of recipe.
[04Aug2026 17:25:02.157] [main/ERROR] [net.minecraft.world.item.crafting.RecipeManager/]: Parsing error loading recipe sullysmod:grindstone_polishing/twigs/polished_tuff_stairs_from_tuff_stairs: com.google.gson.JsonSyntaxException: Invalid or unsupported recipe type 'sullysmod:grindstone_polishing'
[04Aug2026 17:25:02.159] [main/ERROR] [net.minecraft.world.item.crafting.RecipeManager/]: Parsing error loading recipe sullysmod:grindstone_polishing/netherdungeons/polished_ominous_quartz_from_ominous_quartz: com.google.gson.JsonSyntaxException: Invalid or unsupported recipe type 'sullysmod:grindstone_polishing'
[04Aug2026 17:25:02.162] [main/ERROR] [net.minecraft.world.item.crafting.RecipeManager/]: Parsing error loading recipe extra_compat:cloggrum_club: com.google.gson.JsonSyntaxException: Unknown item 'undergarden:cloggrum_ingot'
[04Aug2026 17:25:02.162] [main/ERROR] [net.minecraft.world.item.crafting.RecipeManager/]: Parsing error loading recipe sullysmod:grindstone_polishing/gelogicexpansion/pink_polished_prismatic_stone_slab_from_pink_prismatic_stone_slab: com.google.gson.JsonSyntaxException: Invalid or unsupported recipe type 'sullysmod:grindstone_polishing'
[04Aug2026 17:25:02.163] [main/ERROR] [net.minecraft.world.item.crafting.RecipeManager/]: Parsing error loading recipe sullysmod:grindstone_polishing/gelogicexpansion/green_polished_prismatic_stone_wall_from_green_prismatic_stone_wall: com.google.gson.JsonSyntaxException: Invalid or unsupported recipe type 'sullysmod:grindstone_polishing'
[04Aug2026 17:25:02.166] [main/ERROR] [net.minecraft.world.item.crafting.RecipeManager/]: Parsing error loading recipe farmersdelight:cutting/galosphere/sterling_leggings: com.google.gson.JsonSyntaxException: Unknown item 'galosphere:sterling_leggings'
[04Aug2026 17:25:02.167] [main/ERROR] [net.minecraft.world.item.crafting.RecipeManager/]: Parsing error loading recipe farmersdelight:cutting/conjurer_illager/conjurer_hat: com.google.gson.JsonSyntaxException: Unknown item 'conjurer_illager:conjurer_hat'
[04Aug2026 17:25:02.171] [main/WARN] [com.mafuyu404.oneenoughitem.Oneenoughitem/]: ItemStackMixin: Replacement item is null for targetItemId: create_eternal_journey:weightless_sphere, original item: minecraft:elytra
[04Aug2026 17:25:02.176] [main/ERROR] [net.minecraft.world.item.crafting.RecipeManager/]: Parsing error loading recipe jeed:stunning: com.google.gson.JsonSyntaxException: Unknown item 'oreganized:lead_ingot'
[04Aug2026 17:25:02.177] [main/ERROR] [net.minecraft.world.item.crafting.RecipeManager/]: Parsing error loading recipe autumnity:wallpapers/light_gray_wallpaper_roll: com.google.gson.JsonSyntaxException: Unknown item 'wallpapers:light_gray_wallpaper_roll'
[04Aug2026 17:25:02.177] [main/ERROR] [net.minecraft.world.item.crafting.RecipeManager/]: Parsing error loading recipe jeed:fear: com.google.gson.JsonSyntaxException: Unknown item 'alexsmobs:spawn_egg_tiger'
[04Aug2026 17:25:02.181] [main/WARN] [com.mafuyu404.oneenoughitem.Oneenoughitem/]: ItemStackMixin: Replacement item is null for targetItemId: create_eternal_journey:weightless_sphere, original item: minecraft:elytra
[04Aug2026 17:25:02.191] [main/WARN] [com.mafuyu404.oneenoughitem.Oneenoughitem/]: ItemStackMixin: Replacement item is null for targetItemId: create_eternal_journey:weightless_sphere, original item: minecraft:elytra
[04Aug2026 17:25:02.197] [main/INFO] [net.minecraft.world.item.crafting.RecipeManager/]: Skipping loading recipe endergetic:poise_boards_from_poise_planks_sawing as it's serializer returned null
[04Aug2026 17:25:02.198] [main/ERROR] [net.minecraft.world.item.crafting.RecipeManager/]: Parsing error loading recipe sullysmod:grindstone_polishing/gelogicexpansion/orange_polished_prismatic_stone_wall_from_orange_prismatic_stone_wall: com.google.gson.JsonSyntaxException: Invalid or unsupported recipe type 'sullysmod:grindstone_polishing'
[04Aug2026 17:25:02.202] [main/WARN] [com.mafuyu404.oneenoughitem.Oneenoughitem/]: ItemStackMixin: Replacement item is null for targetItemId: create_eternal_journey:weightless_sphere, original item: minecraft:elytra
[04Aug2026 17:25:02.207] [main/ERROR] [net.minecraft.world.item.crafting.RecipeManager/]: Parsing error loading recipe extra_compat:cooked_chevon_chop: com.google.gson.JsonSyntaxException: Unknown item 'extra_compat:chevon_chop'
[04Aug2026 17:25:02.211] [main/WARN] [com.mafuyu404.oneenoughitem.Oneenoughitem/]: ItemStackMixin: Replacement item is null for targetItemId: create_eternal_journey:weightless_sphere, original item: minecraft:elytra
[04Aug2026 17:25:02.215] [main/ERROR] [net.minecraft.world.item.crafting.RecipeManager/]: Parsing error loading recipe farmersdelight:cutting/wilderness/overgrown_birch_log: com.google.gson.JsonSyntaxException: Unknown item 'wilderness:overgrown_birch_log'
[04Aug2026 17:25:02.219] [main/WARN] [com.mafuyu404.oneenoughitem.Oneenoughitem/]: ItemStackMixin: Replacement item is null for targetItemId: create_eternal_journey:weightless_sphere, original item: minecraft:elytra
[04Aug2026 17:25:02.224] [main/ERROR] [net.minecraft.world.item.crafting.RecipeManager/]: Parsing error loading recipe extra_compat:cloggrum_dagger: com.google.gson.JsonSyntaxException: Unknown item 'undergarden:cloggrum_ingot'
[04Aug2026 17:25:02.224] [main/ERROR] [net.minecraft.world.item.crafting.RecipeManager/]: Parsing error loading recipe farmersdelight:cutting/goated/cooked_chevon: com.google.gson.JsonSyntaxException: Unknown item 'goated:cooked_chevon'
[04Aug2026 17:25:02.225] [main/ERROR] [net.minecraft.world.item.crafting.RecipeManager/]: Parsing error loading recipe sullysmod:grindstone_polishing/gelogicexpansion/red_polished_prismatic_stone_stairs_from_red_prismatic_stone_stairs: com.google.gson.JsonSyntaxException: Invalid or unsupported recipe type 'sullysmod:grindstone_polishing'
[04Aug2026 17:25:02.226] [main/ERROR] [net.minecraft.world.item.crafting.RecipeManager/]: Parsing error loading recipe sullysmod:grindstone_polishing/galosphere/polished_rose_pink_salt_wall_from_rose_pink_salt_wall: com.google.gson.JsonSyntaxException: Invalid or unsupported recipe type 'sullysmod:grindstone_polishing'
[04Aug2026 17:25:02.226] [main/INFO] [net.minecraft.world.item.crafting.RecipeManager/]: Skipping loading recipe create_connected:crafting/palettes/copycat_fence_gate as it's serializer returned null
[04Aug2026 17:25:02.226] [main/ERROR] [net.minecraft.world.item.crafting.RecipeManager/]: Parsing error loading recipe sullysmod:grindstone_polishing/galosphere/polished_pink_salt_stairs_from_pink_salt_stairs: com.google.gson.JsonSyntaxException: Invalid or unsupported recipe type 'sullysmod:grindstone_polishing'
[04Aug2026 17:25:02.229] [main/INFO] [net.minecraft.world.item.crafting.RecipeManager/]: Skipping loading recipe endergetic:large_poise_boat as it's serializer returned null
[04Aug2026 17:25:02.230] [main/ERROR] [net.minecraft.world.item.crafting.RecipeManager/]: Parsing error loading recipe sullysmod:grindstone_polishing/gelogicexpansion/polished_limestone_wall_from_limestone_wall: com.google.gson.JsonSyntaxException: Invalid or unsupported recipe type 'sullysmod:grindstone_polishing'
[04Aug2026 17:25:02.234] [main/WARN] [com.mafuyu404.oneenoughitem.Oneenoughitem/]: ItemStackMixin: Replacement item is null for targetItemId: create_eternal_journey:weightless_sphere, original item: minecraft:elytra
[04Aug2026 17:25:02.239] [main/ERROR] [net.minecraft.world.item.crafting.RecipeManager/]: Parsing error loading recipe sullysmod:grindstone_polishing/gelogicexpansion/purple_polished_prismatic_stone_slab_from_purple_prismatic_stone_slab: com.google.gson.JsonSyntaxException: Invalid or unsupported recipe type 'sullysmod:grindstone_polishing'
[04Aug2026 17:25:02.240] [main/ERROR] [net.minecraft.world.item.crafting.RecipeManager/]: Parsing error loading recipe sullysmod:grindstone_polishing/galosphere/polished_pink_salt_wall_from_pink_salt_wall: com.google.gson.JsonSyntaxException: Invalid or unsupported recipe type 'sullysmod:grindstone_polishing'
[04Aug2026 17:25:02.240] [main/ERROR] [net.minecraft.world.item.crafting.RecipeManager/]: Parsing error loading recipe extra_compat:tortoise_egg_crate: com.google.gson.JsonSyntaxException: Unknown item 'sullysmod:tortoise_egg'
[04Aug2026 17:25:02.244] [main/WARN] [com.mafuyu404.oneenoughitem.Oneenoughitem/]: ItemStackMixin: Replacement item is null for targetItemId: create_eternal_journey:weightless_sphere, original item: minecraft:elytra
[04Aug2026 17:25:02.252] [main/WARN] [com.mafuyu404.oneenoughitem.Oneenoughitem/]: ItemStackMixin: Replacement item is null for targetItemId: create_eternal_journey:weightless_sphere, original item: minecraft:elytra
[04Aug2026 17:25:02.256] [main/INFO] [net.minecraft.world.item.crafting.RecipeManager/]: Skipping loading recipe endergetic:poise_ladder_from_poise_planks_sawing as it's serializer returned null
[04Aug2026 17:25:02.259] [main/ERROR] [net.minecraft.world.item.crafting.RecipeManager/]: Parsing error loading recipe sullysmod:grindstone_polishing/gelogicexpansion/gray_polished_prismatic_stone_from_gray_prismatic_stone: com.google.gson.JsonSyntaxException: Invalid or unsupported recipe type 'sullysmod:grindstone_polishing'
[04Aug2026 17:25:02.259] [main/INFO] [net.minecraft.world.item.crafting.RecipeManager/]: Skipping loading recipe endergetic:poise_ladder_from_poise_stems_sawing as it's serializer returned null
[04Aug2026 17:25:02.260] [main/INFO] [net.minecraft.world.item.crafting.RecipeManager/]: Skipping loading recipe endergetic:poise_chest as it's serializer returned null
[04Aug2026 17:25:02.260] [main/ERROR] [net.minecraft.world.item.crafting.RecipeManager/]: Parsing error loading recipe sullysmod:grindstone_polishing/gelogicexpansion/pink_polished_prismatic_stone_stairs_from_pink_prismatic_stone_stairs: com.google.gson.JsonSyntaxException: Invalid or unsupported recipe type 'sullysmod:grindstone_polishing'
[04Aug2026 17:25:02.262] [main/ERROR] [net.minecraft.world.item.crafting.RecipeManager/]: Parsing error loading recipe createfisheryindustry:peeling/deadrock_powder_from_deadrock: com.google.gson.JsonSyntaxException: Unknown item 'twilightforest:cracked_deadrock'
[04Aug2026 17:25:02.262] [main/ERROR] [net.minecraft.world.item.crafting.RecipeManager/]: Parsing error loading recipe jeed:speed: com.google.gson.JsonSyntaxException: Unknown item 'goated:barbaric_helmet'
[04Aug2026 17:25:02.263] [main/ERROR] [net.minecraft.world.item.crafting.RecipeManager/]: Parsing error loading recipe sullysmod:grindstone_polishing/gelogicexpansion/black_polished_prismatic_stone_wall_from_black_prismatic_stone_wall: com.google.gson.JsonSyntaxException: Invalid or unsupported recipe type 'sullysmod:grindstone_polishing'
[04Aug2026 17:25:02.264] [main/INFO] [net.minecraft.world.item.crafting.RecipeManager/]: Skipping loading recipe create_connected:crafting/palettes/copycat_slab_from_steps as it's serializer returned null
[04Aug2026 17:25:02.264] [main/ERROR] [net.minecraft.world.item.crafting.RecipeManager/]: Parsing error loading recipe sullysmod:grindstone_polishing/netherdungeons/polished_ominous_quartz_stairs_from_ominous_quartz_stairs: com.google.gson.JsonSyntaxException: Invalid or unsupported recipe type 'sullysmod:grindstone_polishing'
[04Aug2026 17:25:02.265] [main/ERROR] [net.minecraft.world.item.crafting.RecipeManager/]: Parsing error loading recipe sullysmod:grindstone_polishing/gelogicexpansion/polished_prismatic_stone_slab_from_prismatic_stone_slab: com.google.gson.JsonSyntaxException: Invalid or unsupported recipe type 'sullysmod:grindstone_polishing'
[04Aug2026 17:25:02.266] [main/ERROR] [net.minecraft.world.item.crafting.RecipeManager/]: Parsing error loading recipe farmersdelight:cutting/habitat/yellow_anthurium: com.google.gson.JsonSyntaxException: Unknown item 'habitat:yellow_anthurium'
[04Aug2026 17:25:02.267] [main/ERROR] [net.minecraft.world.item.crafting.RecipeManager/]: Parsing error loading recipe farmersdelight:cutting/habitat/white_anthurium: com.google.gson.JsonSyntaxException: Unknown item 'habitat:white_anthurium'
[04Aug2026 17:25:02.268] [main/ERROR] [net.minecraft.world.item.crafting.RecipeManager/]: Parsing error loading recipe sullysmod:grindstone_polishing/gelogicexpansion/polished_limestone_slab_from_limestone_slab: com.google.gson.JsonSyntaxException: Invalid or unsupported recipe type 'sullysmod:grindstone_polishing'
[04Aug2026 17:25:02.269] [main/ERROR] [net.minecraft.world.item.crafting.RecipeManager/]: Parsing error loading recipe autumnity:wallpapers/cyan_wallpaper_roll: com.google.gson.JsonSyntaxException: Unknown item 'wallpapers:cyan_wallpaper_roll'
[04Aug2026 17:25:02.271] [main/ERROR] [net.minecraft.world.item.crafting.RecipeManager/]: Parsing error loading recipe sullysmod:grindstone_polishing/gelogicexpansion/light_blue_polished_prismatic_stone_wall_from_light_blue_prismatic_stone_wall: com.google.gson.JsonSyntaxException: Invalid or unsupported recipe type 'sullysmod:grindstone_polishing'
[04Aug2026 17:25:02.272] [main/INFO] [net.minecraft.world.item.crafting.RecipeManager/]: Skipping loading recipe endergetic:poise_button_from_poise_stems_sawing as it's serializer returned null
[04Aug2026 17:25:02.273] [main/INFO] [net.minecraft.world.item.crafting.RecipeManager/]: Skipping loading recipe create_connected:crafting/palettes/copycat_beam as it's serializer returned null
[04Aug2026 17:25:02.273] [main/ERROR] [net.minecraft.world.item.crafting.RecipeManager/]: Parsing error loading recipe sullysmod:grindstone_polishing/gelogicexpansion/lime_polished_prismatic_stone_slab_from_lime_prismatic_stone_slab: com.google.gson.JsonSyntaxException: Invalid or unsupported recipe type 'sullysmod:grindstone_polishing'
[04Aug2026 17:25:02.279] [main/WARN] [com.mafuyu404.oneenoughitem.Oneenoughitem/]: ItemStackMixin: Replacement item is null for targetItemId: create_eternal_journey:weightless_sphere, original item: minecraft:elytra
[04Aug2026 17:25:02.289] [main/ERROR] [net.minecraft.world.item.crafting.RecipeManager/]: Parsing error loading recipe farmersdelight:cutting/wilderness/overgrown_spruce_wood: com.google.gson.JsonSyntaxException: Unknown item 'wilderness:overgrown_spruce_wood'
[04Aug2026 17:25:02.294] [main/WARN] [com.mafuyu404.oneenoughitem.Oneenoughitem/]: ItemStackMixin: Replacement item is null for targetItemId: create_eternal_journey:weightless_sphere, original item: minecraft:elytra
[04Aug2026 17:25:02.304] [main/ERROR] [net.minecraft.world.item.crafting.RecipeManager/]: Parsing error loading recipe autumnity:wallpapers/purple_wallpaper_roll: com.google.gson.JsonSyntaxException: Unknown item 'wallpapers:purple_wallpaper_roll'
[04Aug2026 17:25:02.309] [main/WARN] [com.mafuyu404.oneenoughitem.Oneenoughitem/]: ItemStackMixin: Replacement item is null for targetItemId: create_eternal_journey:weightless_sphere, original item: minecraft:elytra
[04Aug2026 17:25:02.320] [main/WARN] [com.mafuyu404.oneenoughitem.Oneenoughitem/]: ItemStackMixin: Replacement item is null for targetItemId: create_eternal_journey:weightless_sphere, original item: minecraft:elytra
[04Aug2026 17:25:02.326] [main/INFO] [net.minecraft.world.item.crafting.RecipeManager/]: Skipping loading recipe endergetic:poise_trapdoor_from_poise_stems_sawing as it's serializer returned null
[04Aug2026 17:25:02.332] [main/WARN] [com.mafuyu404.oneenoughitem.Oneenoughitem/]: ItemStackMixin: Replacement item is null for targetItemId: create_eternal_journey:weightless_sphere, original item: minecraft:elytra
[04Aug2026 17:25:02.339] [main/ERROR] [net.minecraft.world.item.crafting.RecipeManager/]: Parsing error loading recipe create:sandpaper_polishing/biomes_o_plenty_rose_quartz_chunk: com.google.gson.JsonSyntaxException: Unknown item 'biomesoplenty:rose_quartz_chunk'
[04Aug2026 17:25:02.340] [main/ERROR] [net.minecraft.world.item.crafting.RecipeManager/]: Parsing error loading recipe farmersdelight:cutting/galosphere/sterling_chestplate: com.google.gson.JsonSyntaxException: Unknown item 'galosphere:sterling_chestplate'
[04Aug2026 17:25:02.344] [main/WARN] [com.mafuyu404.oneenoughitem.Oneenoughitem/]: ItemStackMixin: Replacement item is null for targetItemId: create_eternal_journey:weightless_sphere, original item: minecraft:elytra
[04Aug2026 17:25:02.355] [main/WARN] [com.mafuyu404.oneenoughitem.Oneenoughitem/]: ItemStackMixin: Replacement item is null for targetItemId: create_eternal_journey:weightless_sphere, original item: minecraft:elytra
[04Aug2026 17:25:02.366] [main/WARN] [com.mafuyu404.oneenoughitem.Oneenoughitem/]: ItemStackMixin: Replacement item is null for targetItemId: create_eternal_journey:weightless_sphere, original item: minecraft:elytra
[04Aug2026 17:25:02.376] [main/WARN] [com.mafuyu404.oneenoughitem.Oneenoughitem/]: ItemStackMixin: Replacement item is null for targetItemId: create_eternal_journey:weightless_sphere, original item: minecraft:elytra
[04Aug2026 17:25:02.382] [main/INFO] [net.minecraft.world.item.crafting.RecipeManager/]: Skipping loading recipe create_connected:crafting/palettes/copycat_wall as it's serializer returned null
[04Aug2026 17:25:02.382] [main/INFO] [net.minecraft.world.item.crafting.RecipeManager/]: Skipping loading recipe endergetic:poise_planks_from_poise_stems_sawing as it's serializer returned null
[04Aug2026 17:25:02.383] [main/ERROR] [net.minecraft.world.item.crafting.RecipeManager/]: Parsing error loading recipe extra_compat:forgotten_dagger_smithing: com.google.gson.JsonSyntaxException: Unknown item 'undergarden:forgotten_upgrade_smithing_template'
[04Aug2026 17:25:02.385] [main/ERROR] [net.minecraft.world.item.crafting.RecipeManager/]: Parsing error loading recipe rainbowreef:milk_bottle_goby_gummy: com.google.gson.JsonSyntaxException: Unknown item 'rainbowreef:raw_goby'
[04Aug2026 17:25:02.385] [main/ERROR] [net.minecraft.world.item.crafting.RecipeManager/]: Parsing error loading recipe extra_compat:cloggrum_gloves: com.google.gson.JsonSyntaxException: Unknown item 'undergarden:cloggrum_ingot'
[04Aug2026 17:25:02.385] [main/WARN] [com.simibubi.create.Create/]: Your custom createaddition:rolling/electrum_plate recipe (createaddition:rolling/electrum_plate) specified a duration. Durations have no impact on this type of recipe.
[04Aug2026 17:25:02.390] [main/WARN] [com.mafuyu404.oneenoughitem.Oneenoughitem/]: ItemStackMixin: Replacement item is null for targetItemId: create_eternal_journey:weightless_sphere, original item: minecraft:elytra
[04Aug2026 17:25:02.397] [main/ERROR] [net.minecraft.world.item.crafting.RecipeManager/]: Parsing error loading recipe sullysmod:grindstone_polishing/gelogicexpansion/black_polished_prismatic_stone_from_black_prismatic_stone: com.google.gson.JsonSyntaxException: Invalid or unsupported recipe type 'sullysmod:grindstone_polishing'
[04Aug2026 17:25:02.402] [main/WARN] [com.mafuyu404.oneenoughitem.Oneenoughitem/]: ItemStackMixin: Replacement item is null for targetItemId: create_eternal_journey:weightless_sphere, original item: minecraft:elytra
[04Aug2026 17:25:02.408] [main/ERROR] [net.minecraft.world.item.crafting.RecipeManager/]: Parsing error loading recipe extra_compat:forgotten_hammer_smithing: com.google.gson.JsonSyntaxException: Unknown item 'undergarden:forgotten_upgrade_smithing_template'
[04Aug2026 17:25:02.409] [main/ERROR] [net.minecraft.world.item.crafting.RecipeManager/]: Parsing error loading recipe supplementaries:twigs/clean_flowered_paper_lanterns: com.google.gson.JsonSyntaxException: Unknown item 'twigs:paper_lantern'
[04Aug2026 17:25:02.409] [main/ERROR] [net.minecraft.world.item.crafting.RecipeManager/]: Parsing error loading recipe autumnity:wallpapers/orange_wallpaper_roll: com.google.gson.JsonSyntaxException: Unknown item 'wallpapers:orange_wallpaper_roll'
[04Aug2026 17:25:02.413] [main/WARN] [com.mafuyu404.oneenoughitem.Oneenoughitem/]: ItemStackMixin: Replacement item is null for targetItemId: create_eternal_journey:weightless_sphere, original item: minecraft:elytra
[04Aug2026 17:25:02.420] [main/ERROR] [net.minecraft.world.item.crafting.RecipeManager/]: Parsing error loading recipe extra_compat:cloggrum_quarterstaff: com.google.gson.JsonSyntaxException: Unknown item 'undergarden:cloggrum_ingot'
[04Aug2026 17:25:02.421] [main/WARN] [com.mafuyu404.oneenoughitem.Oneenoughitem/]: ItemStackMixin: Replacement item is null for targetItemId: create_eternal_journey:weightless_sphere, original item: minecraft:elytra
[04Aug2026 17:25:02.427] [main/WARN] [com.mafuyu404.oneenoughitem.Oneenoughitem/]: ItemStackMixin: Replacement item is null for targetItemId: create_eternal_journey:weightless_sphere, original item: minecraft:elytra
[04Aug2026 17:25:02.437] [main/ERROR] [net.minecraft.world.item.crafting.RecipeManager/]: Parsing error loading recipe extra_compat:forgotten_quarterstaff_smithing: com.google.gson.JsonSyntaxException: Unknown item 'undergarden:forgotten_upgrade_smithing_template'
[04Aug2026 17:25:02.438] [main/ERROR] [net.minecraft.world.item.crafting.RecipeManager/]: Parsing error loading recipe autumnity:wallpapers/white_wallpaper_roll: com.google.gson.JsonSyntaxException: Unknown item 'wallpapers:white_wallpaper_roll'
[04Aug2026 17:25:02.445] [main/WARN] [com.mafuyu404.oneenoughitem.Oneenoughitem/]: ItemStackMixin: Replacement item is null for targetItemId: create_eternal_journey:weightless_sphere, original item: minecraft:elytra
[04Aug2026 17:25:02.465] [main/WARN] [com.mafuyu404.oneenoughitem.Oneenoughitem/]: ItemStackMixin: Replacement item is null for targetItemId: create_eternal_journey:weightless_sphere, original item: minecraft:elytra
[04Aug2026 17:25:02.481] [main/WARN] [com.mafuyu404.oneenoughitem.Oneenoughitem/]: ItemStackMixin: Replacement item is null for targetItemId: create_eternal_journey:weightless_sphere, original item: minecraft:elytra
[04Aug2026 17:25:02.490] [main/ERROR] [net.minecraft.world.item.crafting.RecipeManager/]: Parsing error loading recipe createfisheryindustry:peeling/deadrock_powder_from_cracked: com.google.gson.JsonSyntaxException: Unknown item 'twilightforest:deadrock'
[04Aug2026 17:25:02.491] [main/ERROR] [net.minecraft.world.item.crafting.RecipeManager/]: Parsing error loading recipe sullysmod:grindstone_polishing/gelogicexpansion/gray_polished_prismatic_stone_stairs_from_gray_prismatic_stone_stairs: com.google.gson.JsonSyntaxException: Invalid or unsupported recipe type 'sullysmod:grindstone_polishing'
[04Aug2026 17:25:02.500] [main/WARN] [com.mafuyu404.oneenoughitem.Oneenoughitem/]: ItemStackMixin: Replacement item is null for targetItemId: create_eternal_journey:weightless_sphere, original item: minecraft:elytra
[04Aug2026 17:25:02.519] [main/WARN] [com.mafuyu404.oneenoughitem.Oneenoughitem/]: ItemStackMixin: Replacement item is null for targetItemId: create_eternal_journey:weightless_sphere, original item: minecraft:elytra
[04Aug2026 17:25:02.527] [main/ERROR] [net.minecraft.world.item.crafting.RecipeManager/]: Parsing error loading recipe farmersdelight:cutting/galosphere/lumiere_block: com.google.gson.JsonSyntaxException: Unknown item 'galosphere:lumiere_block'
[04Aug2026 17:25:02.528] [main/ERROR] [net.minecraft.world.item.crafting.RecipeManager/]: Parsing error loading recipe extra_compat:utherium_hammer: com.google.gson.JsonSyntaxException: Unknown item 'undergarden:utherium_crystal'
[04Aug2026 17:25:02.529] [main/ERROR] [net.minecraft.world.item.crafting.RecipeManager/]: Parsing error loading recipe sullysmod:grindstone_polishing/twigs/polished_calcite_from_calcite: com.google.gson.JsonSyntaxException: Invalid or unsupported recipe type 'sullysmod:grindstone_polishing'
[04Aug2026 17:25:02.529] [main/ERROR] [net.minecraft.world.item.crafting.RecipeManager/]: Parsing error loading recipe extra_compat:froststeel_spear: com.google.gson.JsonSyntaxException: Unknown item 'undergarden:froststeel_ingot'
[04Aug2026 17:25:02.530] [main/INFO] [net.minecraft.world.item.crafting.RecipeManager/]: Skipping loading recipe supplementaries:inspirations/flag_clear as it's serializer returned null
[04Aug2026 17:25:02.534] [main/WARN] [com.mafuyu404.oneenoughitem.Oneenoughitem/]: ItemStackMixin: Replacement item is null for targetItemId: create_eternal_journey:weightless_sphere, original item: minecraft:elytra
[04Aug2026 17:25:02.544] [main/WARN] [com.mafuyu404.oneenoughitem.Oneenoughitem/]: ItemStackMixin: Replacement item is null for targetItemId: create_eternal_journey:weightless_sphere, original item: minecraft:elytra
[04Aug2026 17:25:02.549] [main/WARN] [com.mafuyu404.oneenoughitem.Oneenoughitem/]: ItemStackMixin: Replacement item is null for targetItemId: create_eternal_journey:weightless_sphere, original item: minecraft:elytra
[04Aug2026 17:25:02.554] [main/WARN] [com.mafuyu404.oneenoughitem.Oneenoughitem/]: ItemStackMixin: Replacement item is null for targetItemId: create_eternal_journey:weightless_sphere, original item: minecraft:elytra
[04Aug2026 17:25:02.559] [main/ERROR] [net.minecraft.world.item.crafting.RecipeManager/]: Parsing error loading recipe jeed:tigers_blessing: com.google.gson.JsonSyntaxException: Unknown item 'alexsmobs:spawn_egg_tiger'
[04Aug2026 17:25:02.563] [main/WARN] [com.mafuyu404.oneenoughitem.Oneenoughitem/]: ItemStackMixin: Replacement item is null for targetItemId: create_eternal_journey:weightless_sphere, original item: minecraft:elytra
[04Aug2026 17:25:02.569] [main/WARN] [com.simibubi.create.Create/]: Your custom createaddition:rolling/iron_plate recipe (createaddition:rolling/iron_plate) specified a duration. Durations have no impact on this type of recipe.
[04Aug2026 17:25:02.573] [main/WARN] [com.mafuyu404.oneenoughitem.Oneenoughitem/]: ItemStackMixin: Replacement item is null for targetItemId: create_eternal_journey:weightless_sphere, original item: minecraft:elytra
[04Aug2026 17:25:02.579] [main/ERROR] [net.minecraft.world.item.crafting.RecipeManager/]: Parsing error loading recipe jeed:orcas_might: com.google.gson.JsonSyntaxException: Unknown item 'alexsmobs:spawn_egg_orca'
[04Aug2026 17:25:02.580] [main/ERROR] [net.minecraft.world.item.crafting.RecipeManager/]: Parsing error loading recipe farmersdelight:cutting/wilderness/overgrown_birch_wood: com.google.gson.JsonSyntaxException: Unknown item 'wilderness:overgrown_birch_wood'
[04Aug2026 17:25:02.580] [main/ERROR] [net.minecraft.world.item.crafting.RecipeManager/]: Parsing error loading recipe extra_compat:cooked_chevon_chop_from_smoking: com.google.gson.JsonSyntaxException: Unknown item 'extra_compat:chevon_chop'
[04Aug2026 17:25:02.580] [main/ERROR] [net.minecraft.world.item.crafting.RecipeManager/]: Parsing error loading recipe extra_compat:froststeel_club: com.google.gson.JsonSyntaxException: Unknown item 'undergarden:froststeel_ingot'
[04Aug2026 17:25:02.581] [main/ERROR] [net.minecraft.world.item.crafting.RecipeManager/]: Parsing error loading recipe jeed:oiled: com.google.gson.JsonSyntaxException: Unknown item 'alexsmobs:fish_oil'
[04Aug2026 17:25:02.586] [main/WARN] [com.mafuyu404.oneenoughitem.Oneenoughitem/]: ItemStackMixin: Replacement item is null for targetItemId: create_eternal_journey:weightless_sphere, original item: minecraft:elytra
[04Aug2026 17:25:02.591] [main/INFO] [net.minecraft.world.item.crafting.RecipeManager/]: Skipping loading recipe endergetic:poise_boards_from_poise_stems_sawing as it's serializer returned null
[04Aug2026 17:25:02.592] [main/ERROR] [net.minecraft.world.item.crafting.RecipeManager/]: Parsing error loading recipe extra_compat:utherium_great_sword: com.google.gson.JsonSyntaxException: Unknown item 'undergarden:utherium_sword'
[04Aug2026 17:25:02.593] [main/ERROR] [net.minecraft.world.item.crafting.RecipeManager/]: Parsing error loading recipe seasonals:cooking/pumpkin_adzuki_stew: com.google.gson.JsonSyntaxException: Unknown item 'seasonals:pumpkin_puree'
[04Aug2026 17:25:02.598] [main/WARN] [com.mafuyu404.oneenoughitem.Oneenoughitem/]: ItemStackMixin: Replacement item is null for targetItemId: create_eternal_journey:weightless_sphere, original item: minecraft:elytra
[04Aug2026 17:25:02.604] [main/ERROR] [net.minecraft.world.item.crafting.RecipeManager/]: Parsing error loading recipe jeed:night_vision: com.google.gson.JsonSyntaxException: Unknown item 'enemyexpansion:phantasm_helmet'
[04Aug2026 17:25:02.605] [main/ERROR] [net.minecraft.world.item.crafting.RecipeManager/]: Parsing error loading recipe sullysmod:grindstone_polishing/gelogicexpansion/white_polished_prismatic_stone_slab_from_white_prismatic_stone_slab: com.google.gson.JsonSyntaxException: Invalid or unsupported recipe type 'sullysmod:grindstone_polishing'
[04Aug2026 17:25:02.605] [main/ERROR] [net.minecraft.world.item.crafting.RecipeManager/]: Parsing error loading recipe extra_compat:froststeel_dagger: com.google.gson.JsonSyntaxException: Unknown item 'undergarden:froststeel_ingot'
[04Aug2026 17:25:02.611] [main/WARN] [com.mafuyu404.oneenoughitem.Oneenoughitem/]: ItemStackMixin: Replacement item is null for targetItemId: create_eternal_journey:weightless_sphere, original item: minecraft:elytra
[04Aug2026 17:25:02.617] [main/ERROR] [net.minecraft.world.item.crafting.RecipeManager/]: Parsing error loading recipe autumnity:wallpapers/yellow_wallpaper_roll: com.google.gson.JsonSyntaxException: Unknown item 'wallpapers:yellow_wallpaper_roll'
[04Aug2026 17:25:02.621] [main/WARN] [com.mafuyu404.oneenoughitem.Oneenoughitem/]: ItemStackMixin: Replacement item is null for targetItemId: create_eternal_journey:weightless_sphere, original item: minecraft:elytra
[04Aug2026 17:25:02.629] [main/WARN] [com.mafuyu404.oneenoughitem.Oneenoughitem/]: ItemStackMixin: Replacement item is null for targetItemId: create_eternal_journey:weightless_sphere, original item: minecraft:elytra
[04Aug2026 17:25:02.634] [main/ERROR] [net.minecraft.world.item.crafting.RecipeManager/]: Parsing error loading recipe supplementaries:clayworks/ash_brick_from_baking: com.google.gson.JsonSyntaxException: Invalid or unsupported recipe type 'clayworks:baking'
[04Aug2026 17:25:02.635] [main/ERROR] [net.minecraft.world.item.crafting.RecipeManager/]: Parsing error loading recipe sullysmod:grindstone_polishing/gelogicexpansion/cyan_polished_prismatic_stone_stairs_from_cyan_prismatic_stone_stairs: com.google.gson.JsonSyntaxException: Invalid or unsupported recipe type 'sullysmod:grindstone_polishing'
[04Aug2026 17:25:02.641] [main/WARN] [com.mafuyu404.oneenoughitem.Oneenoughitem/]: ItemStackMixin: Replacement item is null for targetItemId: create_eternal_journey:weightless_sphere, original item: minecraft:elytra
[04Aug2026 17:25:02.645] [main/ERROR] [net.minecraft.world.item.crafting.RecipeManager/]: Parsing error loading recipe farmersdelight:cutting/wilderness/overgrown_spruce_log: com.google.gson.JsonSyntaxException: Unknown item 'wilderness:overgrown_spruce_log'
[04Aug2026 17:25:02.646] [main/ERROR] [net.minecraft.world.item.crafting.RecipeManager/]: Parsing error loading recipe jeed:jump_boost: com.google.gson.JsonSyntaxException: Unknown item 'enemyexpansion:phantasm_leggings'
[04Aug2026 17:25:02.646] [main/ERROR] [net.minecraft.world.item.crafting.RecipeManager/]: Parsing error loading recipe sullysmod:grindstone_polishing/gelogicexpansion/polished_prismatic_stone_from_prismatic_stone: com.google.gson.JsonSyntaxException: Invalid or unsupported recipe type 'sullysmod:grindstone_polishing'
[04Aug2026 17:25:02.647] [main/ERROR] [net.minecraft.world.item.crafting.RecipeManager/]: Parsing error loading recipe farmersdelight:cutting/buzzier_bees/white_clover: com.google.gson.JsonSyntaxException: Unknown item 'buzzier_bees:white_clover'
[04Aug2026 17:25:02.648] [main/ERROR] [net.minecraft.world.item.crafting.RecipeManager/]: Parsing error loading recipe sullysmod:grindstone_polishing/gelogicexpansion/lime_polished_prismatic_stone_from_lime_prismatic_stone: com.google.gson.JsonSyntaxException: Invalid or unsupported recipe type 'sullysmod:grindstone_polishing'
[04Aug2026 17:25:02.648] [main/ERROR] [net.minecraft.world.item.crafting.RecipeManager/]: Parsing error loading recipe extra_compat:forgotten_great_sword_smithing: com.google.gson.JsonSyntaxException: Unknown item 'undergarden:forgotten_upgrade_smithing_template'
[04Aug2026 17:25:02.649] [main/INFO] [net.minecraft.world.item.crafting.RecipeManager/]: Skipping loading recipe endergetic:poise_fence_from_poise_stems_sawing as it's serializer returned null
[04Aug2026 17:25:02.649] [main/ERROR] [net.minecraft.world.item.crafting.RecipeManager/]: Parsing error loading recipe alexsmobs:cooking/mosquito_repellent_stew: com.google.gson.JsonSyntaxException: Unknown item 'alexsmobs:triops_eggs'
[04Aug2026 17:25:02.650] [main/WARN] [com.simibubi.create.Create/]: Your custom createaddition:rolling/gold_plate recipe (createaddition:rolling/gold_plate) specified a duration. Durations have no impact on this type of recipe.
[04Aug2026 17:25:02.651] [main/ERROR] [net.minecraft.world.item.crafting.RecipeManager/]: Parsing error loading recipe jeed:earthquake: com.google.gson.JsonSyntaxException: Unknown item 'alexsmobs:spawn_egg_rocky_roller'
[04Aug2026 17:25:02.652] [main/INFO] [net.minecraft.world.item.crafting.RecipeManager/]: Skipping loading recipe endergetic:poise_stairs_from_poise_planks_sawing as it's serializer returned null
[04Aug2026 17:25:02.652] [main/ERROR] [net.minecraft.world.item.crafting.RecipeManager/]: Parsing error loading recipe culturaldelights:cutting/cut_cucumber: com.google.gson.JsonSyntaxException: Unknown item 'vintagedelight:cucumber'
[04Aug2026 17:25:02.657] [main/WARN] [com.mafuyu404.oneenoughitem.Oneenoughitem/]: ItemStackMixin: Replacement item is null for targetItemId: create_eternal_journey:weightless_sphere, original item: minecraft:elytra
[04Aug2026 17:25:02.667] [main/WARN] [com.mafuyu404.oneenoughitem.Oneenoughitem/]: ItemStackMixin: Replacement item is null for targetItemId: create_eternal_journey:weightless_sphere, original item: minecraft:elytra
[04Aug2026 17:25:02.674] [main/WARN] [com.mafuyu404.oneenoughitem.Oneenoughitem/]: ItemStackMixin: Replacement item is null for targetItemId: create_eternal_journey:weightless_sphere, original item: minecraft:elytra
[04Aug2026 17:25:02.679] [main/INFO] [net.minecraft.world.item.crafting.RecipeManager/]: Skipping loading recipe endergetic:cracked_end_stone_bricks_from_baking as it's serializer returned null
[04Aug2026 17:25:02.679] [main/ERROR] [net.minecraft.world.item.crafting.RecipeManager/]: Parsing error loading recipe sullysmod:grindstone_polishing/gelogicexpansion/orange_polished_prismatic_stone_stairs_from_orange_prismatic_stone_stairs: com.google.gson.JsonSyntaxException: Invalid or unsupported recipe type 'sullysmod:grindstone_polishing'
[04Aug2026 17:25:02.680] [main/ERROR] [net.minecraft.world.item.crafting.RecipeManager/]: Parsing error loading recipe extra_compat:utherium_great_axe: com.google.gson.JsonSyntaxException: Unknown item 'undergarden:utherium_axe'
[04Aug2026 17:25:02.682] [main/ERROR] [net.minecraft.world.item.crafting.RecipeManager/]: Parsing error loading recipe extra_compat:utherium_club: com.google.gson.JsonSyntaxException: Unknown item 'undergarden:utherium_crystal'
[04Aug2026 17:25:02.685] [main/WARN] [com.mafuyu404.oneenoughitem.Oneenoughitem/]: ItemStackMixin: Replacement item is null for targetItemId: create_eternal_journey:weightless_sphere, original item: minecraft:elytra
[04Aug2026 17:25:02.692] [main/WARN] [com.simibubi.create.Create/]: Your custom createaddition:rolling/electrum_ingot recipe (createaddition:rolling/electrum_ingot) specified a duration. Durations have no impact on this type of recipe.
[04Aug2026 17:25:02.695] [main/ERROR] [net.minecraft.world.item.crafting.RecipeManager/]: Parsing error loading recipe farmersdelight:cutting/twigs/silt_bricks: com.google.gson.JsonSyntaxException: Unknown item 'twigs:silt_bricks'
[04Aug2026 17:25:02.696] [main/ERROR] [net.minecraft.world.item.crafting.RecipeManager/]: Parsing error loading recipe sullysmod:grindstone_polishing/gelogicexpansion/black_polished_prismatic_stone_slab_from_black_prismatic_stone_slab: com.google.gson.JsonSyntaxException: Invalid or unsupported recipe type 'sullysmod:grindstone_polishing'
[04Aug2026 17:25:02.696] [main/ERROR] [net.minecraft.world.item.crafting.RecipeManager/]: Parsing error loading recipe jeed:fleet_footed: com.google.gson.JsonSyntaxException: Unknown item 'alexsmobs:spawn_egg_jerboa'
[04Aug2026 17:25:02.698] [main/INFO] [net.minecraft.world.item.crafting.RecipeManager/]: Skipping loading recipe supplementaries:inspirations/blackboard_clear as it's serializer returned null
[04Aug2026 17:25:02.701] [main/WARN] [com.mafuyu404.oneenoughitem.Oneenoughitem/]: ItemStackMixin: Replacement item is null for targetItemId: create_eternal_journey:weightless_sphere, original item: minecraft:elytra
[04Aug2026 17:25:02.708] [main/ERROR] [net.minecraft.world.item.crafting.RecipeManager/]: Parsing error loading recipe sullysmod:grindstone_polishing/gelogicexpansion/red_polished_prismatic_stone_from_red_prismatic_stone: com.google.gson.JsonSyntaxException: Invalid or unsupported recipe type 'sullysmod:grindstone_polishing'
[04Aug2026 17:25:02.708] [main/ERROR] [net.minecraft.world.item.crafting.RecipeManager/]: Parsing error loading recipe sullysmod:grindstone_polishing/twigs/polished_calcite_slab_from_calcite_slab: com.google.gson.JsonSyntaxException: Invalid or unsupported recipe type 'sullysmod:grindstone_polishing'
[04Aug2026 17:25:02.710] [main/ERROR] [net.minecraft.world.item.crafting.RecipeManager/]: Parsing error loading recipe alexscaves:cooking/seething_stew: com.google.gson.JsonSyntaxException: Unknown item 'alexscaves:dinosaur_chop'
[04Aug2026 17:25:02.711] [main/ERROR] [net.minecraft.world.item.crafting.RecipeManager/]: Parsing error loading recipe sullysmod:grindstone_polishing/gelogicexpansion/magenta_polished_prismatic_stone_from_magenta_prismatic_stone: com.google.gson.JsonSyntaxException: Invalid or unsupported recipe type 'sullysmod:grindstone_polishing'
[04Aug2026 17:25:02.711] [main/ERROR] [net.minecraft.world.item.crafting.RecipeManager/]: Parsing error loading recipe sullysmod:grindstone_polishing/gelogicexpansion/blue_polished_prismatic_stone_wall_from_blue_prismatic_stone_wall: com.google.gson.JsonSyntaxException: Invalid or unsupported recipe type 'sullysmod:grindstone_polishing'
[04Aug2026 17:25:02.711] [main/ERROR] [net.minecraft.world.item.crafting.RecipeManager/]: Parsing error loading recipe alexscaves:cooking/vesper_stew: com.google.gson.JsonSyntaxException: Unknown item 'alexscaves:vesper_wing'
[04Aug2026 17:25:02.713] [main/ERROR] [net.minecraft.world.item.crafting.RecipeManager/]: Parsing error loading recipe autumnity:wallpapers/pink_wallpaper_roll: com.google.gson.JsonSyntaxException: Unknown item 'wallpapers:pink_wallpaper_roll'
[04Aug2026 17:25:02.718] [main/WARN] [com.mafuyu404.oneenoughitem.Oneenoughitem/]: ItemStackMixin: Replacement item is null for targetItemId: create_eternal_journey:weightless_sphere, original item: minecraft:elytra
[04Aug2026 17:25:02.725] [main/ERROR] [net.minecraft.world.item.crafting.RecipeManager/]: Parsing error loading recipe extra_compat:froststeel_gloves: com.google.gson.JsonSyntaxException: Unknown item 'undergarden:froststeel_ingot'
[04Aug2026 17:25:02.725] [main/ERROR] [net.minecraft.world.item.crafting.RecipeManager/]: Parsing error loading recipe jeed:sunbird_curse: com.google.gson.JsonSyntaxException: Unknown item 'alexsmobs:spawn_egg_sunbird'
[04Aug2026 17:25:02.730] [main/WARN] [com.mafuyu404.oneenoughitem.Oneenoughitem/]: ItemStackMixin: Replacement item is null for targetItemId: create_eternal_journey:weightless_sphere, original item: minecraft:elytra
[04Aug2026 17:25:02.736] [main/ERROR] [net.minecraft.world.item.crafting.RecipeManager/]: Parsing error loading recipe sullysmod:grindstone_polishing/gelogicexpansion/lime_polished_prismatic_stone_stairs_from_lime_prismatic_stone_stairs: com.google.gson.JsonSyntaxException: Invalid or unsupported recipe type 'sullysmod:grindstone_polishing'
[04Aug2026 17:25:02.738] [main/INFO] [net.minecraft.world.item.crafting.RecipeManager/]: Skipping loading recipe create_connected:crafting/palettes/copycat_stairs as it's serializer returned null
[04Aug2026 17:25:02.740] [main/ERROR] [net.minecraft.world.item.crafting.RecipeManager/]: Parsing error loading recipe extra_compat:froststeel_great_sword: com.google.gson.JsonSyntaxException: Unknown item 'undergarden:froststeel_sword'
[04Aug2026 17:25:02.743] [main/WARN] [com.mafuyu404.oneenoughitem.Oneenoughitem/]: ItemStackMixin: Replacement item is null for targetItemId: create_eternal_journey:weightless_sphere, original item: minecraft:elytra
[04Aug2026 17:25:02.752] [main/WARN] [com.mafuyu404.oneenoughitem.Oneenoughitem/]: ItemStackMixin: Replacement item is null for targetItemId: create_eternal_journey:weightless_sphere, original item: minecraft:elytra
[04Aug2026 17:25:02.758] [main/ERROR] [net.minecraft.world.item.crafting.RecipeManager/]: Parsing error loading recipe sullysmod:grindstone_polishing/gelogicexpansion/orange_polished_prismatic_stone_from_orange_prismatic_stone: com.google.gson.JsonSyntaxException: Invalid or unsupported recipe type 'sullysmod:grindstone_polishing'
[04Aug2026 17:25:02.758] [main/ERROR] [net.minecraft.world.item.crafting.RecipeManager/]: Parsing error loading recipe sullysmod:grindstone_polishing/gelogicexpansion/yellow_polished_prismatic_stone_slab_from_yellow_prismatic_stone_slab: com.google.gson.JsonSyntaxException: Invalid or unsupported recipe type 'sullysmod:grindstone_polishing'
[04Aug2026 17:25:02.763] [main/WARN] [com.mafuyu404.oneenoughitem.Oneenoughitem/]: ItemStackMixin: Replacement item is null for targetItemId: create_eternal_journey:weightless_sphere, original item: minecraft:elytra
[04Aug2026 17:25:02.769] [main/ERROR] [net.minecraft.world.item.crafting.RecipeManager/]: Parsing error loading recipe sullysmod:grindstone_polishing/gelogicexpansion/purple_polished_prismatic_stone_wall_from_purple_prismatic_stone_wall: com.google.gson.JsonSyntaxException: Invalid or unsupported recipe type 'sullysmod:grindstone_polishing'
[04Aug2026 17:25:02.769] [main/INFO] [net.minecraft.world.item.crafting.RecipeManager/]: Skipping loading recipe endergetic:poise_furnace_boat as it's serializer returned null
[04Aug2026 17:25:02.770] [main/ERROR] [net.minecraft.world.item.crafting.RecipeManager/]: Parsing error loading recipe sullysmod:grindstone_polishing/gelogicexpansion/gray_polished_prismatic_stone_slab_from_gray_prismatic_stone_slab: com.google.gson.JsonSyntaxException: Invalid or unsupported recipe type 'sullysmod:grindstone_polishing'
[04Aug2026 17:25:02.771] [main/ERROR] [net.minecraft.world.item.crafting.RecipeManager/]: Parsing error loading recipe sullysmod:grindstone_polishing/galosphere/polished_pastel_pink_salt_wall_from_pastel_pink_salt_wall: com.google.gson.JsonSyntaxException: Invalid or unsupported recipe type 'sullysmod:grindstone_polishing'
[04Aug2026 17:25:02.772] [main/ERROR] [net.minecraft.world.item.crafting.RecipeManager/]: Parsing error loading recipe sullysmod:grindstone_polishing/gelogicexpansion/light_blue_polished_prismatic_stone_slab_from_light_blue_prismatic_stone_slab: com.google.gson.JsonSyntaxException: Invalid or unsupported recipe type 'sullysmod:grindstone_polishing'
[04Aug2026 17:25:02.772] [main/ERROR] [net.minecraft.world.item.crafting.RecipeManager/]: Parsing error loading recipe autumnity:wallpapers/light_blue_wallpaper_roll: com.google.gson.JsonSyntaxException: Unknown item 'wallpapers:light_blue_wallpaper_roll'
[04Aug2026 17:25:02.773] [main/INFO] [net.minecraft.world.item.crafting.RecipeManager/]: Skipping loading recipe supplementaries:inspirations/flag_dye as it's serializer returned null
[04Aug2026 17:25:02.773] [main/INFO] [net.minecraft.world.item.crafting.RecipeManager/]: Skipping loading recipe endergetic:poise_slab_from_poise_planks_sawing as it's serializer returned null
[04Aug2026 17:25:02.773] [main/ERROR] [net.minecraft.world.item.crafting.RecipeManager/]: Parsing error loading recipe sullysmod:grindstone_polishing/gelogicexpansion/light_blue_polished_prismatic_stone_stairs_from_light_blue_prismatic_stone_stairs: com.google.gson.JsonSyntaxException: Invalid or unsupported recipe type 'sullysmod:grindstone_polishing'
[04Aug2026 17:25:02.774] [main/ERROR] [net.minecraft.world.item.crafting.RecipeManager/]: Parsing error loading recipe sullysmod:grindstone_polishing/gelogicexpansion/red_polished_prismatic_stone_wall_from_red_prismatic_stone_wall: com.google.gson.JsonSyntaxException: Invalid or unsupported recipe type 'sullysmod:grindstone_polishing'
[04Aug2026 17:25:02.774] [main/ERROR] [net.minecraft.world.item.crafting.RecipeManager/]: Parsing error loading recipe worldofwonder:stem_boat_recipe: com.google.gson.JsonSyntaxException: Unknown item 'worldofwonder:stem_planks'
[04Aug2026 17:25:02.775] [main/ERROR] [net.minecraft.world.item.crafting.RecipeManager/]: Parsing error loading recipe autumnity:wallpapers/brown_wallpaper_roll: com.google.gson.JsonSyntaxException: Unknown item 'wallpapers:brown_wallpaper_roll'
[04Aug2026 17:25:02.776] [main/ERROR] [net.minecraft.world.item.crafting.RecipeManager/]: Parsing error loading recipe sullysmod:grindstone_polishing/galosphere/polished_rose_pink_salt_from_rose_pink_salt: com.google.gson.JsonSyntaxException: Invalid or unsupported recipe type 'sullysmod:grindstone_polishing'
[04Aug2026 17:25:02.782] [main/WARN] [com.mafuyu404.oneenoughitem.Oneenoughitem/]: ItemStackMixin: Replacement item is null for targetItemId: create_eternal_journey:weightless_sphere, original item: minecraft:elytra
[04Aug2026 17:25:02.790] [main/ERROR] [net.minecraft.world.item.crafting.RecipeManager/]: Parsing error loading recipe extra_compat:froststeel_quarterstaff: com.google.gson.JsonSyntaxException: Unknown item 'undergarden:froststeel_ingot'
[04Aug2026 17:25:02.792] [main/ERROR] [net.minecraft.world.item.crafting.RecipeManager/]: Parsing error loading recipe farmersdelight:cutting/goated/chevon: com.google.gson.JsonSyntaxException: Unknown item 'goated:chevon'
[04Aug2026 17:25:02.793] [main/ERROR] [net.minecraft.world.item.crafting.RecipeManager/]: Parsing error loading recipe sullysmod:grindstone_polishing/gelogicexpansion/orange_polished_prismatic_stone_slab_from_orange_prismatic_stone_slab: com.google.gson.JsonSyntaxException: Invalid or unsupported recipe type 'sullysmod:grindstone_polishing'
[04Aug2026 17:25:02.795] [main/ERROR] [net.minecraft.world.item.crafting.RecipeManager/]: Parsing error loading recipe extra_compat:utherium_gloves: com.google.gson.JsonSyntaxException: Unknown item 'undergarden:utherium_crystal'
[04Aug2026 17:25:02.800] [main/WARN] [com.mafuyu404.oneenoughitem.Oneenoughitem/]: ItemStackMixin: Replacement item is null for targetItemId: create_eternal_journey:weightless_sphere, original item: minecraft:elytra
[04Aug2026 17:25:02.807] [main/ERROR] [net.minecraft.world.item.crafting.RecipeManager/]: Parsing error loading recipe farmersdelight:cutting/alexsmobs/falconry_glove: com.google.gson.JsonSyntaxException: Unknown item 'alexsmobs:falconry_glove'
[04Aug2026 17:25:02.809] [main/ERROR] [net.minecraft.world.item.crafting.RecipeManager/]: Parsing error loading recipe sullysmod:grindstone_polishing/gelogicexpansion/polished_prismatic_stone_wall_from_prismatic_stone_wall: com.google.gson.JsonSyntaxException: Invalid or unsupported recipe type 'sullysmod:grindstone_polishing'
[04Aug2026 17:25:02.810] [main/ERROR] [net.minecraft.world.item.crafting.RecipeManager/]: Parsing error loading recipe sullysmod:grindstone_polishing/gelogicexpansion/purple_polished_prismatic_stone_from_purple_prismatic_stone: com.google.gson.JsonSyntaxException: Invalid or unsupported recipe type 'sullysmod:grindstone_polishing'
[04Aug2026 17:25:02.810] [main/ERROR] [net.minecraft.world.item.crafting.RecipeManager/]: Parsing error loading recipe rainbowreef:milk_bottle_buttered_butterflyfish: com.google.gson.JsonSyntaxException: Unknown item 'rainbowreef:raw_butterflyfish'
[04Aug2026 17:25:02.825] [main/WARN] [com.mafuyu404.oneenoughitem.Oneenoughitem/]: ItemStackMixin: Replacement item is null for targetItemId: create_eternal_journey:weightless_sphere, original item: minecraft:elytra
[04Aug2026 17:25:02.831] [main/WARN] [com.simibubi.create.Create/]: Your custom createaddition:rolling/iron_ingot recipe (createaddition:rolling/iron_ingot) specified a duration. Durations have no impact on this type of recipe.
[04Aug2026 17:25:02.833] [main/ERROR] [net.minecraft.world.item.crafting.RecipeManager/]: Parsing error loading recipe culturaldelights:pickle_crate: com.google.gson.JsonSyntaxException: Unknown item 'vintagedelight:pickle'
[04Aug2026 17:25:02.834] [main/ERROR] [net.minecraft.world.item.crafting.RecipeManager/]: Parsing error loading recipe sullysmod:grindstone_polishing/gelogicexpansion/magenta_polished_prismatic_stone_wall_from_magenta_prismatic_stone_wall: com.google.gson.JsonSyntaxException: Invalid or unsupported recipe type 'sullysmod:grindstone_polishing'
[04Aug2026 17:25:02.834] [main/ERROR] [net.minecraft.world.item.crafting.RecipeManager/]: Parsing error loading recipe sullysmod:grindstone_polishing/gelogicexpansion/white_polished_prismatic_stone_from_white_prismatic_stone: com.google.gson.JsonSyntaxException: Invalid or unsupported recipe type 'sullysmod:grindstone_polishing'
[04Aug2026 17:25:02.835] [main/ERROR] [net.minecraft.world.item.crafting.RecipeManager/]: Parsing error loading recipe farmersdelight:cutting/aromatic/cinnamon_stem: com.google.gson.JsonSyntaxException: Unknown item 'aromatic:cinnamon_log_thin'
[04Aug2026 17:25:02.836] [main/ERROR] [net.minecraft.world.item.crafting.RecipeManager/]: Parsing error loading recipe sullysmod:grindstone_polishing/gelogicexpansion/green_polished_prismatic_stone_from_green_prismatic_stone: com.google.gson.JsonSyntaxException: Invalid or unsupported recipe type 'sullysmod:grindstone_polishing'
[04Aug2026 17:25:02.837] [main/INFO] [net.minecraft.world.item.crafting.RecipeManager/]: Skipping loading recipe endergetic:trapped_poise_chest as it's serializer returned null
[04Aug2026 17:25:02.837] [main/INFO] [net.minecraft.world.item.crafting.RecipeManager/]: Skipping loading recipe create_connected:crafting/palettes/copycat_slab_from_beams as it's serializer returned null
[04Aug2026 17:25:02.841] [main/WARN] [com.mafuyu404.oneenoughitem.Oneenoughitem/]: ItemStackMixin: Replacement item is null for targetItemId: create_eternal_journey:weightless_sphere, original item: minecraft:elytra
[04Aug2026 17:25:02.847] [main/ERROR] [net.minecraft.world.item.crafting.RecipeManager/]: Parsing error loading recipe jeed:nausea: com.google.gson.JsonSyntaxException: Unknown item 'alexsmobs:spawn_egg_skunk'
[04Aug2026 17:25:02.851] [main/WARN] [com.mafuyu404.oneenoughitem.Oneenoughitem/]: ItemStackMixin: Replacement item is null for targetItemId: create_eternal_journey:weightless_sphere, original item: minecraft:elytra
[04Aug2026 17:25:02.856] [main/ERROR] [net.minecraft.world.item.crafting.RecipeManager/]: Parsing error loading recipe sullysmod:grindstone_polishing/gelogicexpansion/yellow_polished_prismatic_stone_stairs_yellow_prismatic_stone_stairs: com.google.gson.JsonSyntaxException: Invalid or unsupported recipe type 'sullysmod:grindstone_polishing'
[04Aug2026 17:25:02.860] [main/WARN] [com.mafuyu404.oneenoughitem.Oneenoughitem/]: ItemStackMixin: Replacement item is null for targetItemId: create_eternal_journey:weightless_sphere, original item: minecraft:elytra
[04Aug2026 17:25:02.868] [main/WARN] [com.mafuyu404.oneenoughitem.Oneenoughitem/]: ItemStackMixin: Replacement item is null for targetItemId: create_eternal_journey:weightless_sphere, original item: minecraft:elytra
[04Aug2026 17:25:02.876] [main/WARN] [com.mafuyu404.oneenoughitem.Oneenoughitem/]: ItemStackMixin: Replacement item is null for targetItemId: create_eternal_journey:weightless_sphere, original item: minecraft:elytra
[04Aug2026 17:25:02.881] [main/ERROR] [net.minecraft.world.item.crafting.RecipeManager/]: Parsing error loading recipe farmersdelight:cutting/galosphere/allurite_block: com.google.gson.JsonSyntaxException: Unknown item 'galosphere:allurite_block'
[04Aug2026 17:25:02.882] [main/INFO] [net.minecraft.world.item.crafting.RecipeManager/]: Skipping loading recipe endergetic:cracked_eumus_bricks_from_baking as it's serializer returned null
[04Aug2026 17:25:02.882] [main/ERROR] [net.minecraft.world.item.crafting.RecipeManager/]: Parsing error loading recipe extra_compat:forgotten_spear_smithing: com.google.gson.JsonSyntaxException: Unknown item 'undergarden:forgotten_upgrade_smithing_template'
[04Aug2026 17:25:02.883] [main/ERROR] [net.minecraft.world.item.crafting.RecipeManager/]: Parsing error loading recipe fluid:deploying/honeycomb_mold: com.google.gson.JsonSyntaxException: Missing item, expected to find a string
[04Aug2026 17:25:02.883] [main/ERROR] [net.minecraft.world.item.crafting.RecipeManager/]: Parsing error loading recipe sullysmod:grindstone_polishing/galosphere/polished_pastel_pink_salt_slab_from_pastel_pink_salt_slab: com.google.gson.JsonSyntaxException: Invalid or unsupported recipe type 'sullysmod:grindstone_polishing'
[04Aug2026 17:25:02.885] [main/ERROR] [net.minecraft.world.item.crafting.RecipeManager/]: Parsing error loading recipe jeed:blast_endurance: com.google.gson.JsonSyntaxException: Unknown item 'habitat:kabloom_pulp_block'
[04Aug2026 17:25:02.890] [main/WARN] [com.mafuyu404.oneenoughitem.Oneenoughitem/]: ItemStackMixin: Replacement item is null for targetItemId: create_eternal_journey:weightless_sphere, original item: minecraft:elytra
[04Aug2026 17:25:02.895] [main/ERROR] [net.minecraft.world.item.crafting.RecipeManager/]: Parsing error loading recipe autumnity:wallpapers/green_wallpaper_roll: com.google.gson.JsonSyntaxException: Unknown item 'wallpapers:green_wallpaper_roll'
[04Aug2026 17:25:02.895] [main/ERROR] [net.minecraft.world.item.crafting.RecipeManager/]: Parsing error loading recipe sullysmod:grindstone_polishing/gelogicexpansion/green_polished_prismatic_stone_slab_from_green_prismatic_stone_slab: com.google.gson.JsonSyntaxException: Invalid or unsupported recipe type 'sullysmod:grindstone_polishing'
[04Aug2026 17:25:02.898] [main/WARN] [com.mafuyu404.oneenoughitem.Oneenoughitem/]: ItemStackMixin: Replacement item is null for targetItemId: create_eternal_journey:weightless_sphere, original item: minecraft:elytra
[04Aug2026 17:25:02.909] [main/ERROR] [net.minecraft.world.item.crafting.RecipeManager/]: Parsing error loading recipe sullysmod:grindstone_polishing/gelogicexpansion/light_blue_polished_prismatic_stone_from_light_blue_prismatic_stone: com.google.gson.JsonSyntaxException: Invalid or unsupported recipe type 'sullysmod:grindstone_polishing'
[04Aug2026 17:25:02.910] [main/INFO] [net.minecraft.world.item.crafting.RecipeManager/]: Skipping loading recipe endergetic:poise_button_from_poise_planks_sawing as it's serializer returned null
[04Aug2026 17:25:02.911] [main/ERROR] [net.minecraft.world.item.crafting.RecipeManager/]: Parsing error loading recipe extra_compat:cloggrum_spear: com.google.gson.JsonSyntaxException: Unknown item 'undergarden:cloggrum_ingot'
[04Aug2026 17:25:02.911] [main/ERROR] [net.minecraft.world.item.crafting.RecipeManager/]: Parsing error loading recipe sullysmod:grindstone_polishing/galosphere/polished_pastel_pink_salt_stairs_from_pastel_pink_salt_stairs: com.google.gson.JsonSyntaxException: Invalid or unsupported recipe type 'sullysmod:grindstone_polishing'
[04Aug2026 17:25:02.915] [main/WARN] [com.mafuyu404.oneenoughitem.Oneenoughitem/]: ItemStackMixin: Replacement item is null for targetItemId: create_eternal_journey:weightless_sphere, original item: minecraft:elytra
[04Aug2026 17:25:02.920] [main/ERROR] [net.minecraft.world.item.crafting.RecipeManager/]: Parsing error loading recipe extra_compat:cooked_chevon_chop_from_campfire_cooking: com.google.gson.JsonSyntaxException: Unknown item 'extra_compat:chevon_chop'
[04Aug2026 17:25:02.921] [main/ERROR] [net.minecraft.world.item.crafting.RecipeManager/]: Parsing error loading recipe farmersdelight:cutting/wilderness/overgrown_oak_wood: com.google.gson.JsonSyntaxException: Unknown item 'wilderness:overgrown_oak_wood'
[04Aug2026 17:25:02.926] [main/WARN] [com.mafuyu404.oneenoughitem.Oneenoughitem/]: ItemStackMixin: Replacement item is null for targetItemId: create_eternal_journey:weightless_sphere, original item: minecraft:elytra
[04Aug2026 17:25:02.931] [main/ERROR] [net.minecraft.world.item.crafting.RecipeManager/]: Parsing error loading recipe sullysmod:grindstone_polishing/gelogicexpansion/green_polished_prismatic_stone_stairs_from_green_prismatic_stone_stairs: com.google.gson.JsonSyntaxException: Invalid or unsupported recipe type 'sullysmod:grindstone_polishing'
[04Aug2026 17:25:02.932] [main/ERROR] [net.minecraft.world.item.crafting.RecipeManager/]: Parsing error loading recipe sullysmod:grindstone_polishing/gelogicexpansion/light_gray_polished_prismatic_stone_slab_from_light_gray_prismatic_stone_slab: com.google.gson.JsonSyntaxException: Invalid or unsupported recipe type 'sullysmod:grindstone_polishing'
[04Aug2026 17:25:02.932] [main/ERROR] [net.minecraft.world.item.crafting.RecipeManager/]: Parsing error loading recipe sullysmod:grindstone_polishing/gelogicexpansion/blue_polished_prismatic_stone_from_blue_prismatic_stone: com.google.gson.JsonSyntaxException: Invalid or unsupported recipe type 'sullysmod:grindstone_polishing'
[04Aug2026 17:25:02.936] [main/WARN] [com.mafuyu404.oneenoughitem.Oneenoughitem/]: ItemStackMixin: Replacement item is null for targetItemId: create_eternal_journey:weightless_sphere, original item: minecraft:elytra
[04Aug2026 17:25:02.942] [main/ERROR] [net.minecraft.world.item.crafting.RecipeManager/]: Parsing error loading recipe cgs:drilling/lead: com.google.gson.JsonSyntaxException: Invalid or unsupported recipe type 'createoreexcavation:drilling'
[04Aug2026 17:25:02.945] [main/WARN] [com.mafuyu404.oneenoughitem.Oneenoughitem/]: ItemStackMixin: Replacement item is null for targetItemId: create_eternal_journey:weightless_sphere, original item: minecraft:elytra
[04Aug2026 17:25:02.956] [main/ERROR] [net.minecraft.world.item.crafting.RecipeManager/]: Parsing error loading recipe culturaldelights:cutting/cut_pickle: com.google.gson.JsonSyntaxException: Unknown item 'vintagedelight:pickle'
[04Aug2026 17:25:02.965] [main/WARN] [com.mafuyu404.oneenoughitem.Oneenoughitem/]: ItemStackMixin: Replacement item is null for targetItemId: create_eternal_journey:weightless_sphere, original item: minecraft:elytra
[04Aug2026 17:25:02.977] [main/ERROR] [net.minecraft.world.item.crafting.RecipeManager/]: Parsing error loading recipe autumnity:wallpapers/gray_wallpaper_roll: com.google.gson.JsonSyntaxException: Unknown item 'wallpapers:gray_wallpaper_roll'
[04Aug2026 17:25:02.982] [main/WARN] [com.mafuyu404.oneenoughitem.Oneenoughitem/]: ItemStackMixin: Replacement item is null for targetItemId: create_eternal_journey:weightless_sphere, original item: minecraft:elytra
[04Aug2026 17:25:02.994] [main/ERROR] [net.minecraft.world.item.crafting.RecipeManager/]: Parsing error loading recipe sullysmod:grindstone_polishing/gelogicexpansion/red_polished_prismatic_stone_slab_from_red_prismatic_stone_slab: com.google.gson.JsonSyntaxException: Invalid or unsupported recipe type 'sullysmod:grindstone_polishing'
[04Aug2026 17:25:02.994] [main/WARN] [com.simibubi.create.Create/]: Your custom createaddition:rolling/gold_ingot recipe (createaddition:rolling/gold_ingot) specified a duration. Durations have no impact on this type of recipe.
[04Aug2026 17:25:02.995] [main/INFO] [net.minecraft.world.item.crafting.RecipeManager/]: Skipping loading recipe endergetic:poise_pressure_plate_from_poise_stems_sawing as it's serializer returned null
[04Aug2026 17:25:02.995] [main/WARN] [com.simibubi.create.Create/]: Your custom createaddition:rolling/straw recipe (createaddition:rolling/straw) specified a duration. Durations have no impact on this type of recipe.
[04Aug2026 17:25:02.995] [main/ERROR] [net.minecraft.world.item.crafting.RecipeManager/]: Parsing error loading recipe farmersdelight:cutting/habitat/red_anthurium: com.google.gson.JsonSyntaxException: Unknown item 'habitat:red_anthurium'
[04Aug2026 17:25:02.997] [main/ERROR] [net.minecraft.world.item.crafting.RecipeManager/]: Parsing error loading recipe jeed:debilitating_sting: com.google.gson.JsonSyntaxException: Unknown item 'alexsmobs:spawn_egg_tarantula_hawk'
[04Aug2026 17:25:03.003] [main/WARN] [com.mafuyu404.oneenoughitem.Oneenoughitem/]: ItemStackMixin: Replacement item is null for targetItemId: create_eternal_journey:weightless_sphere, original item: minecraft:elytra
[04Aug2026 17:25:03.011] [main/ERROR] [net.minecraft.world.item.crafting.RecipeManager/]: Parsing error loading recipe autumnity:wallpapers/magenta_wallpaper_roll: com.google.gson.JsonSyntaxException: Unknown item 'wallpapers:magenta_wallpaper_roll'
[04Aug2026 17:25:03.014] [main/ERROR] [net.minecraft.world.item.crafting.RecipeManager/]: Parsing error loading recipe sullysmod:grindstone_polishing/gelogicexpansion/pink_polished_prismatic_stone_from_pink_prismatic_stone: com.google.gson.JsonSyntaxException: Invalid or unsupported recipe type 'sullysmod:grindstone_polishing'
[04Aug2026 17:25:03.020] [main/WARN] [com.mafuyu404.oneenoughitem.Oneenoughitem/]: ItemStackMixin: Replacement item is null for targetItemId: create_eternal_journey:weightless_sphere, original item: minecraft:elytra
[04Aug2026 17:25:03.030] [main/ERROR] [net.minecraft.world.item.crafting.RecipeManager/]: Parsing error loading recipe farmersdelight:cutting/toughasnails/empty_canteen: com.google.gson.JsonSyntaxException: Unknown item 'toughasnails:empty_canteen'
[04Aug2026 17:25:03.030] [main/ERROR] [net.minecraft.world.item.crafting.RecipeManager/]: Parsing error loading recipe farmersdelight:cutting/alexsmobs/falconry_hood: com.google.gson.JsonSyntaxException: Unknown item 'alexsmobs:falconry_hood'
[04Aug2026 17:25:03.038] [main/WARN] [com.mafuyu404.oneenoughitem.Oneenoughitem/]: ItemStackMixin: Replacement item is null for targetItemId: create_eternal_journey:weightless_sphere, original item: minecraft:elytra
[04Aug2026 17:25:03.045] [main/ERROR] [net.minecraft.world.item.crafting.RecipeManager/]: Parsing error loading recipe extra_compat:cloggrum_hammer: com.google.gson.JsonSyntaxException: Unknown item 'undergarden:cloggrum_ingot'
[04Aug2026 17:25:03.052] [main/WARN] [com.mafuyu404.oneenoughitem.Oneenoughitem/]: ItemStackMixin: Replacement item is null for targetItemId: create_eternal_journey:weightless_sphere, original item: minecraft:elytra
[04Aug2026 17:25:03.071] [main/WARN] [com.mafuyu404.oneenoughitem.Oneenoughitem/]: ItemStackMixin: Replacement item is null for targetItemId: create_eternal_journey:weightless_sphere, original item: minecraft:elytra
[04Aug2026 17:25:03.081] [main/INFO] [net.minecraft.world.item.crafting.RecipeManager/]: Skipping loading recipe create_connected:crafting/palettes/copycat_block as it's serializer returned null
[04Aug2026 17:25:03.087] [main/WARN] [com.mafuyu404.oneenoughitem.Oneenoughitem/]: ItemStackMixin: Replacement item is null for targetItemId: create_eternal_journey:weightless_sphere, original item: minecraft:elytra
[04Aug2026 17:25:03.101] [main/WARN] [com.mafuyu404.oneenoughitem.Oneenoughitem/]: ItemStackMixin: Replacement item is null for targetItemId: create_eternal_journey:weightless_sphere, original item: minecraft:elytra
[04Aug2026 17:25:03.108] [main/ERROR] [net.minecraft.world.item.crafting.RecipeManager/]: Parsing error loading recipe sullysmod:grindstone_polishing/galosphere/polished_rose_pink_salt_stairs_from_rose_pink_salt_stairs: com.google.gson.JsonSyntaxException: Invalid or unsupported recipe type 'sullysmod:grindstone_polishing'
[04Aug2026 17:25:03.109] [main/INFO] [net.minecraft.world.item.crafting.RecipeManager/]: Skipping loading recipe create_connected:crafting/palettes/copycat_board as it's serializer returned null
[04Aug2026 17:25:03.110] [main/ERROR] [net.minecraft.world.item.crafting.RecipeManager/]: Parsing error loading recipe extra_compat:utherium_dagger: com.google.gson.JsonSyntaxException: Unknown item 'undergarden:utherium_crystal'
[04Aug2026 17:25:03.111] [main/INFO] [net.minecraft.world.item.crafting.RecipeManager/]: Skipping loading recipe endergetic:poise_slab_from_poise_stems_sawing as it's serializer returned null
[04Aug2026 17:25:03.113] [main/ERROR] [net.minecraft.world.item.crafting.RecipeManager/]: Parsing error loading recipe autumnity:wallpapers/red_wallpaper_roll: com.google.gson.JsonSyntaxException: Unknown item 'wallpapers:red_wallpaper_roll'
[04Aug2026 17:25:03.116] [main/ERROR] [net.minecraft.world.item.crafting.RecipeManager/]: Parsing error loading recipe farmersdelight:cutting/galosphere/sterling_horse_armor: com.google.gson.JsonSyntaxException: Unknown item 'galosphere:sterling_horse_armor'
[04Aug2026 17:25:03.117] [main/ERROR] [net.minecraft.world.item.crafting.RecipeManager/]: Parsing error loading recipe jeed:vampirism: com.google.gson.JsonSyntaxException: Unknown item 'netherdungeons:baby_ghast_spawn_egg'
[04Aug2026 17:25:03.117] [main/ERROR] [net.minecraft.world.item.crafting.RecipeManager/]: Parsing error loading recipe jeed:inked: com.google.gson.JsonSyntaxException: Unknown item 'theinkarena:ink_bucket'
[04Aug2026 17:25:03.119] [main/INFO] [net.minecraft.world.item.crafting.RecipeManager/]: Skipping loading recipe create_connected:crafting/palettes/copycat_fence as it's serializer returned null
[04Aug2026 17:25:03.119] [main/INFO] [net.minecraft.world.item.crafting.RecipeManager/]: Skipping loading recipe endergetic:poise_beehive as it's serializer returned null
[04Aug2026 17:25:03.125] [main/WARN] [com.mafuyu404.oneenoughitem.Oneenoughitem/]: ItemStackMixin: Replacement item is null for targetItemId: create_eternal_journey:weightless_sphere, original item: minecraft:elytra
[04Aug2026 17:25:03.139] [main/WARN] [com.mafuyu404.oneenoughitem.Oneenoughitem/]: ItemStackMixin: Replacement item is null for targetItemId: create_eternal_journey:weightless_sphere, original item: minecraft:elytra
[04Aug2026 17:25:03.147] [main/WARN] [com.mafuyu404.oneenoughitem.Oneenoughitem/]: ItemStackMixin: Replacement item is null for targetItemId: create_eternal_journey:weightless_sphere, original item: minecraft:elytra
[04Aug2026 17:25:03.154] [main/ERROR] [net.minecraft.world.item.crafting.RecipeManager/]: Parsing error loading recipe farmersdelight:cutting/habitat/purple_anthurium: com.google.gson.JsonSyntaxException: Unknown item 'habitat:purple_anthurium'
[04Aug2026 17:25:03.156] [main/ERROR] [net.minecraft.world.item.crafting.RecipeManager/]: Parsing error loading recipe sullysmod:grindstone_polishing/hearth_and_home/polished_blackstone_chimney_from_blackstone_chimney: com.google.gson.JsonSyntaxException: Invalid or unsupported recipe type 'sullysmod:grindstone_polishing'
[04Aug2026 17:25:03.156] [main/ERROR] [net.minecraft.world.item.crafting.RecipeManager/]: Parsing error loading recipe extra_compat:froststeel_great_axe: com.google.gson.JsonSyntaxException: Unknown item 'undergarden:froststeel_axe'
[04Aug2026 17:25:03.157] [main/ERROR] [net.minecraft.world.item.crafting.RecipeManager/]: Parsing error loading recipe sullysmod:grindstone_polishing/galosphere/polished_pink_salt_from_pink_salt: com.google.gson.JsonSyntaxException: Invalid or unsupported recipe type 'sullysmod:grindstone_polishing'
[04Aug2026 17:25:03.161] [main/WARN] [com.mafuyu404.oneenoughitem.Oneenoughitem/]: ItemStackMixin: Replacement item is null for targetItemId: create_eternal_journey:weightless_sphere, original item: minecraft:elytra
[04Aug2026 17:25:03.166] [main/ERROR] [net.minecraft.world.item.crafting.RecipeManager/]: Parsing error loading recipe sullysmod:grindstone_polishing/gelogicexpansion/yellow_polished_prismatic_stone_wall_from_yellow_prismatic_stone_wall: com.google.gson.JsonSyntaxException: Invalid or unsupported recipe type 'sullysmod:grindstone_polishing'
[04Aug2026 17:25:03.168] [main/ERROR] [net.minecraft.world.item.crafting.RecipeManager/]: Parsing error loading recipe sullysmod:grindstone_polishing/galosphere/polished_pink_salt_slab_from_pink_salt_slab: com.google.gson.JsonSyntaxException: Invalid or unsupported recipe type 'sullysmod:grindstone_polishing'
[04Aug2026 17:25:03.173] [main/WARN] [com.mafuyu404.oneenoughitem.Oneenoughitem/]: ItemStackMixin: Replacement item is null for targetItemId: create_eternal_journey:weightless_sphere, original item: minecraft:elytra
[04Aug2026 17:25:03.185] [main/WARN] [com.mafuyu404.oneenoughitem.Oneenoughitem/]: ItemStackMixin: Replacement item is null for targetItemId: create_eternal_journey:weightless_sphere, original item: minecraft:elytra
[04Aug2026 17:25:03.194] [main/WARN] [com.mafuyu404.oneenoughitem.Oneenoughitem/]: ItemStackMixin: Replacement item is null for targetItemId: create_eternal_journey:weightless_sphere, original item: minecraft:elytra
[04Aug2026 17:25:03.199] [main/ERROR] [net.minecraft.world.item.crafting.RecipeManager/]: Parsing error loading recipe extra_compat:utherium_quarterstaff: com.google.gson.JsonSyntaxException: Unknown item 'undergarden:utherium_crystal'
[04Aug2026 17:25:03.200] [main/ERROR] [net.minecraft.world.item.crafting.RecipeManager/]: Parsing error loading recipe extra_compat:forgotten_club_smithing: com.google.gson.JsonSyntaxException: Unknown item 'undergarden:forgotten_upgrade_smithing_template'
[04Aug2026 17:25:03.203] [main/WARN] [com.mafuyu404.oneenoughitem.Oneenoughitem/]: ItemStackMixin: Replacement item is null for targetItemId: create_eternal_journey:weightless_sphere, original item: minecraft:elytra
[04Aug2026 17:25:03.208] [main/ERROR] [net.minecraft.world.item.crafting.RecipeManager/]: Parsing error loading recipe farmersdelight:cutting/buzzier_bees/pink_clover: com.google.gson.JsonSyntaxException: Unknown item 'buzzier_bees:pink_clover'
[04Aug2026 17:25:03.210] [main/WARN] [com.mafuyu404.oneenoughitem.Oneenoughitem/]: ItemStackMixin: Replacement item is null for targetItemId: create_eternal_journey:weightless_sphere, original item: minecraft:elytra
[04Aug2026 17:25:03.211] [main/ERROR] [net.minecraft.world.item.crafting.RecipeManager/]: Parsing error loading recipe sullysmod:grindstone_polishing/hearth_and_home/polished_deepslate_chimney_from_cobbled_deepslate_chimney: com.google.gson.JsonSyntaxException: Invalid or unsupported recipe type 'sullysmod:grindstone_polishing'
[04Aug2026 17:25:03.215] [main/WARN] [com.mafuyu404.oneenoughitem.Oneenoughitem/]: ItemStackMixin: Replacement item is null for targetItemId: create_eternal_journey:weightless_sphere, original item: minecraft:elytra
[04Aug2026 17:25:03.220] [main/ERROR] [net.minecraft.world.item.crafting.RecipeManager/]: Parsing error loading recipe sullysmod:grindstone_polishing/galosphere/polished_rose_pink_salt_slab_from_rose_pink_salt_slab: com.google.gson.JsonSyntaxException: Invalid or unsupported recipe type 'sullysmod:grindstone_polishing'
[04Aug2026 17:25:03.224] [main/WARN] [com.mafuyu404.oneenoughitem.Oneenoughitem/]: ItemStackMixin: Replacement item is null for targetItemId: create_eternal_journey:weightless_sphere, original item: minecraft:elytra
[04Aug2026 17:25:03.233] [main/WARN] [com.mafuyu404.oneenoughitem.Oneenoughitem/]: ItemStackMixin: Replacement item is null for targetItemId: create_eternal_journey:weightless_sphere, original item: minecraft:elytra
[04Aug2026 17:25:03.243] [main/WARN] [com.mafuyu404.oneenoughitem.Oneenoughitem/]: ItemStackMixin: Replacement item is null for targetItemId: create_eternal_journey:weightless_sphere, original item: minecraft:elytra
[04Aug2026 17:25:03.251] [main/WARN] [com.mafuyu404.oneenoughitem.Oneenoughitem/]: ItemStackMixin: Replacement item is null for targetItemId: create_eternal_journey:weightless_sphere, original item: minecraft:elytra
[04Aug2026 17:25:03.256] [main/ERROR] [net.minecraft.world.item.crafting.RecipeManager/]: Parsing error loading recipe autumnity:wallpapers/black_wallpaper_roll: com.google.gson.JsonSyntaxException: Unknown item 'wallpapers:black_wallpaper_roll'
[04Aug2026 17:25:03.257] [main/ERROR] [net.minecraft.world.item.crafting.RecipeManager/]: Parsing error loading recipe sullysmod:grindstone_polishing/gelogicexpansion/blue_polished_prismatic_stone_slab_from_blue_prismatic_stone_slab: com.google.gson.JsonSyntaxException: Invalid or unsupported recipe type 'sullysmod:grindstone_polishing'
[04Aug2026 17:25:03.257] [main/INFO] [net.minecraft.world.item.crafting.RecipeManager/]: Skipping loading recipe create_connected:crafting/palettes/copycat_vertical_step as it's serializer returned null
[04Aug2026 17:25:03.258] [main/ERROR] [net.minecraft.world.item.crafting.RecipeManager/]: Parsing error loading recipe alexscaves:cooking/primordial_soup: com.google.gson.JsonSyntaxException: Unknown item 'alexscaves:trilocaris_tail'
[04Aug2026 17:25:03.264] [main/WARN] [com.mafuyu404.oneenoughitem.Oneenoughitem/]: ItemStackMixin: Replacement item is null for targetItemId: create_eternal_journey:weightless_sphere, original item: minecraft:elytra
[04Aug2026 17:25:03.272] [main/ERROR] [net.minecraft.world.item.crafting.RecipeManager/]: Parsing error loading recipe farmersdelight:cutting/autumnity/autumn_crocus: com.google.gson.JsonSyntaxException: Unknown item 'autumnity:autumn_crocus'
[04Aug2026 17:25:03.284] [main/ERROR] [net.minecraft.world.item.crafting.RecipeManager/]: Parsing error loading recipe extra_compat:utherium_spear: com.google.gson.JsonSyntaxException: Unknown item 'undergarden:utherium_crystal'
[04Aug2026 17:25:03.285] [main/ERROR] [net.minecraft.world.item.crafting.RecipeManager/]: Parsing error loading recipe miners_delight:calamari_roll: com.google.gson.JsonSyntaxException: Unknown item 'culturaldelights:calamari_roll'
[04Aug2026 17:25:03.293] [main/WARN] [com.mafuyu404.oneenoughitem.Oneenoughitem/]: ItemStackMixin: Replacement item is null for targetItemId: create_eternal_journey:weightless_sphere, original item: minecraft:elytra
[04Aug2026 17:25:03.304] [main/ERROR] [net.minecraft.world.item.crafting.RecipeManager/]: Parsing error loading recipe farmersdelight:cutting/buzzier_bees/buttercup: com.google.gson.JsonSyntaxException: Unknown item 'buzzier_bees:buttercup'
[04Aug2026 17:25:03.304] [main/ERROR] [net.minecraft.world.item.crafting.RecipeManager/]: Parsing error loading recipe sullysmod:grindstone_polishing/gelogicexpansion/gray_polished_prismatic_stone_wall_from_gray_prismatic_stone_wall: com.google.gson.JsonSyntaxException: Invalid or unsupported recipe type 'sullysmod:grindstone_polishing'
[04Aug2026 17:25:03.304] [main/INFO] [net.minecraft.world.item.crafting.RecipeManager/]: Skipping loading recipe create_connected:crafting/palettes/copycat_box as it's serializer returned null
[04Aug2026 17:25:03.310] [main/WARN] [com.mafuyu404.oneenoughitem.Oneenoughitem/]: ItemStackMixin: Replacement item is null for targetItemId: create_eternal_journey:weightless_sphere, original item: minecraft:elytra
[04Aug2026 17:25:03.317] [main/ERROR] [net.minecraft.world.item.crafting.RecipeManager/]: Parsing error loading recipe jeed:exsanguination: com.google.gson.JsonSyntaxException: Unknown item 'alexsmobs:spawn_egg_frilled_shark'
[04Aug2026 17:25:03.318] [main/INFO] [net.minecraft.world.item.crafting.RecipeManager/]: Skipping loading recipe create_connected:crafting/palettes/copycat_slab as it's serializer returned null
[04Aug2026 17:25:03.319] [main/ERROR] [net.minecraft.world.item.crafting.RecipeManager/]: Parsing error loading recipe jeed:resistance: com.google.gson.JsonSyntaxException: Unknown item 'enemyexpansion:phantasm_chestplate'
[04Aug2026 17:25:03.320] [main/INFO] [net.minecraft.world.item.crafting.RecipeManager/]: Skipping loading recipe endergetic:poise_fence_gate_from_poise_stems_sawing as it's serializer returned null
[04Aug2026 17:25:03.321] [main/ERROR] [net.minecraft.world.item.crafting.RecipeManager/]: Parsing error loading recipe sullysmod:grindstone_polishing/gelogicexpansion/magenta_polished_prismatic_stone_slab_from_magenta_prismatic_stone_slab: com.google.gson.JsonSyntaxException: Invalid or unsupported recipe type 'sullysmod:grindstone_polishing'
[04Aug2026 17:25:03.323] [main/ERROR] [net.minecraft.world.item.crafting.RecipeManager/]: Parsing error loading recipe extra_compat:forgotten_great_axe_smithing: com.google.gson.JsonSyntaxException: Unknown item 'undergarden:forgotten_upgrade_smithing_template'
[04Aug2026 17:25:03.324] [main/WARN] [com.simibubi.create.Create/]: Your custom createaddition:rolling/copper_plate recipe (createaddition:rolling/copper_plate) specified a duration. Durations have no impact on this type of recipe.
[04Aug2026 17:25:03.330] [main/WARN] [com.mafuyu404.oneenoughitem.Oneenoughitem/]: ItemStackMixin: Replacement item is null for targetItemId: create_eternal_journey:weightless_sphere, original item: minecraft:elytra
[04Aug2026 17:25:03.344] [main/WARN] [com.mafuyu404.oneenoughitem.Oneenoughitem/]: ItemStackMixin: Replacement item is null for targetItemId: create_eternal_journey:weightless_sphere, original item: minecraft:elytra
[04Aug2026 17:25:03.352] [main/ERROR] [net.minecraft.world.item.crafting.RecipeManager/]: Parsing error loading recipe extra_compat:cloggrum_great_sword: com.google.gson.JsonSyntaxException: Unknown item 'undergarden:cloggrum_sword'
[04Aug2026 17:25:03.353] [main/INFO] [net.minecraft.world.item.crafting.RecipeManager/]: Skipping loading recipe endergetic:poise_boards as it's serializer returned null
[04Aug2026 17:25:03.358] [main/WARN] [com.mafuyu404.oneenoughitem.Oneenoughitem/]: ItemStackMixin: Replacement item is null for targetItemId: create_eternal_journey:weightless_sphere, original item: minecraft:elytra
[04Aug2026 17:25:03.365] [main/ERROR] [net.minecraft.world.item.crafting.RecipeManager/]: Parsing error loading recipe sullysmod:grindstone_polishing/gelogicexpansion/light_gray_polished_prismatic_stone_stairs_from_light_gray_prismatic_stone_stairs: com.google.gson.JsonSyntaxException: Invalid or unsupported recipe type 'sullysmod:grindstone_polishing'
[04Aug2026 17:25:03.367] [main/ERROR] [net.minecraft.world.item.crafting.RecipeManager/]: Parsing error loading recipe sullysmod:grindstone_polishing/catacylsm/polished_endstone_from_endstone: com.google.gson.JsonSyntaxException: Invalid or unsupported recipe type 'sullysmod:grindstone_polishing'
[04Aug2026 17:25:03.368] [main/INFO] [net.minecraft.world.item.crafting.RecipeManager/]: Skipping loading recipe endergetic:poise_sign_from_poise_stems_sawing as it's serializer returned null
[04Aug2026 17:25:03.372] [main/WARN] [com.mafuyu404.oneenoughitem.Oneenoughitem/]: ItemStackMixin: Replacement item is null for targetItemId: create_eternal_journey:weightless_sphere, original item: minecraft:elytra
[04Aug2026 17:25:03.380] [main/ERROR] [net.minecraft.world.item.crafting.RecipeManager/]: Parsing error loading recipe sullysmod:grindstone_polishing/gelogicexpansion/polished_prismatic_stone_stairs_from_prismatic_stone_stairs: com.google.gson.JsonSyntaxException: Invalid or unsupported recipe type 'sullysmod:grindstone_polishing'
[04Aug2026 17:25:03.382] [main/INFO] [net.minecraft.world.item.crafting.RecipeManager/]: Skipping loading recipe create_connected:crafting/palettes/copycat_slab_from_panels as it's serializer returned null
[04Aug2026 17:25:03.382] [main/INFO] [net.minecraft.world.item.crafting.RecipeManager/]: Skipping loading recipe endergetic:poise_stairs_from_poise_stems_sawing as it's serializer returned null
[04Aug2026 17:25:03.392] [main/WARN] [com.mafuyu404.oneenoughitem.Oneenoughitem/]: ItemStackMixin: Replacement item is null for targetItemId: create_eternal_journey:weightless_sphere, original item: minecraft:elytra
[04Aug2026 17:25:03.409] [main/WARN] [com.mafuyu404.oneenoughitem.Oneenoughitem/]: ItemStackMixin: Replacement item is null for targetItemId: create_eternal_journey:weightless_sphere, original item: minecraft:elytra
[04Aug2026 17:25:03.417] [main/INFO] [net.minecraft.world.item.crafting.RecipeManager/]: Skipping loading recipe endergetic:poise_bookshelf as it's serializer returned null
[04Aug2026 17:25:03.422] [main/WARN] [com.mafuyu404.oneenoughitem.Oneenoughitem/]: ItemStackMixin: Replacement item is null for targetItemId: create_eternal_journey:weightless_sphere, original item: minecraft:elytra
[04Aug2026 17:25:03.428] [main/ERROR] [net.minecraft.world.item.crafting.RecipeManager/]: Parsing error loading recipe culturaldelights:hearty_salad: com.google.gson.JsonSyntaxException: Unknown item 'vintagedelight:cucumber'
[04Aug2026 17:25:03.428] [Forge Version Check/WARN] [net.minecraftforge.fml.VersionChecker/]: Failed to process update information
java.net.http.HttpConnectTimeoutException: HTTP connect timed out
	at jdk.internal.net.http.HttpClientImpl.send(HttpClientImpl.java:894) ~[java.net.http:?]
	at jdk.internal.net.http.HttpClientFacade.send(HttpClientFacade.java:133) ~[java.net.http:?]
	at net.minecraftforge.fml.VersionChecker$1.openUrlString(VersionChecker.java:142) ~[fmlcore-1.20.1-47.4.22.jar%23697!/:?]
	at net.minecraftforge.fml.VersionChecker$1.process(VersionChecker.java:180) ~[fmlcore-1.20.1-47.4.22.jar%23697!/:?]
	at java.lang.Iterable.forEach(Iterable.java:75) ~[?:?]
	at net.minecraftforge.fml.VersionChecker$1.run(VersionChecker.java:117) ~[fmlcore-1.20.1-47.4.22.jar%23697!/:?]
Caused by: java.net.http.HttpConnectTimeoutException: HTTP connect timed out
	at jdk.internal.net.http.ResponseTimerEvent.handle(ResponseTimerEvent.java:68) ~[java.net.http:?]
	at jdk.internal.net.http.HttpClientImpl.purgeTimeoutsAndReturnNextDeadline(HttpClientImpl.java:1693) ~[java.net.http:?]
	at jdk.internal.net.http.HttpClientImpl$SelectorManager.run(HttpClientImpl.java:1311) ~[java.net.http:?]
Caused by: java.net.ConnectException: HTTP connect timed out
	at jdk.internal.net.http.ResponseTimerEvent.handle(ResponseTimerEvent.java:69) ~[java.net.http:?]
	at jdk.internal.net.http.HttpClientImpl.purgeTimeoutsAndReturnNextDeadline(HttpClientImpl.java:1693) ~[java.net.http:?]
	at jdk.internal.net.http.HttpClientImpl$SelectorManager.run(HttpClientImpl.java:1311) ~[java.net.http:?]
[04Aug2026 17:25:03.430] [Forge Version Check/INFO] [net.minecraftforge.fml.VersionChecker/]: [supplementaries] Starting version check at https://api.modrinth.com/updates/supplementaries/forge_updates.json
[04Aug2026 17:25:03.431] [main/WARN] [com.mafuyu404.oneenoughitem.Oneenoughitem/]: ItemStackMixin: Replacement item is null for targetItemId: create_eternal_journey:weightless_sphere, original item: minecraft:elytra
[04Aug2026 17:25:03.433] [main/ERROR] [net.minecraft.world.item.crafting.RecipeManager/]: Parsing error loading recipe cgs:ore_vein_type/lead: com.google.gson.JsonSyntaxException: Invalid or unsupported recipe type 'createoreexcavation:vein'
[04Aug2026 17:25:03.434] [main/ERROR] [net.minecraft.world.item.crafting.RecipeManager/]: Parsing error loading recipe farmersdelight:cutting/marigolds/marigold: com.google.gson.JsonSyntaxException: Unknown item 'marigolds:marigold'
[04Aug2026 17:25:03.435] [main/ERROR] [net.minecraft.world.item.crafting.RecipeManager/]: Parsing error loading recipe createfisheryindustry:peeling/deadrock_powder_from_weathered: com.google.gson.JsonSyntaxException: Unknown item 'twilightforest:weathered_deadrock'
[04Aug2026 17:25:03.436] [main/ERROR] [net.minecraft.world.item.crafting.RecipeManager/]: Parsing error loading recipe sullysmod:grindstone_polishing/gelogicexpansion/cyan_polished_prismatic_stone_wall_from_cyan_prismatic_stone_wall: com.google.gson.JsonSyntaxException: Invalid or unsupported recipe type 'sullysmod:grindstone_polishing'
[04Aug2026 17:25:03.441] [main/WARN] [com.mafuyu404.oneenoughitem.Oneenoughitem/]: ItemStackMixin: Replacement item is null for targetItemId: create_eternal_journey:weightless_sphere, original item: minecraft:elytra
[04Aug2026 17:25:03.447] [main/ERROR] [net.minecraft.world.item.crafting.RecipeManager/]: Parsing error loading recipe sullysmod:grindstone_polishing/twigs/polished_calcite_stairs_from_calcite_stairs: com.google.gson.JsonSyntaxException: Invalid or unsupported recipe type 'sullysmod:grindstone_polishing'
[04Aug2026 17:25:03.448] [main/ERROR] [net.minecraft.world.item.crafting.RecipeManager/]: Parsing error loading recipe sullysmod:grindstone_polishing/gelogicexpansion/light_gray_polished_prismatic_stone_from_light_gray_prismatic_stone: com.google.gson.JsonSyntaxException: Invalid or unsupported recipe type 'sullysmod:grindstone_polishing'
[04Aug2026 17:25:03.448] [main/ERROR] [net.minecraft.world.item.crafting.RecipeManager/]: Parsing error loading recipe sullysmod:grindstone_polishing/gelogicexpansion/yellow_polished_prismatic_stone_from_yellow_prismatic_stone: com.google.gson.JsonSyntaxException: Invalid or unsupported recipe type 'sullysmod:grindstone_polishing'
[04Aug2026 17:25:03.449] [main/ERROR] [net.minecraft.world.item.crafting.RecipeManager/]: Parsing error loading recipe jeed:vulnerability: com.google.gson.JsonSyntaxException: Unknown item 'netherdungeons:sporeshroom'
[04Aug2026 17:25:03.450] [main/INFO] [net.minecraft.world.item.crafting.RecipeManager/]: Skipping loading recipe create_connected:crafting/palettes/copycat_block_from_slabs as it's serializer returned null
[04Aug2026 17:25:03.451] [main/ERROR] [net.minecraft.world.item.crafting.RecipeManager/]: Parsing error loading recipe sullysmod:grindstone_polishing/gelogicexpansion/polished_limestone_from_limestone: com.google.gson.JsonSyntaxException: Invalid or unsupported recipe type 'sullysmod:grindstone_polishing'
[04Aug2026 17:25:03.455] [main/WARN] [com.mafuyu404.oneenoughitem.Oneenoughitem/]: ItemStackMixin: Replacement item is null for targetItemId: create_eternal_journey:weightless_sphere, original item: minecraft:elytra
[04Aug2026 17:25:03.466] [main/WARN] [com.mafuyu404.oneenoughitem.Oneenoughitem/]: ItemStackMixin: Replacement item is null for targetItemId: create_eternal_journey:weightless_sphere, original item: minecraft:elytra
[04Aug2026 17:25:03.480] [main/WARN] [com.mafuyu404.oneenoughitem.Oneenoughitem/]: ItemStackMixin: Replacement item is null for targetItemId: create_eternal_journey:weightless_sphere, original item: minecraft:elytra
[04Aug2026 17:25:03.486] [Forge Version Check/INFO] [net.minecraftforge.fml.VersionChecker/]: [supplementaries] Found status: OUTDATED Current: 1.20-3.1.43 Target: 1.20-3.1.43-forge
[04Aug2026 17:25:03.486] [Forge Version Check/INFO] [net.minecraftforge.fml.VersionChecker/]: [mr_lukis_woodlandmansions] Starting version check at https://api.modrinth.com/updates/RZN5D3zs/forge_updates.json
[04Aug2026 17:25:03.489] [main/ERROR] [net.minecraft.world.item.crafting.RecipeManager/]: Parsing error loading recipe sullysmod:grindstone_polishing/gelogicexpansion/cyan_polished_prismatic_stone_slab_from_cyan_prismatic_stone_slab: com.google.gson.JsonSyntaxException: Invalid or unsupported recipe type 'sullysmod:grindstone_polishing'
[04Aug2026 17:25:03.491] [main/ERROR] [net.minecraft.world.item.crafting.RecipeManager/]: Parsing error loading recipe autumnity:wallpapers/blue_wallpaper_roll: com.google.gson.JsonSyntaxException: Unknown item 'wallpapers:blue_wallpaper_roll'
[04Aug2026 17:25:03.500] [main/INFO] [net.minecraft.world.item.crafting.RecipeManager/]: Loaded 64 recipes
[04Aug2026 17:25:03.506] [main/INFO] [com.teamabnormals.blueprint.core.Blueprint/]: Advancement Modification Manager has loaded 5 modifier groups
[04Aug2026 17:25:03.506] [main/ERROR] [net.minecraft.server.ServerFunctionLibrary/]: Failed to load function create_ltab:evoker/evoker_tick
java.util.concurrent.CompletionException: java.lang.IllegalArgumentException: Whilst parsing command on line 26: Unknown selector type '@n' at position 12: ...ecute at @<--[HERE]
	at java.util.concurrent.CompletableFuture.encodeThrowable(CompletableFuture.java:315) ~[?:?]
	at java.util.concurrent.CompletableFuture.completeThrowable(CompletableFuture.java:320) ~[?:?]
	at java.util.concurrent.CompletableFuture$AsyncSupply.run(CompletableFuture.java:1770) ~[?:?]
	at java.util.concurrent.CompletableFuture$AsyncSupply.exec(CompletableFuture.java:1760) ~[?:?]
	at java.util.concurrent.ForkJoinTask.doExec(ForkJoinTask.java:373) ~[?:?]
	at java.util.concurrent.ForkJoinPool$WorkQueue.topLevelExec(ForkJoinPool.java:1182) ~[?:?]
	at java.util.concurrent.ForkJoinPool.scan(ForkJoinPool.java:1655) ~[?:?]
	at java.util.concurrent.ForkJoinPool.runWorker(ForkJoinPool.java:1622) ~[?:?]
	at java.util.concurrent.ForkJoinWorkerThread.run(ForkJoinWorkerThread.java:165) ~[?:?]
Caused by: java.lang.IllegalArgumentException: Whilst parsing command on line 26: Unknown selector type '@n' at position 12: ...ecute at @<--[HERE]
	at net.minecraft.commands.CommandFunction.m_77984_(CommandFunction.java:63) ~[server-1.20.1-20230612.114412-srg.jar%23696!/:?]
	at net.minecraft.server.ServerFunctionLibrary.m_214320_(ServerFunctionLibrary.java:83) ~[server-1.20.1-20230612.114412-srg.jar%23696!/:?]
	at java.util.concurrent.CompletableFuture$AsyncSupply.run(CompletableFuture.java:1768) ~[?:?]
	... 6 more
[04Aug2026 17:25:03.559] [Forge Version Check/INFO] [net.minecraftforge.fml.VersionChecker/]: [mr_lukis_woodlandmansions] Found status: AHEAD Current: 1-v.1.0 Target: null
[04Aug2026 17:25:03.582] [main/WARN] [com.mafuyu404.oneenoughitem.Oneenoughitem/]: ItemStackMixin: Replacement item is null for targetItemId: create_eternal_journey:weightless_sphere, original item: minecraft:elytra
[04Aug2026 17:25:03.587] [main/ERROR] [net.minecraft.server.ServerAdvancementManager/]: Parsing error loading custom advancement farmersrespite:main/stunt_tea_bush: Invalid criterion trigger: farmersrespite:stunt_tea_bush
[04Aug2026 17:25:03.597] [main/WARN] [com.mafuyu404.oneenoughitem.Oneenoughitem/]: ItemStackMixin: Replacement item is null for targetItemId: create_eternal_journey:weightless_sphere, original item: minecraft:elytra
[04Aug2026 17:25:03.653] [main/ERROR] [net.minecraft.server.ServerAdvancementManager/]: Parsing error loading custom advancement extra_compat:overweight_farming_melon_juice: Unknown item id 'overweight_farming:melon_juice'
[04Aug2026 17:25:03.753] [main/ERROR] [net.minecraft.server.ServerAdvancementManager/]: Parsing error loading custom advancement legendary_monsters:defeat_ambusher: Expected item to be an item, was unknown string 'legendary_monsters:ancient_dripstone_shard'
[04Aug2026 17:25:03.770] [main/INFO] [quark/]: [Automatic Recipe Unlock] Removed 7903 recipe advancements
[04Aug2026 17:25:03.781] [main/INFO] [net.minecraft.advancements.AdvancementList/]: Loaded 860 advancements
[04Aug2026 17:25:03.789] [main/INFO] [com.adonis.fluid.CreateFluid/]: Loaded 0 atomizer compat datapack entries.
[04Aug2026 17:25:03.817] [main/WARN] [com.iafenvoy.jupiter.Jupiter/]: Cannot find suitable entry for key=inverse_potions, type=com.electronwill.nightconfig.core.SimpleCommentedConfig in config=amendments:COMMON
[04Aug2026 17:25:03.854] [main/WARN] [com.iafenvoy.jupiter.Jupiter/]: Cannot find suitable entry for key=special_blocks, type=com.electronwill.nightconfig.core.SimpleCommentedConfig in config=supplementaries:COMMON
[04Aug2026 17:25:03.859] [main/WARN] [com.iafenvoy.jupiter.Jupiter/]: Cannot find suitable entry for key=modded_biome_slice_sizes, type=com.electronwill.nightconfig.core.SimpleCommentedConfig in config=blueprint:COMMON
[04Aug2026 17:25:03.859] [main/ERROR] [com.iafenvoy.jupiter.Jupiter/]: Cannot load key=Health (default: 600.0), type=java.lang.Double in config=witherreincarnated:COMMON
java.lang.NullPointerException: Cannot invoke "Object.getClass()" because "value" is null
	at com.iafenvoy.jupiter.compat.forgeconfigspec.NightConfigHolder.processEntry(NightConfigHolder.java:157) ~[jupiter-2.3.7-1.20.1-forge.jar%23560!/:?]
	at com.iafenvoy.jupiter.compat.forgeconfigspec.NightConfigHolder.process(NightConfigHolder.java:126) ~[jupiter-2.3.7-1.20.1-forge.jar%23560!/:?]
	at com.iafenvoy.jupiter.compat.forgeconfigspec.NightConfigHolder.buildGroup(NightConfigHolder.java:98) ~[jupiter-2.3.7-1.20.1-forge.jar%23560!/:?]
	at com.iafenvoy.jupiter.compat.forgeconfigspec.NightConfigHolder.buildGroup(NightConfigHolder.java:113) ~[jupiter-2.3.7-1.20.1-forge.jar%23560!/:?]
	at com.iafenvoy.jupiter.compat.forgeconfigspec.NightConfigHolder.buildGroups(NightConfigHolder.java:87) ~[jupiter-2.3.7-1.20.1-forge.jar%23560!/:?]
	at com.iafenvoy.jupiter.compat.forgeconfigspec.NightConfigHolder.buildGroups(NightConfigHolder.java:33) ~[jupiter-2.3.7-1.20.1-forge.jar%23560!/:?]
	at com.iafenvoy.jupiter.config.container.wrapper.ExtraConfigWrapper.<init>(ExtraConfigWrapper.java:27) ~[jupiter-2.3.7-1.20.1-forge.jar%23560!/:?]
	at com.iafenvoy.jupiter.compat.forgeconfigspec.ConfigSpecLoader.scanConfig(ConfigSpecLoader.java:72) ~[jupiter-2.3.7-1.20.1-forge.jar%23560!/:?]
	at com.iafenvoy.jupiter.compat.ExtraConfigManager.scanConfigs(ExtraConfigManager.java:29) ~[jupiter-2.3.7-1.20.1-forge.jar%23560!/:?]
	at com.iafenvoy.jupiter.ServerConfigManager.m_6213_(ServerConfigManager.java:48) ~[jupiter-2.3.7-1.20.1-forge.jar%23560!/:?]
	at net.minecraft.server.packs.resources.ResourceManagerReloadListener.m_10759_(ResourceManagerReloadListener.java:15) ~[server-1.20.1-20230612.114412-srg.jar%23696!/:?]
	at java.util.concurrent.CompletableFuture$UniRun.tryFire(CompletableFuture.java:787) ~[?:?]
	at java.util.concurrent.CompletableFuture$Completion.run(CompletableFuture.java:482) ~[?:?]
	at net.minecraft.server.packs.resources.SimpleReloadInstance.m_143940_(SimpleReloadInstance.java:69) ~[server-1.20.1-20230612.114412-srg.jar%23696!/:?]
	at net.minecraft.Util.m_214652_(Util.java:783) ~[server-1.20.1-20230612.114412-srg.jar%23696!/:?]
	at net.minecraft.Util.m_214679_(Util.java:772) ~[server-1.20.1-20230612.114412-srg.jar%23696!/:?]
	at net.minecraft.server.Main.main(Main.java:166) ~[server-1.20.1-20230612.114412-srg.jar%23696!/:?]
	at jdk.internal.reflect.NativeMethodAccessorImpl.invoke0(Native Method) ~[?:?]
	at jdk.internal.reflect.NativeMethodAccessorImpl.invoke(NativeMethodAccessorImpl.java:77) ~[?:?]
	at jdk.internal.reflect.DelegatingMethodAccessorImpl.invoke(DelegatingMethodAccessorImpl.java:43) ~[?:?]
	at java.lang.reflect.Method.invoke(Method.java:569) ~[?:?]
	at net.minecraftforge.fml.loading.targets.CommonLaunchHandler.runTarget(CommonLaunchHandler.java:111) ~[fmlloader-1.20.1-47.4.22.jar%2367!/:?]
	at net.minecraftforge.fml.loading.targets.CommonLaunchHandler.serverService(CommonLaunchHandler.java:103) ~[fmlloader-1.20.1-47.4.22.jar%2367!/:?]
	at net.minecraftforge.fml.loading.targets.CommonServerLaunchHandler.lambda$makeService$0(CommonServerLaunchHandler.java:27) ~[fmlloader-1.20.1-47.4.22.jar%2367!/:?]
	at cpw.mods.modlauncher.LaunchServiceHandlerDecorator.launch(LaunchServiceHandlerDecorator.java:30) ~[modlauncher-10.0.9.jar%2353!/:?]
	at cpw.mods.modlauncher.LaunchServiceHandler.launch(LaunchServiceHandler.java:53) ~[modlauncher-10.0.9.jar%2353!/:?]
	at cpw.mods.modlauncher.LaunchServiceHandler.launch(LaunchServiceHandler.java:71) ~[modlauncher-10.0.9.jar%2353!/:?]
	at cpw.mods.modlauncher.Launcher.run(Launcher.java:108) ~[modlauncher-10.0.9.jar%2353!/:?]
	at cpw.mods.modlauncher.Launcher.main(Launcher.java:78) ~[modlauncher-10.0.9.jar%2353!/:?]
	at cpw.mods.modlauncher.BootstrapLaunchConsumer.accept(BootstrapLaunchConsumer.java:26) ~[modlauncher-10.0.9.jar%2353!/:?]
	at cpw.mods.modlauncher.BootstrapLaunchConsumer.accept(BootstrapLaunchConsumer.java:23) ~[modlauncher-10.0.9.jar%2353!/:?]
	at cpw.mods.bootstraplauncher.BootstrapLauncher.main(BootstrapLauncher.java:141) ~[bootstraplauncher-1.1.2.jar:?]
[04Aug2026 17:25:03.860] [main/ERROR] [com.iafenvoy.jupiter.Jupiter/]: Cannot load key=Movement Speed (default: 0.0675), type=java.lang.Double in config=witherreincarnated:COMMON
java.lang.NullPointerException: Cannot invoke "Object.getClass()" because "value" is null
	at com.iafenvoy.jupiter.compat.forgeconfigspec.NightConfigHolder.processEntry(NightConfigHolder.java:157) ~[jupiter-2.3.7-1.20.1-forge.jar%23560!/:?]
	at com.iafenvoy.jupiter.compat.forgeconfigspec.NightConfigHolder.process(NightConfigHolder.java:126) ~[jupiter-2.3.7-1.20.1-forge.jar%23560!/:?]
	at com.iafenvoy.jupiter.compat.forgeconfigspec.NightConfigHolder.buildGroup(NightConfigHolder.java:98) ~[jupiter-2.3.7-1.20.1-forge.jar%23560!/:?]
	at com.iafenvoy.jupiter.compat.forgeconfigspec.NightConfigHolder.buildGroup(NightConfigHolder.java:113) ~[jupiter-2.3.7-1.20.1-forge.jar%23560!/:?]
	at com.iafenvoy.jupiter.compat.forgeconfigspec.NightConfigHolder.buildGroups(NightConfigHolder.java:87) ~[jupiter-2.3.7-1.20.1-forge.jar%23560!/:?]
	at com.iafenvoy.jupiter.compat.forgeconfigspec.NightConfigHolder.buildGroups(NightConfigHolder.java:33) ~[jupiter-2.3.7-1.20.1-forge.jar%23560!/:?]
	at com.iafenvoy.jupiter.config.container.wrapper.ExtraConfigWrapper.<init>(ExtraConfigWrapper.java:27) ~[jupiter-2.3.7-1.20.1-forge.jar%23560!/:?]
	at com.iafenvoy.jupiter.compat.forgeconfigspec.ConfigSpecLoader.scanConfig(ConfigSpecLoader.java:72) ~[jupiter-2.3.7-1.20.1-forge.jar%23560!/:?]
	at com.iafenvoy.jupiter.compat.ExtraConfigManager.scanConfigs(ExtraConfigManager.java:29) ~[jupiter-2.3.7-1.20.1-forge.jar%23560!/:?]
	at com.iafenvoy.jupiter.ServerConfigManager.m_6213_(ServerConfigManager.java:48) ~[jupiter-2.3.7-1.20.1-forge.jar%23560!/:?]
	at net.minecraft.server.packs.resources.ResourceManagerReloadListener.m_10759_(ResourceManagerReloadListener.java:15) ~[server-1.20.1-20230612.114412-srg.jar%23696!/:?]
	at java.util.concurrent.CompletableFuture$UniRun.tryFire(CompletableFuture.java:787) ~[?:?]
	at java.util.concurrent.CompletableFuture$Completion.run(CompletableFuture.java:482) ~[?:?]
	at net.minecraft.server.packs.resources.SimpleReloadInstance.m_143940_(SimpleReloadInstance.java:69) ~[server-1.20.1-20230612.114412-srg.jar%23696!/:?]
	at net.minecraft.Util.m_214652_(Util.java:783) ~[server-1.20.1-20230612.114412-srg.jar%23696!/:?]
	at net.minecraft.Util.m_214679_(Util.java:772) ~[server-1.20.1-20230612.114412-srg.jar%23696!/:?]
	at net.minecraft.server.Main.main(Main.java:166) ~[server-1.20.1-20230612.114412-srg.jar%23696!/:?]
	at jdk.internal.reflect.NativeMethodAccessorImpl.invoke0(Native Method) ~[?:?]
	at jdk.internal.reflect.NativeMethodAccessorImpl.invoke(NativeMethodAccessorImpl.java:77) ~[?:?]
	at jdk.internal.reflect.DelegatingMethodAccessorImpl.invoke(DelegatingMethodAccessorImpl.java:43) ~[?:?]
	at java.lang.reflect.Method.invoke(Method.java:569) ~[?:?]
	at net.minecraftforge.fml.loading.targets.CommonLaunchHandler.runTarget(CommonLaunchHandler.java:111) ~[fmlloader-1.20.1-47.4.22.jar%2367!/:?]
	at net.minecraftforge.fml.loading.targets.CommonLaunchHandler.serverService(CommonLaunchHandler.java:103) ~[fmlloader-1.20.1-47.4.22.jar%2367!/:?]
	at net.minecraftforge.fml.loading.targets.CommonServerLaunchHandler.lambda$makeService$0(CommonServerLaunchHandler.java:27) ~[fmlloader-1.20.1-47.4.22.jar%2367!/:?]
	at cpw.mods.modlauncher.LaunchServiceHandlerDecorator.launch(LaunchServiceHandlerDecorator.java:30) ~[modlauncher-10.0.9.jar%2353!/:?]
	at cpw.mods.modlauncher.LaunchServiceHandler.launch(LaunchServiceHandler.java:53) ~[modlauncher-10.0.9.jar%2353!/:?]
	at cpw.mods.modlauncher.LaunchServiceHandler.launch(LaunchServiceHandler.java:71) ~[modlauncher-10.0.9.jar%2353!/:?]
	at cpw.mods.modlauncher.Launcher.run(Launcher.java:108) ~[modlauncher-10.0.9.jar%2353!/:?]
	at cpw.mods.modlauncher.Launcher.main(Launcher.java:78) ~[modlauncher-10.0.9.jar%2353!/:?]
	at cpw.mods.modlauncher.BootstrapLaunchConsumer.accept(BootstrapLaunchConsumer.java:26) ~[modlauncher-10.0.9.jar%2353!/:?]
	at cpw.mods.modlauncher.BootstrapLaunchConsumer.accept(BootstrapLaunchConsumer.java:23) ~[modlauncher-10.0.9.jar%2353!/:?]
	at cpw.mods.bootstraplauncher.BootstrapLauncher.main(BootstrapLauncher.java:141) ~[bootstraplauncher-1.1.2.jar:?]
[04Aug2026 17:25:03.861] [main/ERROR] [com.iafenvoy.jupiter.Jupiter/]: Cannot load key=Wither Skull Damage (default: 16.0), type=java.lang.Double in config=witherreincarnated:COMMON
java.lang.NullPointerException: Cannot invoke "Object.getClass()" because "value" is null
	at com.iafenvoy.jupiter.compat.forgeconfigspec.NightConfigHolder.processEntry(NightConfigHolder.java:157) ~[jupiter-2.3.7-1.20.1-forge.jar%23560!/:?]
	at com.iafenvoy.jupiter.compat.forgeconfigspec.NightConfigHolder.process(NightConfigHolder.java:126) ~[jupiter-2.3.7-1.20.1-forge.jar%23560!/:?]
	at com.iafenvoy.jupiter.compat.forgeconfigspec.NightConfigHolder.buildGroup(NightConfigHolder.java:98) ~[jupiter-2.3.7-1.20.1-forge.jar%23560!/:?]
	at com.iafenvoy.jupiter.compat.forgeconfigspec.NightConfigHolder.buildGroup(NightConfigHolder.java:113) ~[jupiter-2.3.7-1.20.1-forge.jar%23560!/:?]
	at com.iafenvoy.jupiter.compat.forgeconfigspec.NightConfigHolder.buildGroups(NightConfigHolder.java:87) ~[jupiter-2.3.7-1.20.1-forge.jar%23560!/:?]
	at com.iafenvoy.jupiter.compat.forgeconfigspec.NightConfigHolder.buildGroups(NightConfigHolder.java:33) ~[jupiter-2.3.7-1.20.1-forge.jar%23560!/:?]
	at com.iafenvoy.jupiter.config.container.wrapper.ExtraConfigWrapper.<init>(ExtraConfigWrapper.java:27) ~[jupiter-2.3.7-1.20.1-forge.jar%23560!/:?]
	at com.iafenvoy.jupiter.compat.forgeconfigspec.ConfigSpecLoader.scanConfig(ConfigSpecLoader.java:72) ~[jupiter-2.3.7-1.20.1-forge.jar%23560!/:?]
	at com.iafenvoy.jupiter.compat.ExtraConfigManager.scanConfigs(ExtraConfigManager.java:29) ~[jupiter-2.3.7-1.20.1-forge.jar%23560!/:?]
	at com.iafenvoy.jupiter.ServerConfigManager.m_6213_(ServerConfigManager.java:48) ~[jupiter-2.3.7-1.20.1-forge.jar%23560!/:?]
	at net.minecraft.server.packs.resources.ResourceManagerReloadListener.m_10759_(ResourceManagerReloadListener.java:15) ~[server-1.20.1-20230612.114412-srg.jar%23696!/:?]
	at java.util.concurrent.CompletableFuture$UniRun.tryFire(CompletableFuture.java:787) ~[?:?]
	at java.util.concurrent.CompletableFuture$Completion.run(CompletableFuture.java:482) ~[?:?]
	at net.minecraft.server.packs.resources.SimpleReloadInstance.m_143940_(SimpleReloadInstance.java:69) ~[server-1.20.1-20230612.114412-srg.jar%23696!/:?]
	at net.minecraft.Util.m_214652_(Util.java:783) ~[server-1.20.1-20230612.114412-srg.jar%23696!/:?]
	at net.minecraft.Util.m_214679_(Util.java:772) ~[server-1.20.1-20230612.114412-srg.jar%23696!/:?]
	at net.minecraft.server.Main.main(Main.java:166) ~[server-1.20.1-20230612.114412-srg.jar%23696!/:?]
	at jdk.internal.reflect.NativeMethodAccessorImpl.invoke0(Native Method) ~[?:?]
	at jdk.internal.reflect.NativeMethodAccessorImpl.invoke(NativeMethodAccessorImpl.java:77) ~[?:?]
	at jdk.internal.reflect.DelegatingMethodAccessorImpl.invoke(DelegatingMethodAccessorImpl.java:43) ~[?:?]
	at java.lang.reflect.Method.invoke(Method.java:569) ~[?:?]
	at net.minecraftforge.fml.loading.targets.CommonLaunchHandler.runTarget(CommonLaunchHandler.java:111) ~[fmlloader-1.20.1-47.4.22.jar%2367!/:?]
	at net.minecraftforge.fml.loading.targets.CommonLaunchHandler.serverService(CommonLaunchHandler.java:103) ~[fmlloader-1.20.1-47.4.22.jar%2367!/:?]
	at net.minecraftforge.fml.loading.targets.CommonServerLaunchHandler.lambda$makeService$0(CommonServerLaunchHandler.java:27) ~[fmlloader-1.20.1-47.4.22.jar%2367!/:?]
	at cpw.mods.modlauncher.LaunchServiceHandlerDecorator.launch(LaunchServiceHandlerDecorator.java:30) ~[modlauncher-10.0.9.jar%2353!/:?]
	at cpw.mods.modlauncher.LaunchServiceHandler.launch(LaunchServiceHandler.java:53) ~[modlauncher-10.0.9.jar%2353!/:?]
	at cpw.mods.modlauncher.LaunchServiceHandler.launch(LaunchServiceHandler.java:71) ~[modlauncher-10.0.9.jar%2353!/:?]
	at cpw.mods.modlauncher.Launcher.run(Launcher.java:108) ~[modlauncher-10.0.9.jar%2353!/:?]
	at cpw.mods.modlauncher.Launcher.main(Launcher.java:78) ~[modlauncher-10.0.9.jar%2353!/:?]
	at cpw.mods.modlauncher.BootstrapLaunchConsumer.accept(BootstrapLaunchConsumer.java:26) ~[modlauncher-10.0.9.jar%2353!/:?]
	at cpw.mods.modlauncher.BootstrapLaunchConsumer.accept(BootstrapLaunchConsumer.java:23) ~[modlauncher-10.0.9.jar%2353!/:?]
	at cpw.mods.bootstraplauncher.BootstrapLauncher.main(BootstrapLauncher.java:141) ~[bootstraplauncher-1.1.2.jar:?]
[04Aug2026 17:25:03.861] [main/ERROR] [com.iafenvoy.jupiter.Jupiter/]: Cannot load key=Wither Skull Explosion Damage (default: 12.0), type=java.lang.Double in config=witherreincarnated:COMMON
java.lang.NullPointerException: Cannot invoke "Object.getClass()" because "value" is null
	at com.iafenvoy.jupiter.compat.forgeconfigspec.NightConfigHolder.processEntry(NightConfigHolder.java:157) ~[jupiter-2.3.7-1.20.1-forge.jar%23560!/:?]
	at com.iafenvoy.jupiter.compat.forgeconfigspec.NightConfigHolder.process(NightConfigHolder.java:126) ~[jupiter-2.3.7-1.20.1-forge.jar%23560!/:?]
	at com.iafenvoy.jupiter.compat.forgeconfigspec.NightConfigHolder.buildGroup(NightConfigHolder.java:98) ~[jupiter-2.3.7-1.20.1-forge.jar%23560!/:?]
	at com.iafenvoy.jupiter.compat.forgeconfigspec.NightConfigHolder.buildGroup(NightConfigHolder.java:113) ~[jupiter-2.3.7-1.20.1-forge.jar%23560!/:?]
	at com.iafenvoy.jupiter.compat.forgeconfigspec.NightConfigHolder.buildGroups(NightConfigHolder.java:87) ~[jupiter-2.3.7-1.20.1-forge.jar%23560!/:?]
	at com.iafenvoy.jupiter.compat.forgeconfigspec.NightConfigHolder.buildGroups(NightConfigHolder.java:33) ~[jupiter-2.3.7-1.20.1-forge.jar%23560!/:?]
	at com.iafenvoy.jupiter.config.container.wrapper.ExtraConfigWrapper.<init>(ExtraConfigWrapper.java:27) ~[jupiter-2.3.7-1.20.1-forge.jar%23560!/:?]
	at com.iafenvoy.jupiter.compat.forgeconfigspec.ConfigSpecLoader.scanConfig(ConfigSpecLoader.java:72) ~[jupiter-2.3.7-1.20.1-forge.jar%23560!/:?]
	at com.iafenvoy.jupiter.compat.ExtraConfigManager.scanConfigs(ExtraConfigManager.java:29) ~[jupiter-2.3.7-1.20.1-forge.jar%23560!/:?]
	at com.iafenvoy.jupiter.ServerConfigManager.m_6213_(ServerConfigManager.java:48) ~[jupiter-2.3.7-1.20.1-forge.jar%23560!/:?]
	at net.minecraft.server.packs.resources.ResourceManagerReloadListener.m_10759_(ResourceManagerReloadListener.java:15) ~[server-1.20.1-20230612.114412-srg.jar%23696!/:?]
	at java.util.concurrent.CompletableFuture$UniRun.tryFire(CompletableFuture.java:787) ~[?:?]
	at java.util.concurrent.CompletableFuture$Completion.run(CompletableFuture.java:482) ~[?:?]
	at net.minecraft.server.packs.resources.SimpleReloadInstance.m_143940_(SimpleReloadInstance.java:69) ~[server-1.20.1-20230612.114412-srg.jar%23696!/:?]
	at net.minecraft.Util.m_214652_(Util.java:783) ~[server-1.20.1-20230612.114412-srg.jar%23696!/:?]
	at net.minecraft.Util.m_214679_(Util.java:772) ~[server-1.20.1-20230612.114412-srg.jar%23696!/:?]
	at net.minecraft.server.Main.main(Main.java:166) ~[server-1.20.1-20230612.114412-srg.jar%23696!/:?]
	at jdk.internal.reflect.NativeMethodAccessorImpl.invoke0(Native Method) ~[?:?]
	at jdk.internal.reflect.NativeMethodAccessorImpl.invoke(NativeMethodAccessorImpl.java:77) ~[?:?]
	at jdk.internal.reflect.DelegatingMethodAccessorImpl.invoke(DelegatingMethodAccessorImpl.java:43) ~[?:?]
	at java.lang.reflect.Method.invoke(Method.java:569) ~[?:?]
	at net.minecraftforge.fml.loading.targets.CommonLaunchHandler.runTarget(CommonLaunchHandler.java:111) ~[fmlloader-1.20.1-47.4.22.jar%2367!/:?]
	at net.minecraftforge.fml.loading.targets.CommonLaunchHandler.serverService(CommonLaunchHandler.java:103) ~[fmlloader-1.20.1-47.4.22.jar%2367!/:?]
	at net.minecraftforge.fml.loading.targets.CommonServerLaunchHandler.lambda$makeService$0(CommonServerLaunchHandler.java:27) ~[fmlloader-1.20.1-47.4.22.jar%2367!/:?]
	at cpw.mods.modlauncher.LaunchServiceHandlerDecorator.launch(LaunchServiceHandlerDecorator.java:30) ~[modlauncher-10.0.9.jar%2353!/:?]
	at cpw.mods.modlauncher.LaunchServiceHandler.launch(LaunchServiceHandler.java:53) ~[modlauncher-10.0.9.jar%2353!/:?]
	at cpw.mods.modlauncher.LaunchServiceHandler.launch(LaunchServiceHandler.java:71) ~[modlauncher-10.0.9.jar%2353!/:?]
	at cpw.mods.modlauncher.Launcher.run(Launcher.java:108) ~[modlauncher-10.0.9.jar%2353!/:?]
	at cpw.mods.modlauncher.Launcher.main(Launcher.java:78) ~[modlauncher-10.0.9.jar%2353!/:?]
	at cpw.mods.modlauncher.BootstrapLaunchConsumer.accept(BootstrapLaunchConsumer.java:26) ~[modlauncher-10.0.9.jar%2353!/:?]
	at cpw.mods.modlauncher.BootstrapLaunchConsumer.accept(BootstrapLaunchConsumer.java:23) ~[modlauncher-10.0.9.jar%2353!/:?]
	at cpw.mods.bootstraplauncher.BootstrapLauncher.main(BootstrapLauncher.java:141) ~[bootstraplauncher-1.1.2.jar:?]
[04Aug2026 17:25:03.862] [main/ERROR] [com.iafenvoy.jupiter.Jupiter/]: Cannot load key=Wither Skull Explosion Size (default: 2.0), type=java.lang.Double in config=witherreincarnated:COMMON
java.lang.NullPointerException: Cannot invoke "Object.getClass()" because "value" is null
	at com.iafenvoy.jupiter.compat.forgeconfigspec.NightConfigHolder.processEntry(NightConfigHolder.java:157) ~[jupiter-2.3.7-1.20.1-forge.jar%23560!/:?]
	at com.iafenvoy.jupiter.compat.forgeconfigspec.NightConfigHolder.process(NightConfigHolder.java:126) ~[jupiter-2.3.7-1.20.1-forge.jar%23560!/:?]
	at com.iafenvoy.jupiter.compat.forgeconfigspec.NightConfigHolder.buildGroup(NightConfigHolder.java:98) ~[jupiter-2.3.7-1.20.1-forge.jar%23560!/:?]
	at com.iafenvoy.jupiter.compat.forgeconfigspec.NightConfigHolder.buildGroup(NightConfigHolder.java:113) ~[jupiter-2.3.7-1.20.1-forge.jar%23560!/:?]
	at com.iafenvoy.jupiter.compat.forgeconfigspec.NightConfigHolder.buildGroups(NightConfigHolder.java:87) ~[jupiter-2.3.7-1.20.1-forge.jar%23560!/:?]
	at com.iafenvoy.jupiter.compat.forgeconfigspec.NightConfigHolder.buildGroups(NightConfigHolder.java:33) ~[jupiter-2.3.7-1.20.1-forge.jar%23560!/:?]
	at com.iafenvoy.jupiter.config.container.wrapper.ExtraConfigWrapper.<init>(ExtraConfigWrapper.java:27) ~[jupiter-2.3.7-1.20.1-forge.jar%23560!/:?]
	at com.iafenvoy.jupiter.compat.forgeconfigspec.ConfigSpecLoader.scanConfig(ConfigSpecLoader.java:72) ~[jupiter-2.3.7-1.20.1-forge.jar%23560!/:?]
	at com.iafenvoy.jupiter.compat.ExtraConfigManager.scanConfigs(ExtraConfigManager.java:29) ~[jupiter-2.3.7-1.20.1-forge.jar%23560!/:?]
	at com.iafenvoy.jupiter.ServerConfigManager.m_6213_(ServerConfigManager.java:48) ~[jupiter-2.3.7-1.20.1-forge.jar%23560!/:?]
	at net.minecraft.server.packs.resources.ResourceManagerReloadListener.m_10759_(ResourceManagerReloadListener.java:15) ~[server-1.20.1-20230612.114412-srg.jar%23696!/:?]
	at java.util.concurrent.CompletableFuture$UniRun.tryFire(CompletableFuture.java:787) ~[?:?]
	at java.util.concurrent.CompletableFuture$Completion.run(CompletableFuture.java:482) ~[?:?]
	at net.minecraft.server.packs.resources.SimpleReloadInstance.m_143940_(SimpleReloadInstance.java:69) ~[server-1.20.1-20230612.114412-srg.jar%23696!/:?]
	at net.minecraft.Util.m_214652_(Util.java:783) ~[server-1.20.1-20230612.114412-srg.jar%23696!/:?]
	at net.minecraft.Util.m_214679_(Util.java:772) ~[server-1.20.1-20230612.114412-srg.jar%23696!/:?]
	at net.minecraft.server.Main.main(Main.java:166) ~[server-1.20.1-20230612.114412-srg.jar%23696!/:?]
	at jdk.internal.reflect.NativeMethodAccessorImpl.invoke0(Native Method) ~[?:?]
	at jdk.internal.reflect.NativeMethodAccessorImpl.invoke(NativeMethodAccessorImpl.java:77) ~[?:?]
	at jdk.internal.reflect.DelegatingMethodAccessorImpl.invoke(DelegatingMethodAccessorImpl.java:43) ~[?:?]
	at java.lang.reflect.Method.invoke(Method.java:569) ~[?:?]
	at net.minecraftforge.fml.loading.targets.CommonLaunchHandler.runTarget(CommonLaunchHandler.java:111) ~[fmlloader-1.20.1-47.4.22.jar%2367!/:?]
	at net.minecraftforge.fml.loading.targets.CommonLaunchHandler.serverService(CommonLaunchHandler.java:103) ~[fmlloader-1.20.1-47.4.22.jar%2367!/:?]
	at net.minecraftforge.fml.loading.targets.CommonServerLaunchHandler.lambda$makeService$0(CommonServerLaunchHandler.java:27) ~[fmlloader-1.20.1-47.4.22.jar%2367!/:?]
	at cpw.mods.modlauncher.LaunchServiceHandlerDecorator.launch(LaunchServiceHandlerDecorator.java:30) ~[modlauncher-10.0.9.jar%2353!/:?]
	at cpw.mods.modlauncher.LaunchServiceHandler.launch(LaunchServiceHandler.java:53) ~[modlauncher-10.0.9.jar%2353!/:?]
	at cpw.mods.modlauncher.LaunchServiceHandler.launch(LaunchServiceHandler.java:71) ~[modlauncher-10.0.9.jar%2353!/:?]
	at cpw.mods.modlauncher.Launcher.run(Launcher.java:108) ~[modlauncher-10.0.9.jar%2353!/:?]
	at cpw.mods.modlauncher.Launcher.main(Launcher.java:78) ~[modlauncher-10.0.9.jar%2353!/:?]
	at cpw.mods.modlauncher.BootstrapLaunchConsumer.accept(BootstrapLaunchConsumer.java:26) ~[modlauncher-10.0.9.jar%2353!/:?]
	at cpw.mods.modlauncher.BootstrapLaunchConsumer.accept(BootstrapLaunchConsumer.java:23) ~[modlauncher-10.0.9.jar%2353!/:?]
	at cpw.mods.bootstraplauncher.BootstrapLauncher.main(BootstrapLauncher.java:141) ~[bootstraplauncher-1.1.2.jar:?]
[04Aug2026 17:25:03.863] [main/ERROR] [com.iafenvoy.jupiter.Jupiter/]: Cannot load key=Dangerous Wither Skull Damage (default: 22.0), type=java.lang.Double in config=witherreincarnated:COMMON
java.lang.NullPointerException: Cannot invoke "Object.getClass()" because "value" is null
	at com.iafenvoy.jupiter.compat.forgeconfigspec.NightConfigHolder.processEntry(NightConfigHolder.java:157) ~[jupiter-2.3.7-1.20.1-forge.jar%23560!/:?]
	at com.iafenvoy.jupiter.compat.forgeconfigspec.NightConfigHolder.process(NightConfigHolder.java:126) ~[jupiter-2.3.7-1.20.1-forge.jar%23560!/:?]
	at com.iafenvoy.jupiter.compat.forgeconfigspec.NightConfigHolder.buildGroup(NightConfigHolder.java:98) ~[jupiter-2.3.7-1.20.1-forge.jar%23560!/:?]
	at com.iafenvoy.jupiter.compat.forgeconfigspec.NightConfigHolder.buildGroup(NightConfigHolder.java:113) ~[jupiter-2.3.7-1.20.1-forge.jar%23560!/:?]
	at com.iafenvoy.jupiter.compat.forgeconfigspec.NightConfigHolder.buildGroups(NightConfigHolder.java:87) ~[jupiter-2.3.7-1.20.1-forge.jar%23560!/:?]
	at com.iafenvoy.jupiter.compat.forgeconfigspec.NightConfigHolder.buildGroups(NightConfigHolder.java:33) ~[jupiter-2.3.7-1.20.1-forge.jar%23560!/:?]
	at com.iafenvoy.jupiter.config.container.wrapper.ExtraConfigWrapper.<init>(ExtraConfigWrapper.java:27) ~[jupiter-2.3.7-1.20.1-forge.jar%23560!/:?]
	at com.iafenvoy.jupiter.compat.forgeconfigspec.ConfigSpecLoader.scanConfig(ConfigSpecLoader.java:72) ~[jupiter-2.3.7-1.20.1-forge.jar%23560!/:?]
	at com.iafenvoy.jupiter.compat.ExtraConfigManager.scanConfigs(ExtraConfigManager.java:29) ~[jupiter-2.3.7-1.20.1-forge.jar%23560!/:?]
	at com.iafenvoy.jupiter.ServerConfigManager.m_6213_(ServerConfigManager.java:48) ~[jupiter-2.3.7-1.20.1-forge.jar%23560!/:?]
	at net.minecraft.server.packs.resources.ResourceManagerReloadListener.m_10759_(ResourceManagerReloadListener.java:15) ~[server-1.20.1-20230612.114412-srg.jar%23696!/:?]
	at java.util.concurrent.CompletableFuture$UniRun.tryFire(CompletableFuture.java:787) ~[?:?]
	at java.util.concurrent.CompletableFuture$Completion.run(CompletableFuture.java:482) ~[?:?]
	at net.minecraft.server.packs.resources.SimpleReloadInstance.m_143940_(SimpleReloadInstance.java:69) ~[server-1.20.1-20230612.114412-srg.jar%23696!/:?]
	at net.minecraft.Util.m_214652_(Util.java:783) ~[server-1.20.1-20230612.114412-srg.jar%23696!/:?]
	at net.minecraft.Util.m_214679_(Util.java:772) ~[server-1.20.1-20230612.114412-srg.jar%23696!/:?]
	at net.minecraft.server.Main.main(Main.java:166) ~[server-1.20.1-20230612.114412-srg.jar%23696!/:?]
	at jdk.internal.reflect.NativeMethodAccessorImpl.invoke0(Native Method) ~[?:?]
	at jdk.internal.reflect.NativeMethodAccessorImpl.invoke(NativeMethodAccessorImpl.java:77) ~[?:?]
	at jdk.internal.reflect.DelegatingMethodAccessorImpl.invoke(DelegatingMethodAccessorImpl.java:43) ~[?:?]
	at java.lang.reflect.Method.invoke(Method.java:569) ~[?:?]
	at net.minecraftforge.fml.loading.targets.CommonLaunchHandler.runTarget(CommonLaunchHandler.java:111) ~[fmlloader-1.20.1-47.4.22.jar%2367!/:?]
	at net.minecraftforge.fml.loading.targets.CommonLaunchHandler.serverService(CommonLaunchHandler.java:103) ~[fmlloader-1.20.1-47.4.22.jar%2367!/:?]
	at net.minecraftforge.fml.loading.targets.CommonServerLaunchHandler.lambda$makeService$0(CommonServerLaunchHandler.java:27) ~[fmlloader-1.20.1-47.4.22.jar%2367!/:?]
	at cpw.mods.modlauncher.LaunchServiceHandlerDecorator.launch(LaunchServiceHandlerDecorator.java:30) ~[modlauncher-10.0.9.jar%2353!/:?]
	at cpw.mods.modlauncher.LaunchServiceHandler.launch(LaunchServiceHandler.java:53) ~[modlauncher-10.0.9.jar%2353!/:?]
	at cpw.mods.modlauncher.LaunchServiceHandler.launch(LaunchServiceHandler.java:71) ~[modlauncher-10.0.9.jar%2353!/:?]
	at cpw.mods.modlauncher.Launcher.run(Launcher.java:108) ~[modlauncher-10.0.9.jar%2353!/:?]
	at cpw.mods.modlauncher.Launcher.main(Launcher.java:78) ~[modlauncher-10.0.9.jar%2353!/:?]
	at cpw.mods.modlauncher.BootstrapLaunchConsumer.accept(BootstrapLaunchConsumer.java:26) ~[modlauncher-10.0.9.jar%2353!/:?]
	at cpw.mods.modlauncher.BootstrapLaunchConsumer.accept(BootstrapLaunchConsumer.java:23) ~[modlauncher-10.0.9.jar%2353!/:?]
	at cpw.mods.bootstraplauncher.BootstrapLauncher.main(BootstrapLauncher.java:141) ~[bootstraplauncher-1.1.2.jar:?]
[04Aug2026 17:25:03.863] [main/ERROR] [com.iafenvoy.jupiter.Jupiter/]: Cannot load key=Dangerous Wither Skull Explosion Damage (default: 18.0), type=java.lang.Double in config=witherreincarnated:COMMON
java.lang.NullPointerException: Cannot invoke "Object.getClass()" because "value" is null
	at com.iafenvoy.jupiter.compat.forgeconfigspec.NightConfigHolder.processEntry(NightConfigHolder.java:157) ~[jupiter-2.3.7-1.20.1-forge.jar%23560!/:?]
	at com.iafenvoy.jupiter.compat.forgeconfigspec.NightConfigHolder.process(NightConfigHolder.java:126) ~[jupiter-2.3.7-1.20.1-forge.jar%23560!/:?]
	at com.iafenvoy.jupiter.compat.forgeconfigspec.NightConfigHolder.buildGroup(NightConfigHolder.java:98) ~[jupiter-2.3.7-1.20.1-forge.jar%23560!/:?]
	at com.iafenvoy.jupiter.compat.forgeconfigspec.NightConfigHolder.buildGroup(NightConfigHolder.java:113) ~[jupiter-2.3.7-1.20.1-forge.jar%23560!/:?]
	at com.iafenvoy.jupiter.compat.forgeconfigspec.NightConfigHolder.buildGroups(NightConfigHolder.java:87) ~[jupiter-2.3.7-1.20.1-forge.jar%23560!/:?]
	at com.iafenvoy.jupiter.compat.forgeconfigspec.NightConfigHolder.buildGroups(NightConfigHolder.java:33) ~[jupiter-2.3.7-1.20.1-forge.jar%23560!/:?]
	at com.iafenvoy.jupiter.config.container.wrapper.ExtraConfigWrapper.<init>(ExtraConfigWrapper.java:27) ~[jupiter-2.3.7-1.20.1-forge.jar%23560!/:?]
	at com.iafenvoy.jupiter.compat.forgeconfigspec.ConfigSpecLoader.scanConfig(ConfigSpecLoader.java:72) ~[jupiter-2.3.7-1.20.1-forge.jar%23560!/:?]
	at com.iafenvoy.jupiter.compat.ExtraConfigManager.scanConfigs(ExtraConfigManager.java:29) ~[jupiter-2.3.7-1.20.1-forge.jar%23560!/:?]
	at com.iafenvoy.jupiter.ServerConfigManager.m_6213_(ServerConfigManager.java:48) ~[jupiter-2.3.7-1.20.1-forge.jar%23560!/:?]
	at net.minecraft.server.packs.resources.ResourceManagerReloadListener.m_10759_(ResourceManagerReloadListener.java:15) ~[server-1.20.1-20230612.114412-srg.jar%23696!/:?]
	at java.util.concurrent.CompletableFuture$UniRun.tryFire(CompletableFuture.java:787) ~[?:?]
	at java.util.concurrent.CompletableFuture$Completion.run(CompletableFuture.java:482) ~[?:?]
	at net.minecraft.server.packs.resources.SimpleReloadInstance.m_143940_(SimpleReloadInstance.java:69) ~[server-1.20.1-20230612.114412-srg.jar%23696!/:?]
	at net.minecraft.Util.m_214652_(Util.java:783) ~[server-1.20.1-20230612.114412-srg.jar%23696!/:?]
	at net.minecraft.Util.m_214679_(Util.java:772) ~[server-1.20.1-20230612.114412-srg.jar%23696!/:?]
	at net.minecraft.server.Main.main(Main.java:166) ~[server-1.20.1-20230612.114412-srg.jar%23696!/:?]
	at jdk.internal.reflect.NativeMethodAccessorImpl.invoke0(Native Method) ~[?:?]
	at jdk.internal.reflect.NativeMethodAccessorImpl.invoke(NativeMethodAccessorImpl.java:77) ~[?:?]
	at jdk.internal.reflect.DelegatingMethodAccessorImpl.invoke(DelegatingMethodAccessorImpl.java:43) ~[?:?]
	at java.lang.reflect.Method.invoke(Method.java:569) ~[?:?]
	at net.minecraftforge.fml.loading.targets.CommonLaunchHandler.runTarget(CommonLaunchHandler.java:111) ~[fmlloader-1.20.1-47.4.22.jar%2367!/:?]
	at net.minecraftforge.fml.loading.targets.CommonLaunchHandler.serverService(CommonLaunchHandler.java:103) ~[fmlloader-1.20.1-47.4.22.jar%2367!/:?]
	at net.minecraftforge.fml.loading.targets.CommonServerLaunchHandler.lambda$makeService$0(CommonServerLaunchHandler.java:27) ~[fmlloader-1.20.1-47.4.22.jar%2367!/:?]
	at cpw.mods.modlauncher.LaunchServiceHandlerDecorator.launch(LaunchServiceHandlerDecorator.java:30) ~[modlauncher-10.0.9.jar%2353!/:?]
	at cpw.mods.modlauncher.LaunchServiceHandler.launch(LaunchServiceHandler.java:53) ~[modlauncher-10.0.9.jar%2353!/:?]
	at cpw.mods.modlauncher.LaunchServiceHandler.launch(LaunchServiceHandler.java:71) ~[modlauncher-10.0.9.jar%2353!/:?]
	at cpw.mods.modlauncher.Launcher.run(Launcher.java:108) ~[modlauncher-10.0.9.jar%2353!/:?]
	at cpw.mods.modlauncher.Launcher.main(Launcher.java:78) ~[modlauncher-10.0.9.jar%2353!/:?]
	at cpw.mods.modlauncher.BootstrapLaunchConsumer.accept(BootstrapLaunchConsumer.java:26) ~[modlauncher-10.0.9.jar%2353!/:?]
	at cpw.mods.modlauncher.BootstrapLaunchConsumer.accept(BootstrapLaunchConsumer.java:23) ~[modlauncher-10.0.9.jar%2353!/:?]
	at cpw.mods.bootstraplauncher.BootstrapLauncher.main(BootstrapLauncher.java:141) ~[bootstraplauncher-1.1.2.jar:?]
[04Aug2026 17:25:03.864] [main/ERROR] [com.iafenvoy.jupiter.Jupiter/]: Cannot load key=Dangerous Wither Skull Explosion Size (default: 5.0), type=java.lang.Double in config=witherreincarnated:COMMON
java.lang.NullPointerException: Cannot invoke "Object.getClass()" because "value" is null
	at com.iafenvoy.jupiter.compat.forgeconfigspec.NightConfigHolder.processEntry(NightConfigHolder.java:157) ~[jupiter-2.3.7-1.20.1-forge.jar%23560!/:?]
	at com.iafenvoy.jupiter.compat.forgeconfigspec.NightConfigHolder.process(NightConfigHolder.java:126) ~[jupiter-2.3.7-1.20.1-forge.jar%23560!/:?]
	at com.iafenvoy.jupiter.compat.forgeconfigspec.NightConfigHolder.buildGroup(NightConfigHolder.java:98) ~[jupiter-2.3.7-1.20.1-forge.jar%23560!/:?]
	at com.iafenvoy.jupiter.compat.forgeconfigspec.NightConfigHolder.buildGroup(NightConfigHolder.java:113) ~[jupiter-2.3.7-1.20.1-forge.jar%23560!/:?]
	at com.iafenvoy.jupiter.compat.forgeconfigspec.NightConfigHolder.buildGroups(NightConfigHolder.java:87) ~[jupiter-2.3.7-1.20.1-forge.jar%23560!/:?]
	at com.iafenvoy.jupiter.compat.forgeconfigspec.NightConfigHolder.buildGroups(NightConfigHolder.java:33) ~[jupiter-2.3.7-1.20.1-forge.jar%23560!/:?]
	at com.iafenvoy.jupiter.config.container.wrapper.ExtraConfigWrapper.<init>(ExtraConfigWrapper.java:27) ~[jupiter-2.3.7-1.20.1-forge.jar%23560!/:?]
	at com.iafenvoy.jupiter.compat.forgeconfigspec.ConfigSpecLoader.scanConfig(ConfigSpecLoader.java:72) ~[jupiter-2.3.7-1.20.1-forge.jar%23560!/:?]
	at com.iafenvoy.jupiter.compat.ExtraConfigManager.scanConfigs(ExtraConfigManager.java:29) ~[jupiter-2.3.7-1.20.1-forge.jar%23560!/:?]
	at com.iafenvoy.jupiter.ServerConfigManager.m_6213_(ServerConfigManager.java:48) ~[jupiter-2.3.7-1.20.1-forge.jar%23560!/:?]
	at net.minecraft.server.packs.resources.ResourceManagerReloadListener.m_10759_(ResourceManagerReloadListener.java:15) ~[server-1.20.1-20230612.114412-srg.jar%23696!/:?]
	at java.util.concurrent.CompletableFuture$UniRun.tryFire(CompletableFuture.java:787) ~[?:?]
	at java.util.concurrent.CompletableFuture$Completion.run(CompletableFuture.java:482) ~[?:?]
	at net.minecraft.server.packs.resources.SimpleReloadInstance.m_143940_(SimpleReloadInstance.java:69) ~[server-1.20.1-20230612.114412-srg.jar%23696!/:?]
	at net.minecraft.Util.m_214652_(Util.java:783) ~[server-1.20.1-20230612.114412-srg.jar%23696!/:?]
	at net.minecraft.Util.m_214679_(Util.java:772) ~[server-1.20.1-20230612.114412-srg.jar%23696!/:?]
	at net.minecraft.server.Main.main(Main.java:166) ~[server-1.20.1-20230612.114412-srg.jar%23696!/:?]
	at jdk.internal.reflect.NativeMethodAccessorImpl.invoke0(Native Method) ~[?:?]
	at jdk.internal.reflect.NativeMethodAccessorImpl.invoke(NativeMethodAccessorImpl.java:77) ~[?:?]
	at jdk.internal.reflect.DelegatingMethodAccessorImpl.invoke(DelegatingMethodAccessorImpl.java:43) ~[?:?]
	at java.lang.reflect.Method.invoke(Method.java:569) ~[?:?]
	at net.minecraftforge.fml.loading.targets.CommonLaunchHandler.runTarget(CommonLaunchHandler.java:111) ~[fmlloader-1.20.1-47.4.22.jar%2367!/:?]
	at net.minecraftforge.fml.loading.targets.CommonLaunchHandler.serverService(CommonLaunchHandler.java:103) ~[fmlloader-1.20.1-47.4.22.jar%2367!/:?]
	at net.minecraftforge.fml.loading.targets.CommonServerLaunchHandler.lambda$makeService$0(CommonServerLaunchHandler.java:27) ~[fmlloader-1.20.1-47.4.22.jar%2367!/:?]
	at cpw.mods.modlauncher.LaunchServiceHandlerDecorator.launch(LaunchServiceHandlerDecorator.java:30) ~[modlauncher-10.0.9.jar%2353!/:?]
	at cpw.mods.modlauncher.LaunchServiceHandler.launch(LaunchServiceHandler.java:53) ~[modlauncher-10.0.9.jar%2353!/:?]
	at cpw.mods.modlauncher.LaunchServiceHandler.launch(LaunchServiceHandler.java:71) ~[modlauncher-10.0.9.jar%2353!/:?]
	at cpw.mods.modlauncher.Launcher.run(Launcher.java:108) ~[modlauncher-10.0.9.jar%2353!/:?]
	at cpw.mods.modlauncher.Launcher.main(Launcher.java:78) ~[modlauncher-10.0.9.jar%2353!/:?]
	at cpw.mods.modlauncher.BootstrapLaunchConsumer.accept(BootstrapLaunchConsumer.java:26) ~[modlauncher-10.0.9.jar%2353!/:?]
	at cpw.mods.modlauncher.BootstrapLaunchConsumer.accept(BootstrapLaunchConsumer.java:23) ~[modlauncher-10.0.9.jar%2353!/:?]
	at cpw.mods.bootstraplauncher.BootstrapLauncher.main(BootstrapLauncher.java:141) ~[bootstraplauncher-1.1.2.jar:?]
[04Aug2026 17:25:03.864] [main/ERROR] [com.iafenvoy.jupiter.Jupiter/]: Cannot load key=Dangerous Wither Skull Deflected Damage (default: 30.0), type=java.lang.Double in config=witherreincarnated:COMMON
java.lang.NullPointerException: Cannot invoke "Object.getClass()" because "value" is null
	at com.iafenvoy.jupiter.compat.forgeconfigspec.NightConfigHolder.processEntry(NightConfigHolder.java:157) ~[jupiter-2.3.7-1.20.1-forge.jar%23560!/:?]
	at com.iafenvoy.jupiter.compat.forgeconfigspec.NightConfigHolder.process(NightConfigHolder.java:126) ~[jupiter-2.3.7-1.20.1-forge.jar%23560!/:?]
	at com.iafenvoy.jupiter.compat.forgeconfigspec.NightConfigHolder.buildGroup(NightConfigHolder.java:98) ~[jupiter-2.3.7-1.20.1-forge.jar%23560!/:?]
	at com.iafenvoy.jupiter.compat.forgeconfigspec.NightConfigHolder.buildGroup(NightConfigHolder.java:113) ~[jupiter-2.3.7-1.20.1-forge.jar%23560!/:?]
	at com.iafenvoy.jupiter.compat.forgeconfigspec.NightConfigHolder.buildGroups(NightConfigHolder.java:87) ~[jupiter-2.3.7-1.20.1-forge.jar%23560!/:?]
	at com.iafenvoy.jupiter.compat.forgeconfigspec.NightConfigHolder.buildGroups(NightConfigHolder.java:33) ~[jupiter-2.3.7-1.20.1-forge.jar%23560!/:?]
	at com.iafenvoy.jupiter.config.container.wrapper.ExtraConfigWrapper.<init>(ExtraConfigWrapper.java:27) ~[jupiter-2.3.7-1.20.1-forge.jar%23560!/:?]
	at com.iafenvoy.jupiter.compat.forgeconfigspec.ConfigSpecLoader.scanConfig(ConfigSpecLoader.java:72) ~[jupiter-2.3.7-1.20.1-forge.jar%23560!/:?]
	at com.iafenvoy.jupiter.compat.ExtraConfigManager.scanConfigs(ExtraConfigManager.java:29) ~[jupiter-2.3.7-1.20.1-forge.jar%23560!/:?]
	at com.iafenvoy.jupiter.ServerConfigManager.m_6213_(ServerConfigManager.java:48) ~[jupiter-2.3.7-1.20.1-forge.jar%23560!/:?]
	at net.minecraft.server.packs.resources.ResourceManagerReloadListener.m_10759_(ResourceManagerReloadListener.java:15) ~[server-1.20.1-20230612.114412-srg.jar%23696!/:?]
	at java.util.concurrent.CompletableFuture$UniRun.tryFire(CompletableFuture.java:787) ~[?:?]
	at java.util.concurrent.CompletableFuture$Completion.run(CompletableFuture.java:482) ~[?:?]
	at net.minecraft.server.packs.resources.SimpleReloadInstance.m_143940_(SimpleReloadInstance.java:69) ~[server-1.20.1-20230612.114412-srg.jar%23696!/:?]
	at net.minecraft.Util.m_214652_(Util.java:783) ~[server-1.20.1-20230612.114412-srg.jar%23696!/:?]
	at net.minecraft.Util.m_214679_(Util.java:772) ~[server-1.20.1-20230612.114412-srg.jar%23696!/:?]
	at net.minecraft.server.Main.main(Main.java:166) ~[server-1.20.1-20230612.114412-srg.jar%23696!/:?]
	at jdk.internal.reflect.NativeMethodAccessorImpl.invoke0(Native Method) ~[?:?]
	at jdk.internal.reflect.NativeMethodAccessorImpl.invoke(NativeMethodAccessorImpl.java:77) ~[?:?]
	at jdk.internal.reflect.DelegatingMethodAccessorImpl.invoke(DelegatingMethodAccessorImpl.java:43) ~[?:?]
	at java.lang.reflect.Method.invoke(Method.java:569) ~[?:?]
	at net.minecraftforge.fml.loading.targets.CommonLaunchHandler.runTarget(CommonLaunchHandler.java:111) ~[fmlloader-1.20.1-47.4.22.jar%2367!/:?]
	at net.minecraftforge.fml.loading.targets.CommonLaunchHandler.serverService(CommonLaunchHandler.java:103) ~[fmlloader-1.20.1-47.4.22.jar%2367!/:?]
	at net.minecraftforge.fml.loading.targets.CommonServerLaunchHandler.lambda$makeService$0(CommonServerLaunchHandler.java:27) ~[fmlloader-1.20.1-47.4.22.jar%2367!/:?]
	at cpw.mods.modlauncher.LaunchServiceHandlerDecorator.launch(LaunchServiceHandlerDecorator.java:30) ~[modlauncher-10.0.9.jar%2353!/:?]
	at cpw.mods.modlauncher.LaunchServiceHandler.launch(LaunchServiceHandler.java:53) ~[modlauncher-10.0.9.jar%2353!/:?]
	at cpw.mods.modlauncher.LaunchServiceHandler.launch(LaunchServiceHandler.java:71) ~[modlauncher-10.0.9.jar%2353!/:?]
	at cpw.mods.modlauncher.Launcher.run(Launcher.java:108) ~[modlauncher-10.0.9.jar%2353!/:?]
	at cpw.mods.modlauncher.Launcher.main(Launcher.java:78) ~[modlauncher-10.0.9.jar%2353!/:?]
	at cpw.mods.modlauncher.BootstrapLaunchConsumer.accept(BootstrapLaunchConsumer.java:26) ~[modlauncher-10.0.9.jar%2353!/:?]
	at cpw.mods.modlauncher.BootstrapLaunchConsumer.accept(BootstrapLaunchConsumer.java:23) ~[modlauncher-10.0.9.jar%2353!/:?]
	at cpw.mods.bootstraplauncher.BootstrapLauncher.main(BootstrapLauncher.java:141) ~[bootstraplauncher-1.1.2.jar:?]
[04Aug2026 17:25:03.865] [main/ERROR] [com.iafenvoy.jupiter.Jupiter/]: Cannot load key=Laser Damage (default: 3.0), type=java.lang.Double in config=witherreincarnated:COMMON
java.lang.NullPointerException: Cannot invoke "Object.getClass()" because "value" is null
	at com.iafenvoy.jupiter.compat.forgeconfigspec.NightConfigHolder.processEntry(NightConfigHolder.java:157) ~[jupiter-2.3.7-1.20.1-forge.jar%23560!/:?]
	at com.iafenvoy.jupiter.compat.forgeconfigspec.NightConfigHolder.process(NightConfigHolder.java:126) ~[jupiter-2.3.7-1.20.1-forge.jar%23560!/:?]
	at com.iafenvoy.jupiter.compat.forgeconfigspec.NightConfigHolder.buildGroup(NightConfigHolder.java:98) ~[jupiter-2.3.7-1.20.1-forge.jar%23560!/:?]
	at com.iafenvoy.jupiter.compat.forgeconfigspec.NightConfigHolder.buildGroup(NightConfigHolder.java:113) ~[jupiter-2.3.7-1.20.1-forge.jar%23560!/:?]
	at com.iafenvoy.jupiter.compat.forgeconfigspec.NightConfigHolder.buildGroups(NightConfigHolder.java:87) ~[jupiter-2.3.7-1.20.1-forge.jar%23560!/:?]
	at com.iafenvoy.jupiter.compat.forgeconfigspec.NightConfigHolder.buildGroups(NightConfigHolder.java:33) ~[jupiter-2.3.7-1.20.1-forge.jar%23560!/:?]
	at com.iafenvoy.jupiter.config.container.wrapper.ExtraConfigWrapper.<init>(ExtraConfigWrapper.java:27) ~[jupiter-2.3.7-1.20.1-forge.jar%23560!/:?]
	at com.iafenvoy.jupiter.compat.forgeconfigspec.ConfigSpecLoader.scanConfig(ConfigSpecLoader.java:72) ~[jupiter-2.3.7-1.20.1-forge.jar%23560!/:?]
	at com.iafenvoy.jupiter.compat.ExtraConfigManager.scanConfigs(ExtraConfigManager.java:29) ~[jupiter-2.3.7-1.20.1-forge.jar%23560!/:?]
	at com.iafenvoy.jupiter.ServerConfigManager.m_6213_(ServerConfigManager.java:48) ~[jupiter-2.3.7-1.20.1-forge.jar%23560!/:?]
	at net.minecraft.server.packs.resources.ResourceManagerReloadListener.m_10759_(ResourceManagerReloadListener.java:15) ~[server-1.20.1-20230612.114412-srg.jar%23696!/:?]
	at java.util.concurrent.CompletableFuture$UniRun.tryFire(CompletableFuture.java:787) ~[?:?]
	at java.util.concurrent.CompletableFuture$Completion.run(CompletableFuture.java:482) ~[?:?]
	at net.minecraft.server.packs.resources.SimpleReloadInstance.m_143940_(SimpleReloadInstance.java:69) ~[server-1.20.1-20230612.114412-srg.jar%23696!/:?]
	at net.minecraft.Util.m_214652_(Util.java:783) ~[server-1.20.1-20230612.114412-srg.jar%23696!/:?]
	at net.minecraft.Util.m_214679_(Util.java:772) ~[server-1.20.1-20230612.114412-srg.jar%23696!/:?]
	at net.minecraft.server.Main.main(Main.java:166) ~[server-1.20.1-20230612.114412-srg.jar%23696!/:?]
	at jdk.internal.reflect.NativeMethodAccessorImpl.invoke0(Native Method) ~[?:?]
	at jdk.internal.reflect.NativeMethodAccessorImpl.invoke(NativeMethodAccessorImpl.java:77) ~[?:?]
	at jdk.internal.reflect.DelegatingMethodAccessorImpl.invoke(DelegatingMethodAccessorImpl.java:43) ~[?:?]
	at java.lang.reflect.Method.invoke(Method.java:569) ~[?:?]
	at net.minecraftforge.fml.loading.targets.CommonLaunchHandler.runTarget(CommonLaunchHandler.java:111) ~[fmlloader-1.20.1-47.4.22.jar%2367!/:?]
	at net.minecraftforge.fml.loading.targets.CommonLaunchHandler.serverService(CommonLaunchHandler.java:103) ~[fmlloader-1.20.1-47.4.22.jar%2367!/:?]
	at net.minecraftforge.fml.loading.targets.CommonServerLaunchHandler.lambda$makeService$0(CommonServerLaunchHandler.java:27) ~[fmlloader-1.20.1-47.4.22.jar%2367!/:?]
	at cpw.mods.modlauncher.LaunchServiceHandlerDecorator.launch(LaunchServiceHandlerDecorator.java:30) ~[modlauncher-10.0.9.jar%2353!/:?]
	at cpw.mods.modlauncher.LaunchServiceHandler.launch(LaunchServiceHandler.java:53) ~[modlauncher-10.0.9.jar%2353!/:?]
	at cpw.mods.modlauncher.LaunchServiceHandler.launch(LaunchServiceHandler.java:71) ~[modlauncher-10.0.9.jar%2353!/:?]
	at cpw.mods.modlauncher.Launcher.run(Launcher.java:108) ~[modlauncher-10.0.9.jar%2353!/:?]
	at cpw.mods.modlauncher.Launcher.main(Launcher.java:78) ~[modlauncher-10.0.9.jar%2353!/:?]
	at cpw.mods.modlauncher.BootstrapLaunchConsumer.accept(BootstrapLaunchConsumer.java:26) ~[modlauncher-10.0.9.jar%2353!/:?]
	at cpw.mods.modlauncher.BootstrapLaunchConsumer.accept(BootstrapLaunchConsumer.java:23) ~[modlauncher-10.0.9.jar%2353!/:?]
	at cpw.mods.bootstraplauncher.BootstrapLauncher.main(BootstrapLauncher.java:141) ~[bootstraplauncher-1.1.2.jar:?]
[04Aug2026 17:25:03.866] [main/ERROR] [com.iafenvoy.jupiter.Jupiter/]: Cannot load key=Charge Damage (default: 30.0), type=java.lang.Double in config=witherreincarnated:COMMON
java.lang.NullPointerException: Cannot invoke "Object.getClass()" because "value" is null
	at com.iafenvoy.jupiter.compat.forgeconfigspec.NightConfigHolder.processEntry(NightConfigHolder.java:157) ~[jupiter-2.3.7-1.20.1-forge.jar%23560!/:?]
	at com.iafenvoy.jupiter.compat.forgeconfigspec.NightConfigHolder.process(NightConfigHolder.java:126) ~[jupiter-2.3.7-1.20.1-forge.jar%23560!/:?]
	at com.iafenvoy.jupiter.compat.forgeconfigspec.NightConfigHolder.buildGroup(NightConfigHolder.java:98) ~[jupiter-2.3.7-1.20.1-forge.jar%23560!/:?]
	at com.iafenvoy.jupiter.compat.forgeconfigspec.NightConfigHolder.buildGroup(NightConfigHolder.java:113) ~[jupiter-2.3.7-1.20.1-forge.jar%23560!/:?]
	at com.iafenvoy.jupiter.compat.forgeconfigspec.NightConfigHolder.buildGroups(NightConfigHolder.java:87) ~[jupiter-2.3.7-1.20.1-forge.jar%23560!/:?]
	at com.iafenvoy.jupiter.compat.forgeconfigspec.NightConfigHolder.buildGroups(NightConfigHolder.java:33) ~[jupiter-2.3.7-1.20.1-forge.jar%23560!/:?]
	at com.iafenvoy.jupiter.config.container.wrapper.ExtraConfigWrapper.<init>(ExtraConfigWrapper.java:27) ~[jupiter-2.3.7-1.20.1-forge.jar%23560!/:?]
	at com.iafenvoy.jupiter.compat.forgeconfigspec.ConfigSpecLoader.scanConfig(ConfigSpecLoader.java:72) ~[jupiter-2.3.7-1.20.1-forge.jar%23560!/:?]
	at com.iafenvoy.jupiter.compat.ExtraConfigManager.scanConfigs(ExtraConfigManager.java:29) ~[jupiter-2.3.7-1.20.1-forge.jar%23560!/:?]
	at com.iafenvoy.jupiter.ServerConfigManager.m_6213_(ServerConfigManager.java:48) ~[jupiter-2.3.7-1.20.1-forge.jar%23560!/:?]
	at net.minecraft.server.packs.resources.ResourceManagerReloadListener.m_10759_(ResourceManagerReloadListener.java:15) ~[server-1.20.1-20230612.114412-srg.jar%23696!/:?]
	at java.util.concurrent.CompletableFuture$UniRun.tryFire(CompletableFuture.java:787) ~[?:?]
	at java.util.concurrent.CompletableFuture$Completion.run(CompletableFuture.java:482) ~[?:?]
	at net.minecraft.server.packs.resources.SimpleReloadInstance.m_143940_(SimpleReloadInstance.java:69) ~[server-1.20.1-20230612.114412-srg.jar%23696!/:?]
	at net.minecraft.Util.m_214652_(Util.java:783) ~[server-1.20.1-20230612.114412-srg.jar%23696!/:?]
	at net.minecraft.Util.m_214679_(Util.java:772) ~[server-1.20.1-20230612.114412-srg.jar%23696!/:?]
	at net.minecraft.server.Main.main(Main.java:166) ~[server-1.20.1-20230612.114412-srg.jar%23696!/:?]
	at jdk.internal.reflect.NativeMethodAccessorImpl.invoke0(Native Method) ~[?:?]
	at jdk.internal.reflect.NativeMethodAccessorImpl.invoke(NativeMethodAccessorImpl.java:77) ~[?:?]
	at jdk.internal.reflect.DelegatingMethodAccessorImpl.invoke(DelegatingMethodAccessorImpl.java:43) ~[?:?]
	at java.lang.reflect.Method.invoke(Method.java:569) ~[?:?]
	at net.minecraftforge.fml.loading.targets.CommonLaunchHandler.runTarget(CommonLaunchHandler.java:111) ~[fmlloader-1.20.1-47.4.22.jar%2367!/:?]
	at net.minecraftforge.fml.loading.targets.CommonLaunchHandler.serverService(CommonLaunchHandler.java:103) ~[fmlloader-1.20.1-47.4.22.jar%2367!/:?]
	at net.minecraftforge.fml.loading.targets.CommonServerLaunchHandler.lambda$makeService$0(CommonServerLaunchHandler.java:27) ~[fmlloader-1.20.1-47.4.22.jar%2367!/:?]
	at cpw.mods.modlauncher.LaunchServiceHandlerDecorator.launch(LaunchServiceHandlerDecorator.java:30) ~[modlauncher-10.0.9.jar%2353!/:?]
	at cpw.mods.modlauncher.LaunchServiceHandler.launch(LaunchServiceHandler.java:53) ~[modlauncher-10.0.9.jar%2353!/:?]
	at cpw.mods.modlauncher.LaunchServiceHandler.launch(LaunchServiceHandler.java:71) ~[modlauncher-10.0.9.jar%2353!/:?]
	at cpw.mods.modlauncher.Launcher.run(Launcher.java:108) ~[modlauncher-10.0.9.jar%2353!/:?]
	at cpw.mods.modlauncher.Launcher.main(Launcher.java:78) ~[modlauncher-10.0.9.jar%2353!/:?]
	at cpw.mods.modlauncher.BootstrapLaunchConsumer.accept(BootstrapLaunchConsumer.java:26) ~[modlauncher-10.0.9.jar%2353!/:?]
	at cpw.mods.modlauncher.BootstrapLaunchConsumer.accept(BootstrapLaunchConsumer.java:23) ~[modlauncher-10.0.9.jar%2353!/:?]
	at cpw.mods.bootstraplauncher.BootstrapLauncher.main(BootstrapLauncher.java:141) ~[bootstraplauncher-1.1.2.jar:?]
[04Aug2026 17:25:03.875] [main/WARN] [com.iafenvoy.jupiter.Jupiter/]: Cannot find suitable entry for key=swing_physics, type=com.electronwill.nightconfig.core.SimpleCommentedConfig in config=amendments:CLIENT
[04Aug2026 17:25:03.875] [main/WARN] [com.iafenvoy.jupiter.Jupiter/]: Cannot find suitable entry for key=swing_physics, type=com.electronwill.nightconfig.core.SimpleCommentedConfig in config=amendments:CLIENT
[04Aug2026 17:25:03.980] [main/WARN] [com.iafenvoy.jupiter.Jupiter/]: Notice: Jupiter cannot resolve 17 empty List<Enum> since technical issue in Java, it is recommended to add a value in default value list.
[04Aug2026 17:25:03.981] [main/INFO] [com.iafenvoy.jupiter.Jupiter/]: Config spec loading complete, found 70 configs from 69 mods.
[04Aug2026 17:25:03.992] [main/INFO] [com.iafenvoy.jupiter.Jupiter/]: Cloth Config loading complete, found 4 configs from 4 mods.
[04Aug2026 17:25:03.993] [main/INFO] [com.iafenvoy.jupiter.Jupiter/]: Successfully reload 74 server config(s).
[04Aug2026 17:25:04.128] [main/ERROR] [com.craisinlord.integrated_api.IntegratedAPI/]: Integrated API Error: Couldn't parse spawner mob list idas:dread_citadel
java.lang.Exception: Error: iceandfire:dread_lich is not a valid entity ID!
	at com.craisinlord.integrated_api.misc.mobspawners.MobSpawnerObj.setEntityType(MobSpawnerObj.java:37) ~[integrated_api-1.7.4+1.20.1-forge.jar%23550!/:?]
	at com.craisinlord.integrated_api.misc.mobspawners.MobSpawnerManager.lambda$apply$0(MobSpawnerManager.java:41) ~[integrated_api-1.7.4+1.20.1-forge.jar%23550!/:?]
	at java.util.HashMap.forEach(HashMap.java:1421) ~[?:?]
	at com.craisinlord.integrated_api.misc.mobspawners.MobSpawnerManager.apply(MobSpawnerManager.java:36) ~[integrated_api-1.7.4+1.20.1-forge.jar%23550!/:?]
	at com.craisinlord.integrated_api.misc.mobspawners.MobSpawnerManager.m_5787_(MobSpawnerManager.java:23) ~[integrated_api-1.7.4+1.20.1-forge.jar%23550!/:?]
	at net.minecraft.server.packs.resources.SimplePreparableReloadListener.m_10789_(SimplePreparableReloadListener.java:13) ~[server-1.20.1-20230612.114412-srg.jar%23696!/:?]
	at java.util.concurrent.CompletableFuture$UniAccept.tryFire(CompletableFuture.java:718) ~[?:?]
	at java.util.concurrent.CompletableFuture$Completion.run(CompletableFuture.java:482) ~[?:?]
	at net.minecraft.server.packs.resources.SimpleReloadInstance.m_143940_(SimpleReloadInstance.java:69) ~[server-1.20.1-20230612.114412-srg.jar%23696!/:?]
	at net.minecraft.Util.m_214652_(Util.java:783) ~[server-1.20.1-20230612.114412-srg.jar%23696!/:?]
	at net.minecraft.Util.m_214679_(Util.java:772) ~[server-1.20.1-20230612.114412-srg.jar%23696!/:?]
	at net.minecraft.server.Main.main(Main.java:166) ~[server-1.20.1-20230612.114412-srg.jar%23696!/:?]
	at jdk.internal.reflect.NativeMethodAccessorImpl.invoke0(Native Method) ~[?:?]
	at jdk.internal.reflect.NativeMethodAccessorImpl.invoke(NativeMethodAccessorImpl.java:77) ~[?:?]
	at jdk.internal.reflect.DelegatingMethodAccessorImpl.invoke(DelegatingMethodAccessorImpl.java:43) ~[?:?]
	at java.lang.reflect.Method.invoke(Method.java:569) ~[?:?]
	at net.minecraftforge.fml.loading.targets.CommonLaunchHandler.runTarget(CommonLaunchHandler.java:111) ~[fmlloader-1.20.1-47.4.22.jar%2367!/:?]
	at net.minecraftforge.fml.loading.targets.CommonLaunchHandler.serverService(CommonLaunchHandler.java:103) ~[fmlloader-1.20.1-47.4.22.jar%2367!/:?]
	at net.minecraftforge.fml.loading.targets.CommonServerLaunchHandler.lambda$makeService$0(CommonServerLaunchHandler.java:27) ~[fmlloader-1.20.1-47.4.22.jar%2367!/:?]
	at cpw.mods.modlauncher.LaunchServiceHandlerDecorator.launch(LaunchServiceHandlerDecorator.java:30) ~[modlauncher-10.0.9.jar%2353!/:?]
	at cpw.mods.modlauncher.LaunchServiceHandler.launch(LaunchServiceHandler.java:53) ~[modlauncher-10.0.9.jar%2353!/:?]
	at cpw.mods.modlauncher.LaunchServiceHandler.launch(LaunchServiceHandler.java:71) ~[modlauncher-10.0.9.jar%2353!/:?]
	at cpw.mods.modlauncher.Launcher.run(Launcher.java:108) ~[modlauncher-10.0.9.jar%2353!/:?]
	at cpw.mods.modlauncher.Launcher.main(Launcher.java:78) ~[modlauncher-10.0.9.jar%2353!/:?]
	at cpw.mods.modlauncher.BootstrapLaunchConsumer.accept(BootstrapLaunchConsumer.java:26) ~[modlauncher-10.0.9.jar%2353!/:?]
	at cpw.mods.modlauncher.BootstrapLaunchConsumer.accept(BootstrapLaunchConsumer.java:23) ~[modlauncher-10.0.9.jar%2353!/:?]
	at cpw.mods.bootstraplauncher.BootstrapLauncher.main(BootstrapLauncher.java:141) ~[bootstraplauncher-1.1.2.jar:?]
[04Aug2026 17:25:04.129] [main/ERROR] [com.craisinlord.integrated_api.IntegratedAPI/]: Integrated API Error: Couldn't parse spawner mob list idas:archmages_tower
java.lang.Exception: Error: ars_nouveau:wilden_hunter is not a valid entity ID!
	at com.craisinlord.integrated_api.misc.mobspawners.MobSpawnerObj.setEntityType(MobSpawnerObj.java:37) ~[integrated_api-1.7.4+1.20.1-forge.jar%23550!/:?]
	at com.craisinlord.integrated_api.misc.mobspawners.MobSpawnerManager.lambda$apply$0(MobSpawnerManager.java:41) ~[integrated_api-1.7.4+1.20.1-forge.jar%23550!/:?]
	at java.util.HashMap.forEach(HashMap.java:1421) ~[?:?]
	at com.craisinlord.integrated_api.misc.mobspawners.MobSpawnerManager.apply(MobSpawnerManager.java:36) ~[integrated_api-1.7.4+1.20.1-forge.jar%23550!/:?]
	at com.craisinlord.integrated_api.misc.mobspawners.MobSpawnerManager.m_5787_(MobSpawnerManager.java:23) ~[integrated_api-1.7.4+1.20.1-forge.jar%23550!/:?]
	at net.minecraft.server.packs.resources.SimplePreparableReloadListener.m_10789_(SimplePreparableReloadListener.java:13) ~[server-1.20.1-20230612.114412-srg.jar%23696!/:?]
	at java.util.concurrent.CompletableFuture$UniAccept.tryFire(CompletableFuture.java:718) ~[?:?]
	at java.util.concurrent.CompletableFuture$Completion.run(CompletableFuture.java:482) ~[?:?]
	at net.minecraft.server.packs.resources.SimpleReloadInstance.m_143940_(SimpleReloadInstance.java:69) ~[server-1.20.1-20230612.114412-srg.jar%23696!/:?]
	at net.minecraft.Util.m_214652_(Util.java:783) ~[server-1.20.1-20230612.114412-srg.jar%23696!/:?]
	at net.minecraft.Util.m_214679_(Util.java:772) ~[server-1.20.1-20230612.114412-srg.jar%23696!/:?]
	at net.minecraft.server.Main.main(Main.java:166) ~[server-1.20.1-20230612.114412-srg.jar%23696!/:?]
	at jdk.internal.reflect.NativeMethodAccessorImpl.invoke0(Native Method) ~[?:?]
	at jdk.internal.reflect.NativeMethodAccessorImpl.invoke(NativeMethodAccessorImpl.java:77) ~[?:?]
	at jdk.internal.reflect.DelegatingMethodAccessorImpl.invoke(DelegatingMethodAccessorImpl.java:43) ~[?:?]
	at java.lang.reflect.Method.invoke(Method.java:569) ~[?:?]
	at net.minecraftforge.fml.loading.targets.CommonLaunchHandler.runTarget(CommonLaunchHandler.java:111) ~[fmlloader-1.20.1-47.4.22.jar%2367!/:?]
	at net.minecraftforge.fml.loading.targets.CommonLaunchHandler.serverService(CommonLaunchHandler.java:103) ~[fmlloader-1.20.1-47.4.22.jar%2367!/:?]
	at net.minecraftforge.fml.loading.targets.CommonServerLaunchHandler.lambda$makeService$0(CommonServerLaunchHandler.java:27) ~[fmlloader-1.20.1-47.4.22.jar%2367!/:?]
	at cpw.mods.modlauncher.LaunchServiceHandlerDecorator.launch(LaunchServiceHandlerDecorator.java:30) ~[modlauncher-10.0.9.jar%2353!/:?]
	at cpw.mods.modlauncher.LaunchServiceHandler.launch(LaunchServiceHandler.java:53) ~[modlauncher-10.0.9.jar%2353!/:?]
	at cpw.mods.modlauncher.LaunchServiceHandler.launch(LaunchServiceHandler.java:71) ~[modlauncher-10.0.9.jar%2353!/:?]
	at cpw.mods.modlauncher.Launcher.run(Launcher.java:108) ~[modlauncher-10.0.9.jar%2353!/:?]
	at cpw.mods.modlauncher.Launcher.main(Launcher.java:78) ~[modlauncher-10.0.9.jar%2353!/:?]
	at cpw.mods.modlauncher.BootstrapLaunchConsumer.accept(BootstrapLaunchConsumer.java:26) ~[modlauncher-10.0.9.jar%2353!/:?]
	at cpw.mods.modlauncher.BootstrapLaunchConsumer.accept(BootstrapLaunchConsumer.java:23) ~[modlauncher-10.0.9.jar%2353!/:?]
	at cpw.mods.bootstraplauncher.BootstrapLauncher.main(BootstrapLauncher.java:141) ~[bootstraplauncher-1.1.2.jar:?]
[04Aug2026 17:25:04.136] [main/INFO] [oelib/]: Loading Replacements data from 13 files (namespaces: [oef, oei, oeb])
[04Aug2026 17:25:04.141] [main/WARN] [oelib/]: Invalid Replacements data in array[0] of oei:elytra_to_sphere: Target not exists: 'create_eternal_journey:weightless_sphere'
[04Aug2026 17:25:04.144] [main/INFO] [oelib/]: Loaded 14 valid Replacements entries, 0 deferred entries, 1 invalid entries were skipped
[04Aug2026 17:25:04.144] [main/INFO] [com.mafuyu404.oneenoughitem.Oneenoughitem/]: Added replacement rule for 1 items and 0 tags: [cgs:steel_nugget] -> alloyed:steel_nugget
[04Aug2026 17:25:04.145] [main/INFO] [com.mafuyu404.oneenoughitem.Oneenoughitem/]: Added replacement rule for 1 items and 0 tags: [cgs:steel_ingot] -> alloyed:steel_ingot
[04Aug2026 17:25:04.145] [main/INFO] [com.mafuyu404.oneenoughitem.Oneenoughitem/]: Added replacement rule for 2 items and 0 tags: [createaddition:zinc_sheet, createfisheryindustry:zinc_sheet] -> createdeco:zinc_sheet
[04Aug2026 17:25:04.145] [main/INFO] [com.mafuyu404.oneenoughitem.Oneenoughitem/]: Added replacement rule for 1 items and 0 tags: [cgs:steel_nugget] -> alloyed:steel_nugget
[04Aug2026 17:25:04.145] [main/INFO] [com.mafuyu404.oneenoughitem.Oneenoughitem/]: Added replacement rule for 1 items and 0 tags: [cgs:steel_sheet] -> alloyed:steel_sheet
[04Aug2026 17:25:04.145] [main/INFO] [com.mafuyu404.oneenoughitem.Oneenoughitem/]: Added replacement rule for 1 items and 0 tags: [protection_pixel:smallnetheritesheet] -> create_crush_everything:netherite_shard
[04Aug2026 17:25:04.145] [main/INFO] [com.mafuyu404.oneenoughitem.Oneenoughitem/]: Added replacement rule for 1 items and 0 tags: [dungeonsdelight:smoked_spider_meat] -> miners_delight:baked_spider_leg
[04Aug2026 17:25:04.145] [main/INFO] [com.mafuyu404.oneenoughitem.Oneenoughitem/]: Added replacement rule for 1 items and 0 tags: [dungeonsdelight:spider_meat] -> miners_delight:spider_leg
[04Aug2026 17:25:04.145] [main/INFO] [com.mafuyu404.oneenoughitem.Oneenoughitem/]: Added replacement rule for 1 items and 0 tags: [artifacts:aqua_dashers] -> relics:aqua_walker
[04Aug2026 17:25:04.145] [main/INFO] [com.mafuyu404.oneenoughitem.Oneenoughitem/]: Added replacement rule for 1 items and 0 tags: [clockwork:clockwork_gear] -> create:cogwheel
[04Aug2026 17:25:04.145] [main/INFO] [com.mafuyu404.oneenoughitem.Oneenoughitem/]: Added replacement rule for 1 items and 0 tags: [warriorsofpastepoch:batwing] -> miners_delight:bat_wing
[04Aug2026 17:25:04.146] [main/INFO] [com.mafuyu404.oneenoughitem.Oneenoughitem/]: Server replacement cache rebuilt due to data reload: 14 entries loaded, 1 invalid
[04Aug2026 17:25:04.146] [main/INFO] [com.mafuyu404.oneenoughitem.Oneenoughitem/]: Disabled reload-override mapping: 12 entries
[04Aug2026 17:25:04.151] [main/INFO] [oelib/]: Successfully reload 3 server config(s).
[04Aug2026 17:25:04.156] [main/INFO] [STDOUT/]: [com.azukaar.usefulluck.LuckLootModifier:<init>:64]: LuckLootModifier created!
[04Aug2026 17:25:04.157] [main/INFO] [STDOUT/]: [com.azukaar.usefulluck.LuckLootModifier:<init>:64]: LuckLootModifier created!
[04Aug2026 17:25:04.157] [main/INFO] [STDOUT/]: [com.azukaar.usefulluck.LuckLootModifier:<init>:64]: LuckLootModifier created!
[04Aug2026 17:25:04.161] [main/WARN] [net.minecraftforge.common.loot.LootModifierManager/]: Could not decode GlobalLootModifier with json id miners_delight:scavenging_cooked_bat_wing - error: Not a JSON object: null
[04Aug2026 17:25:04.161] [main/WARN] [net.minecraftforge.common.loot.LootModifierManager/]: Could not decode GlobalLootModifier with json id miners_delight:scavenging_cooked_squid - error: Not a JSON object: null
[04Aug2026 17:25:04.162] [main/WARN] [net.minecraftforge.common.loot.LootModifierManager/]: Could not decode GlobalLootModifier with json id miners_delight:scavenging_cooked_tentacles - error: Not a JSON object: null
[04Aug2026 17:25:04.162] [main/WARN] [net.minecraftforge.common.loot.LootModifierManager/]: Could not decode GlobalLootModifier with json id miners_delight:scavenging_cooked_arthropods - error: Not a JSON object: null
[04Aug2026 17:25:04.162] [main/WARN] [net.minecraftforge.common.loot.LootModifierManager/]: Could not decode GlobalLootModifier with json id miners_delight:scavenging_arthropods - error: Not a JSON object: null
[04Aug2026 17:25:04.169] [main/WARN] [Exile Log: com.robertx22.library_of_exile.custom_ser.GsonCustomSer/]: extra_content is not an existing serializer
[04Aug2026 17:25:04.169] [main/INFO] [STDERR/]: [com.robertx22.library_of_exile.registry.loaders.BaseDataPackLoader:apply:78]: java.lang.NullPointerException: Cannot invoke "com.robertx22.library_of_exile.custom_ser.GsonCustomSer.getClassForSerialization()" because "ser" is null
[04Aug2026 17:25:04.169] [main/INFO] [STDERR/]: [com.robertx22.library_of_exile.registry.loaders.BaseDataPackLoader:apply:78]: 	at TRANSFORMER/library_of_exile@2.1.5/com.robertx22.library_of_exile.custom_ser.GsonCustomSer.fromJson(GsonCustomSer.java:19)
[04Aug2026 17:25:04.170] [main/INFO] [STDERR/]: [com.robertx22.library_of_exile.registry.loaders.BaseDataPackLoader:apply:78]: 	at TRANSFORMER/library_of_exile@2.1.5/com.robertx22.library_of_exile.registry.loaders.BaseDataPackLoader.apply(BaseDataPackLoader.java:76)
[04Aug2026 17:25:04.170] [main/INFO] [STDERR/]: [com.robertx22.library_of_exile.registry.loaders.BaseDataPackLoader:apply:78]: 	at TRANSFORMER/library_of_exile@2.1.5/com.robertx22.library_of_exile.registry.loaders.BaseDataPackLoader.m_5787_(BaseDataPackLoader.java:18)
[04Aug2026 17:25:04.170] [main/INFO] [STDERR/]: [com.robertx22.library_of_exile.registry.loaders.BaseDataPackLoader:apply:78]: 	at TRANSFORMER/minecraft@1.20.1/net.minecraft.server.packs.resources.SimplePreparableReloadListener.m_10789_(SimplePreparableReloadListener.java:13)
[04Aug2026 17:25:04.170] [main/INFO] [STDERR/]: [com.robertx22.library_of_exile.registry.loaders.BaseDataPackLoader:apply:78]: 	at java.base/java.util.concurrent.CompletableFuture$UniAccept.tryFire(CompletableFuture.java:718)
[04Aug2026 17:25:04.170] [main/INFO] [STDERR/]: [com.robertx22.library_of_exile.registry.loaders.BaseDataPackLoader:apply:78]: 	at java.base/java.util.concurrent.CompletableFuture$Completion.run(CompletableFuture.java:482)
[04Aug2026 17:25:04.170] [main/INFO] [STDERR/]: [com.robertx22.library_of_exile.registry.loaders.BaseDataPackLoader:apply:78]: 	at TRANSFORMER/minecraft@1.20.1/net.minecraft.server.packs.resources.SimpleReloadInstance.m_143940_(SimpleReloadInstance.java:69)
[04Aug2026 17:25:04.170] [main/INFO] [STDERR/]: [com.robertx22.library_of_exile.registry.loaders.BaseDataPackLoader:apply:78]: 	at TRANSFORMER/minecraft@1.20.1/net.minecraft.Util.m_214652_(Util.java:783)
[04Aug2026 17:25:04.170] [main/INFO] [STDERR/]: [com.robertx22.library_of_exile.registry.loaders.BaseDataPackLoader:apply:78]: 	at TRANSFORMER/minecraft@1.20.1/net.minecraft.Util.m_214679_(Util.java:772)
[04Aug2026 17:25:04.170] [main/INFO] [STDERR/]: [com.robertx22.library_of_exile.registry.loaders.BaseDataPackLoader:apply:78]: 	at TRANSFORMER/minecraft@1.20.1/net.minecraft.server.Main.main(Main.java:166)
[04Aug2026 17:25:04.170] [main/INFO] [STDERR/]: [com.robertx22.library_of_exile.registry.loaders.BaseDataPackLoader:apply:78]: 	at java.base/jdk.internal.reflect.NativeMethodAccessorImpl.invoke0(Native Method)
[04Aug2026 17:25:04.170] [main/INFO] [STDERR/]: [com.robertx22.library_of_exile.registry.loaders.BaseDataPackLoader:apply:78]: 	at java.base/jdk.internal.reflect.NativeMethodAccessorImpl.invoke(NativeMethodAccessorImpl.java:77)
[04Aug2026 17:25:04.171] [main/INFO] [STDERR/]: [com.robertx22.library_of_exile.registry.loaders.BaseDataPackLoader:apply:78]: 	at java.base/jdk.internal.reflect.DelegatingMethodAccessorImpl.invoke(DelegatingMethodAccessorImpl.java:43)
[04Aug2026 17:25:04.171] [main/INFO] [STDERR/]: [com.robertx22.library_of_exile.registry.loaders.BaseDataPackLoader:apply:78]: 	at java.base/java.lang.reflect.Method.invoke(Method.java:569)
[04Aug2026 17:25:04.171] [main/INFO] [STDERR/]: [com.robertx22.library_of_exile.registry.loaders.BaseDataPackLoader:apply:78]: 	at MC-BOOTSTRAP/fmlloader@1.20.1-47.4.22/net.minecraftforge.fml.loading.targets.CommonLaunchHandler.runTarget(CommonLaunchHandler.java:111)
[04Aug2026 17:25:04.171] [main/INFO] [STDERR/]: [com.robertx22.library_of_exile.registry.loaders.BaseDataPackLoader:apply:78]: 	at MC-BOOTSTRAP/fmlloader@1.20.1-47.4.22/net.minecraftforge.fml.loading.targets.CommonLaunchHandler.serverService(CommonLaunchHandler.java:103)
[04Aug2026 17:25:04.171] [main/INFO] [STDERR/]: [com.robertx22.library_of_exile.registry.loaders.BaseDataPackLoader:apply:78]: 	at MC-BOOTSTRAP/fmlloader@1.20.1-47.4.22/net.minecraftforge.fml.loading.targets.CommonServerLaunchHandler.lambda$makeService$0(CommonServerLaunchHandler.java:27)
[04Aug2026 17:25:04.171] [main/INFO] [STDERR/]: [com.robertx22.library_of_exile.registry.loaders.BaseDataPackLoader:apply:78]: 	at MC-BOOTSTRAP/cpw.mods.modlauncher@10.0.9/cpw.mods.modlauncher.LaunchServiceHandlerDecorator.launch(LaunchServiceHandlerDecorator.java:30)
[04Aug2026 17:25:04.171] [main/INFO] [STDERR/]: [com.robertx22.library_of_exile.registry.loaders.BaseDataPackLoader:apply:78]: 	at MC-BOOTSTRAP/cpw.mods.modlauncher@10.0.9/cpw.mods.modlauncher.LaunchServiceHandler.launch(LaunchServiceHandler.java:53)
[04Aug2026 17:25:04.171] [main/INFO] [STDERR/]: [com.robertx22.library_of_exile.registry.loaders.BaseDataPackLoader:apply:78]: 	at MC-BOOTSTRAP/cpw.mods.modlauncher@10.0.9/cpw.mods.modlauncher.LaunchServiceHandler.launch(LaunchServiceHandler.java:71)
[04Aug2026 17:25:04.171] [main/INFO] [STDERR/]: [com.robertx22.library_of_exile.registry.loaders.BaseDataPackLoader:apply:78]: 	at MC-BOOTSTRAP/cpw.mods.modlauncher@10.0.9/cpw.mods.modlauncher.Launcher.run(Launcher.java:108)
[04Aug2026 17:25:04.171] [main/INFO] [STDERR/]: [com.robertx22.library_of_exile.registry.loaders.BaseDataPackLoader:apply:78]: 	at MC-BOOTSTRAP/cpw.mods.modlauncher@10.0.9/cpw.mods.modlauncher.Launcher.main(Launcher.java:78)
[04Aug2026 17:25:04.171] [main/INFO] [STDERR/]: [com.robertx22.library_of_exile.registry.loaders.BaseDataPackLoader:apply:78]: 	at MC-BOOTSTRAP/cpw.mods.modlauncher@10.0.9/cpw.mods.modlauncher.BootstrapLaunchConsumer.accept(BootstrapLaunchConsumer.java:26)
[04Aug2026 17:25:04.172] [main/INFO] [STDERR/]: [com.robertx22.library_of_exile.registry.loaders.BaseDataPackLoader:apply:78]: 	at MC-BOOTSTRAP/cpw.mods.modlauncher@10.0.9/cpw.mods.modlauncher.BootstrapLaunchConsumer.accept(BootstrapLaunchConsumer.java:23)
[04Aug2026 17:25:04.172] [main/INFO] [STDERR/]: [com.robertx22.library_of_exile.registry.loaders.BaseDataPackLoader:apply:78]: 	at cpw.mods.bootstraplauncher@1.1.2/cpw.mods.bootstraplauncher.BootstrapLauncher.main(BootstrapLauncher.java:141)
[04Aug2026 17:25:04.172] [main/WARN] [Exile Log: com.robertx22.library_of_exile.custom_ser.GsonCustomSer/]: content_weight is not an existing serializer
[04Aug2026 17:25:04.172] [main/INFO] [STDERR/]: [com.robertx22.library_of_exile.registry.loaders.BaseDataPackLoader:apply:78]: java.lang.NullPointerException: Cannot invoke "com.robertx22.library_of_exile.custom_ser.GsonCustomSer.getClassForSerialization()" because "ser" is null
[04Aug2026 17:25:04.172] [main/INFO] [STDERR/]: [com.robertx22.library_of_exile.registry.loaders.BaseDataPackLoader:apply:78]: 	at TRANSFORMER/library_of_exile@2.1.5/com.robertx22.library_of_exile.custom_ser.GsonCustomSer.fromJson(GsonCustomSer.java:19)
[04Aug2026 17:25:04.172] [main/INFO] [STDERR/]: [com.robertx22.library_of_exile.registry.loaders.BaseDataPackLoader:apply:78]: 	at TRANSFORMER/library_of_exile@2.1.5/com.robertx22.library_of_exile.registry.loaders.BaseDataPackLoader.apply(BaseDataPackLoader.java:76)
[04Aug2026 17:25:04.172] [main/INFO] [STDERR/]: [com.robertx22.library_of_exile.registry.loaders.BaseDataPackLoader:apply:78]: 	at TRANSFORMER/library_of_exile@2.1.5/com.robertx22.library_of_exile.registry.loaders.BaseDataPackLoader.m_5787_(BaseDataPackLoader.java:18)
[04Aug2026 17:25:04.172] [main/INFO] [STDERR/]: [com.robertx22.library_of_exile.registry.loaders.BaseDataPackLoader:apply:78]: 	at TRANSFORMER/minecraft@1.20.1/net.minecraft.server.packs.resources.SimplePreparableReloadListener.m_10789_(SimplePreparableReloadListener.java:13)
[04Aug2026 17:25:04.172] [main/INFO] [STDERR/]: [com.robertx22.library_of_exile.registry.loaders.BaseDataPackLoader:apply:78]: 	at java.base/java.util.concurrent.CompletableFuture$UniAccept.tryFire(CompletableFuture.java:718)
[04Aug2026 17:25:04.173] [main/INFO] [STDERR/]: [com.robertx22.library_of_exile.registry.loaders.BaseDataPackLoader:apply:78]: 	at java.base/java.util.concurrent.CompletableFuture$Completion.run(CompletableFuture.java:482)
[04Aug2026 17:25:04.173] [main/INFO] [STDERR/]: [com.robertx22.library_of_exile.registry.loaders.BaseDataPackLoader:apply:78]: 	at TRANSFORMER/minecraft@1.20.1/net.minecraft.server.packs.resources.SimpleReloadInstance.m_143940_(SimpleReloadInstance.java:69)
[04Aug2026 17:25:04.173] [main/INFO] [STDERR/]: [com.robertx22.library_of_exile.registry.loaders.BaseDataPackLoader:apply:78]: 	at TRANSFORMER/minecraft@1.20.1/net.minecraft.Util.m_214652_(Util.java:783)
[04Aug2026 17:25:04.173] [main/INFO] [STDERR/]: [com.robertx22.library_of_exile.registry.loaders.BaseDataPackLoader:apply:78]: 	at TRANSFORMER/minecraft@1.20.1/net.minecraft.Util.m_214679_(Util.java:772)
[04Aug2026 17:25:04.173] [main/INFO] [STDERR/]: [com.robertx22.library_of_exile.registry.loaders.BaseDataPackLoader:apply:78]: 	at TRANSFORMER/minecraft@1.20.1/net.minecraft.server.Main.main(Main.java:166)
[04Aug2026 17:25:04.173] [main/INFO] [STDERR/]: [com.robertx22.library_of_exile.registry.loaders.BaseDataPackLoader:apply:78]: 	at java.base/jdk.internal.reflect.NativeMethodAccessorImpl.invoke0(Native Method)
[04Aug2026 17:25:04.173] [main/INFO] [STDERR/]: [com.robertx22.library_of_exile.registry.loaders.BaseDataPackLoader:apply:78]: 	at java.base/jdk.internal.reflect.NativeMethodAccessorImpl.invoke(NativeMethodAccessorImpl.java:77)
[04Aug2026 17:25:04.173] [main/INFO] [STDERR/]: [com.robertx22.library_of_exile.registry.loaders.BaseDataPackLoader:apply:78]: 	at java.base/jdk.internal.reflect.DelegatingMethodAccessorImpl.invoke(DelegatingMethodAccessorImpl.java:43)
[04Aug2026 17:25:04.173] [main/INFO] [STDERR/]: [com.robertx22.library_of_exile.registry.loaders.BaseDataPackLoader:apply:78]: 	at java.base/java.lang.reflect.Method.invoke(Method.java:569)
[04Aug2026 17:25:04.173] [main/INFO] [STDERR/]: [com.robertx22.library_of_exile.registry.loaders.BaseDataPackLoader:apply:78]: 	at MC-BOOTSTRAP/fmlloader@1.20.1-47.4.22/net.minecraftforge.fml.loading.targets.CommonLaunchHandler.runTarget(CommonLaunchHandler.java:111)
[04Aug2026 17:25:04.173] [main/INFO] [STDERR/]: [com.robertx22.library_of_exile.registry.loaders.BaseDataPackLoader:apply:78]: 	at MC-BOOTSTRAP/fmlloader@1.20.1-47.4.22/net.minecraftforge.fml.loading.targets.CommonLaunchHandler.serverService(CommonLaunchHandler.java:103)
[04Aug2026 17:25:04.173] [main/INFO] [STDERR/]: [com.robertx22.library_of_exile.registry.loaders.BaseDataPackLoader:apply:78]: 	at MC-BOOTSTRAP/fmlloader@1.20.1-47.4.22/net.minecraftforge.fml.loading.targets.CommonServerLaunchHandler.lambda$makeService$0(CommonServerLaunchHandler.java:27)
[04Aug2026 17:25:04.174] [main/INFO] [STDERR/]: [com.robertx22.library_of_exile.registry.loaders.BaseDataPackLoader:apply:78]: 	at MC-BOOTSTRAP/cpw.mods.modlauncher@10.0.9/cpw.mods.modlauncher.LaunchServiceHandlerDecorator.launch(LaunchServiceHandlerDecorator.java:30)
[04Aug2026 17:25:04.174] [main/INFO] [STDERR/]: [com.robertx22.library_of_exile.registry.loaders.BaseDataPackLoader:apply:78]: 	at MC-BOOTSTRAP/cpw.mods.modlauncher@10.0.9/cpw.mods.modlauncher.LaunchServiceHandler.launch(LaunchServiceHandler.java:53)
[04Aug2026 17:25:04.174] [main/INFO] [STDERR/]: [com.robertx22.library_of_exile.registry.loaders.BaseDataPackLoader:apply:78]: 	at MC-BOOTSTRAP/cpw.mods.modlauncher@10.0.9/cpw.mods.modlauncher.LaunchServiceHandler.launch(LaunchServiceHandler.java:71)
[04Aug2026 17:25:04.174] [main/INFO] [STDERR/]: [com.robertx22.library_of_exile.registry.loaders.BaseDataPackLoader:apply:78]: 	at MC-BOOTSTRAP/cpw.mods.modlauncher@10.0.9/cpw.mods.modlauncher.Launcher.run(Launcher.java:108)
[04Aug2026 17:25:04.174] [main/INFO] [STDERR/]: [com.robertx22.library_of_exile.registry.loaders.BaseDataPackLoader:apply:78]: 	at MC-BOOTSTRAP/cpw.mods.modlauncher@10.0.9/cpw.mods.modlauncher.Launcher.main(Launcher.java:78)
[04Aug2026 17:25:04.174] [main/INFO] [STDERR/]: [com.robertx22.library_of_exile.registry.loaders.BaseDataPackLoader:apply:78]: 	at MC-BOOTSTRAP/cpw.mods.modlauncher@10.0.9/cpw.mods.modlauncher.BootstrapLaunchConsumer.accept(BootstrapLaunchConsumer.java:26)
[04Aug2026 17:25:04.174] [main/INFO] [STDERR/]: [com.robertx22.library_of_exile.registry.loaders.BaseDataPackLoader:apply:78]: 	at MC-BOOTSTRAP/cpw.mods.modlauncher@10.0.9/cpw.mods.modlauncher.BootstrapLaunchConsumer.accept(BootstrapLaunchConsumer.java:23)
[04Aug2026 17:25:04.174] [main/INFO] [STDERR/]: [com.robertx22.library_of_exile.registry.loaders.BaseDataPackLoader:apply:78]: 	at cpw.mods.bootstraplauncher@1.1.2/cpw.mods.bootstraplauncher.BootstrapLauncher.main(BootstrapLauncher.java:141)
[04Aug2026 17:25:04.174] [main/WARN] [Exile Log: com.robertx22.library_of_exile.custom_ser.GsonCustomSer/]: manual_stat is not an existing serializer
[04Aug2026 17:25:04.174] [main/INFO] [STDERR/]: [com.robertx22.library_of_exile.registry.loaders.BaseDataPackLoader:apply:78]: java.lang.NullPointerException: Cannot invoke "com.robertx22.library_of_exile.custom_ser.GsonCustomSer.getClassForSerialization()" because "ser" is null
[04Aug2026 17:25:04.175] [main/INFO] [STDERR/]: [com.robertx22.library_of_exile.registry.loaders.BaseDataPackLoader:apply:78]: 	at TRANSFORMER/library_of_exile@2.1.5/com.robertx22.library_of_exile.custom_ser.GsonCustomSer.fromJson(GsonCustomSer.java:19)
[04Aug2026 17:25:04.175] [main/INFO] [STDERR/]: [com.robertx22.library_of_exile.registry.loaders.BaseDataPackLoader:apply:78]: 	at TRANSFORMER/library_of_exile@2.1.5/com.robertx22.library_of_exile.registry.loaders.BaseDataPackLoader.apply(BaseDataPackLoader.java:76)
[04Aug2026 17:25:04.175] [main/INFO] [STDERR/]: [com.robertx22.library_of_exile.registry.loaders.BaseDataPackLoader:apply:78]: 	at TRANSFORMER/library_of_exile@2.1.5/com.robertx22.library_of_exile.registry.loaders.BaseDataPackLoader.m_5787_(BaseDataPackLoader.java:18)
[04Aug2026 17:25:04.175] [main/INFO] [STDERR/]: [com.robertx22.library_of_exile.registry.loaders.BaseDataPackLoader:apply:78]: 	at TRANSFORMER/minecraft@1.20.1/net.minecraft.server.packs.resources.SimplePreparableReloadListener.m_10789_(SimplePreparableReloadListener.java:13)
[04Aug2026 17:25:04.175] [main/INFO] [STDERR/]: [com.robertx22.library_of_exile.registry.loaders.BaseDataPackLoader:apply:78]: 	at java.base/java.util.concurrent.CompletableFuture$UniAccept.tryFire(CompletableFuture.java:718)
[04Aug2026 17:25:04.175] [main/INFO] [STDERR/]: [com.robertx22.library_of_exile.registry.loaders.BaseDataPackLoader:apply:78]: 	at java.base/java.util.concurrent.CompletableFuture$Completion.run(CompletableFuture.java:482)
[04Aug2026 17:25:04.175] [main/INFO] [STDERR/]: [com.robertx22.library_of_exile.registry.loaders.BaseDataPackLoader:apply:78]: 	at TRANSFORMER/minecraft@1.20.1/net.minecraft.server.packs.resources.SimpleReloadInstance.m_143940_(SimpleReloadInstance.java:69)
[04Aug2026 17:25:04.175] [main/INFO] [STDERR/]: [com.robertx22.library_of_exile.registry.loaders.BaseDataPackLoader:apply:78]: 	at TRANSFORMER/minecraft@1.20.1/net.minecraft.Util.m_214652_(Util.java:783)
[04Aug2026 17:25:04.175] [main/INFO] [STDERR/]: [com.robertx22.library_of_exile.registry.loaders.BaseDataPackLoader:apply:78]: 	at TRANSFORMER/minecraft@1.20.1/net.minecraft.Util.m_214679_(Util.java:772)
[04Aug2026 17:25:04.175] [main/INFO] [STDERR/]: [com.robertx22.library_of_exile.registry.loaders.BaseDataPackLoader:apply:78]: 	at TRANSFORMER/minecraft@1.20.1/net.minecraft.server.Main.main(Main.java:166)
[04Aug2026 17:25:04.175] [main/INFO] [STDERR/]: [com.robertx22.library_of_exile.registry.loaders.BaseDataPackLoader:apply:78]: 	at java.base/jdk.internal.reflect.NativeMethodAccessorImpl.invoke0(Native Method)
[04Aug2026 17:25:04.176] [main/INFO] [STDERR/]: [com.robertx22.library_of_exile.registry.loaders.BaseDataPackLoader:apply:78]: 	at java.base/jdk.internal.reflect.NativeMethodAccessorImpl.invoke(NativeMethodAccessorImpl.java:77)
[04Aug2026 17:25:04.176] [main/INFO] [STDERR/]: [com.robertx22.library_of_exile.registry.loaders.BaseDataPackLoader:apply:78]: 	at java.base/jdk.internal.reflect.DelegatingMethodAccessorImpl.invoke(DelegatingMethodAccessorImpl.java:43)
[04Aug2026 17:25:04.176] [main/INFO] [STDERR/]: [com.robertx22.library_of_exile.registry.loaders.BaseDataPackLoader:apply:78]: 	at java.base/java.lang.reflect.Method.invoke(Method.java:569)
[04Aug2026 17:25:04.176] [main/INFO] [STDERR/]: [com.robertx22.library_of_exile.registry.loaders.BaseDataPackLoader:apply:78]: 	at MC-BOOTSTRAP/fmlloader@1.20.1-47.4.22/net.minecraftforge.fml.loading.targets.CommonLaunchHandler.runTarget(CommonLaunchHandler.java:111)
[04Aug2026 17:25:04.176] [main/INFO] [STDERR/]: [com.robertx22.library_of_exile.registry.loaders.BaseDataPackLoader:apply:78]: 	at MC-BOOTSTRAP/fmlloader@1.20.1-47.4.22/net.minecraftforge.fml.loading.targets.CommonLaunchHandler.serverService(CommonLaunchHandler.java:103)
[04Aug2026 17:25:04.176] [main/INFO] [STDERR/]: [com.robertx22.library_of_exile.registry.loaders.BaseDataPackLoader:apply:78]: 	at MC-BOOTSTRAP/fmlloader@1.20.1-47.4.22/net.minecraftforge.fml.loading.targets.CommonServerLaunchHandler.lambda$makeService$0(CommonServerLaunchHandler.java:27)
[04Aug2026 17:25:04.176] [main/INFO] [STDERR/]: [com.robertx22.library_of_exile.registry.loaders.BaseDataPackLoader:apply:78]: 	at MC-BOOTSTRAP/cpw.mods.modlauncher@10.0.9/cpw.mods.modlauncher.LaunchServiceHandlerDecorator.launch(LaunchServiceHandlerDecorator.java:30)
[04Aug2026 17:25:04.176] [main/INFO] [STDERR/]: [com.robertx22.library_of_exile.registry.loaders.BaseDataPackLoader:apply:78]: 	at MC-BOOTSTRAP/cpw.mods.modlauncher@10.0.9/cpw.mods.modlauncher.LaunchServiceHandler.launch(LaunchServiceHandler.java:53)
[04Aug2026 17:25:04.176] [main/INFO] [STDERR/]: [com.robertx22.library_of_exile.registry.loaders.BaseDataPackLoader:apply:78]: 	at MC-BOOTSTRAP/cpw.mods.modlauncher@10.0.9/cpw.mods.modlauncher.LaunchServiceHandler.launch(LaunchServiceHandler.java:71)
[04Aug2026 17:25:04.176] [main/INFO] [STDERR/]: [com.robertx22.library_of_exile.registry.loaders.BaseDataPackLoader:apply:78]: 	at MC-BOOTSTRAP/cpw.mods.modlauncher@10.0.9/cpw.mods.modlauncher.Launcher.run(Launcher.java:108)
[04Aug2026 17:25:04.176] [main/INFO] [STDERR/]: [com.robertx22.library_of_exile.registry.loaders.BaseDataPackLoader:apply:78]: 	at MC-BOOTSTRAP/cpw.mods.modlauncher@10.0.9/cpw.mods.modlauncher.Launcher.main(Launcher.java:78)
[04Aug2026 17:25:04.176] [main/INFO] [STDERR/]: [com.robertx22.library_of_exile.registry.loaders.BaseDataPackLoader:apply:78]: 	at MC-BOOTSTRAP/cpw.mods.modlauncher@10.0.9/cpw.mods.modlauncher.BootstrapLaunchConsumer.accept(BootstrapLaunchConsumer.java:26)
[04Aug2026 17:25:04.177] [main/INFO] [STDERR/]: [com.robertx22.library_of_exile.registry.loaders.BaseDataPackLoader:apply:78]: 	at MC-BOOTSTRAP/cpw.mods.modlauncher@10.0.9/cpw.mods.modlauncher.BootstrapLaunchConsumer.accept(BootstrapLaunchConsumer.java:23)
[04Aug2026 17:25:04.177] [main/INFO] [STDERR/]: [com.robertx22.library_of_exile.registry.loaders.BaseDataPackLoader:apply:78]: 	at cpw.mods.bootstraplauncher@1.1.2/cpw.mods.bootstraplauncher.BootstrapLauncher.main(BootstrapLauncher.java:141)
[04Aug2026 17:25:04.177] [main/WARN] [Exile Log: com.robertx22.library_of_exile.custom_ser.GsonCustomSer/]: extra_content is not an existing serializer
[04Aug2026 17:25:04.177] [main/INFO] [STDERR/]: [com.robertx22.library_of_exile.registry.loaders.BaseDataPackLoader:apply:78]: java.lang.NullPointerException: Cannot invoke "com.robertx22.library_of_exile.custom_ser.GsonCustomSer.getClassForSerialization()" because "ser" is null
[04Aug2026 17:25:04.177] [main/INFO] [STDERR/]: [com.robertx22.library_of_exile.registry.loaders.BaseDataPackLoader:apply:78]: 	at TRANSFORMER/library_of_exile@2.1.5/com.robertx22.library_of_exile.custom_ser.GsonCustomSer.fromJson(GsonCustomSer.java:19)
[04Aug2026 17:25:04.177] [main/INFO] [STDERR/]: [com.robertx22.library_of_exile.registry.loaders.BaseDataPackLoader:apply:78]: 	at TRANSFORMER/library_of_exile@2.1.5/com.robertx22.library_of_exile.registry.loaders.BaseDataPackLoader.apply(BaseDataPackLoader.java:76)
[04Aug2026 17:25:04.177] [main/INFO] [STDERR/]: [com.robertx22.library_of_exile.registry.loaders.BaseDataPackLoader:apply:78]: 	at TRANSFORMER/library_of_exile@2.1.5/com.robertx22.library_of_exile.registry.loaders.BaseDataPackLoader.m_5787_(BaseDataPackLoader.java:18)
[04Aug2026 17:25:04.177] [main/INFO] [STDERR/]: [com.robertx22.library_of_exile.registry.loaders.BaseDataPackLoader:apply:78]: 	at TRANSFORMER/minecraft@1.20.1/net.minecraft.server.packs.resources.SimplePreparableReloadListener.m_10789_(SimplePreparableReloadListener.java:13)
[04Aug2026 17:25:04.177] [main/INFO] [STDERR/]: [com.robertx22.library_of_exile.registry.loaders.BaseDataPackLoader:apply:78]: 	at java.base/java.util.concurrent.CompletableFuture$UniAccept.tryFire(CompletableFuture.java:718)
[04Aug2026 17:25:04.177] [main/INFO] [STDERR/]: [com.robertx22.library_of_exile.registry.loaders.BaseDataPackLoader:apply:78]: 	at java.base/java.util.concurrent.CompletableFuture$Completion.run(CompletableFuture.java:482)
[04Aug2026 17:25:04.178] [main/INFO] [STDERR/]: [com.robertx22.library_of_exile.registry.loaders.BaseDataPackLoader:apply:78]: 	at TRANSFORMER/minecraft@1.20.1/net.minecraft.server.packs.resources.SimpleReloadInstance.m_143940_(SimpleReloadInstance.java:69)
[04Aug2026 17:25:04.178] [main/INFO] [STDERR/]: [com.robertx22.library_of_exile.registry.loaders.BaseDataPackLoader:apply:78]: 	at TRANSFORMER/minecraft@1.20.1/net.minecraft.Util.m_214652_(Util.java:783)
[04Aug2026 17:25:04.178] [main/INFO] [STDERR/]: [com.robertx22.library_of_exile.registry.loaders.BaseDataPackLoader:apply:78]: 	at TRANSFORMER/minecraft@1.20.1/net.minecraft.Util.m_214679_(Util.java:772)
[04Aug2026 17:25:04.178] [main/INFO] [STDERR/]: [com.robertx22.library_of_exile.registry.loaders.BaseDataPackLoader:apply:78]: 	at TRANSFORMER/minecraft@1.20.1/net.minecraft.server.Main.main(Main.java:166)
[04Aug2026 17:25:04.178] [main/INFO] [STDERR/]: [com.robertx22.library_of_exile.registry.loaders.BaseDataPackLoader:apply:78]: 	at java.base/jdk.internal.reflect.NativeMethodAccessorImpl.invoke0(Native Method)
[04Aug2026 17:25:04.178] [main/INFO] [STDERR/]: [com.robertx22.library_of_exile.registry.loaders.BaseDataPackLoader:apply:78]: 	at java.base/jdk.internal.reflect.NativeMethodAccessorImpl.invoke(NativeMethodAccessorImpl.java:77)
[04Aug2026 17:25:04.178] [main/INFO] [STDERR/]: [com.robertx22.library_of_exile.registry.loaders.BaseDataPackLoader:apply:78]: 	at java.base/jdk.internal.reflect.DelegatingMethodAccessorImpl.invoke(DelegatingMethodAccessorImpl.java:43)
[04Aug2026 17:25:04.178] [main/INFO] [STDERR/]: [com.robertx22.library_of_exile.registry.loaders.BaseDataPackLoader:apply:78]: 	at java.base/java.lang.reflect.Method.invoke(Method.java:569)
[04Aug2026 17:25:04.178] [main/INFO] [STDERR/]: [com.robertx22.library_of_exile.registry.loaders.BaseDataPackLoader:apply:78]: 	at MC-BOOTSTRAP/fmlloader@1.20.1-47.4.22/net.minecraftforge.fml.loading.targets.CommonLaunchHandler.runTarget(CommonLaunchHandler.java:111)
[04Aug2026 17:25:04.178] [main/INFO] [STDERR/]: [com.robertx22.library_of_exile.registry.loaders.BaseDataPackLoader:apply:78]: 	at MC-BOOTSTRAP/fmlloader@1.20.1-47.4.22/net.minecraftforge.fml.loading.targets.CommonLaunchHandler.serverService(CommonLaunchHandler.java:103)
[04Aug2026 17:25:04.178] [main/INFO] [STDERR/]: [com.robertx22.library_of_exile.registry.loaders.BaseDataPackLoader:apply:78]: 	at MC-BOOTSTRAP/fmlloader@1.20.1-47.4.22/net.minecraftforge.fml.loading.targets.CommonServerLaunchHandler.lambda$makeService$0(CommonServerLaunchHandler.java:27)
[04Aug2026 17:25:04.179] [main/INFO] [STDERR/]: [com.robertx22.library_of_exile.registry.loaders.BaseDataPackLoader:apply:78]: 	at MC-BOOTSTRAP/cpw.mods.modlauncher@10.0.9/cpw.mods.modlauncher.LaunchServiceHandlerDecorator.launch(LaunchServiceHandlerDecorator.java:30)
[04Aug2026 17:25:04.179] [main/INFO] [STDERR/]: [com.robertx22.library_of_exile.registry.loaders.BaseDataPackLoader:apply:78]: 	at MC-BOOTSTRAP/cpw.mods.modlauncher@10.0.9/cpw.mods.modlauncher.LaunchServiceHandler.launch(LaunchServiceHandler.java:53)
[04Aug2026 17:25:04.179] [main/INFO] [STDERR/]: [com.robertx22.library_of_exile.registry.loaders.BaseDataPackLoader:apply:78]: 	at MC-BOOTSTRAP/cpw.mods.modlauncher@10.0.9/cpw.mods.modlauncher.LaunchServiceHandler.launch(LaunchServiceHandler.java:71)
[04Aug2026 17:25:04.179] [main/INFO] [STDERR/]: [com.robertx22.library_of_exile.registry.loaders.BaseDataPackLoader:apply:78]: 	at MC-BOOTSTRAP/cpw.mods.modlauncher@10.0.9/cpw.mods.modlauncher.Launcher.run(Launcher.java:108)
[04Aug2026 17:25:04.179] [main/INFO] [STDERR/]: [com.robertx22.library_of_exile.registry.loaders.BaseDataPackLoader:apply:78]: 	at MC-BOOTSTRAP/cpw.mods.modlauncher@10.0.9/cpw.mods.modlauncher.Launcher.main(Launcher.java:78)
[04Aug2026 17:25:04.179] [main/INFO] [STDERR/]: [com.robertx22.library_of_exile.registry.loaders.BaseDataPackLoader:apply:78]: 	at MC-BOOTSTRAP/cpw.mods.modlauncher@10.0.9/cpw.mods.modlauncher.BootstrapLaunchConsumer.accept(BootstrapLaunchConsumer.java:26)
[04Aug2026 17:25:04.179] [main/INFO] [STDERR/]: [com.robertx22.library_of_exile.registry.loaders.BaseDataPackLoader:apply:78]: 	at MC-BOOTSTRAP/cpw.mods.modlauncher@10.0.9/cpw.mods.modlauncher.BootstrapLaunchConsumer.accept(BootstrapLaunchConsumer.java:23)
[04Aug2026 17:25:04.179] [main/INFO] [STDERR/]: [com.robertx22.library_of_exile.registry.loaders.BaseDataPackLoader:apply:78]: 	at cpw.mods.bootstraplauncher@1.1.2/cpw.mods.bootstraplauncher.BootstrapLauncher.main(BootstrapLauncher.java:141)
[04Aug2026 17:25:04.185] [main/INFO] [com.adonis.createfisheryindustry.CreateFisheryMod/]: Loaded 2 peeler entity processing entries
[04Aug2026 17:25:04.202] [main/INFO] [top.theillusivec4.curios.Curios/]: Loaded 14 curio slots
[04Aug2026 17:25:04.206] [main/INFO] [top.theillusivec4.curios.Curios/]: Loaded 11 curio entities
[04Aug2026 17:25:04.214] [main/INFO] [com.teamabnormals.blueprint.core.Blueprint/]: Chunk Generator Modification Manager has loaded 2 modifier groups
[04Aug2026 17:25:04.226] [main/INFO] [quark-zeta/]: Modified advancement minecraft:husbandry/wax_on with 2 patches
[04Aug2026 17:25:04.226] [main/INFO] [quark-zeta/]: Modified advancement minecraft:adventure/kill_a_mob with 3 patches
[04Aug2026 17:25:04.226] [main/INFO] [quark-zeta/]: Modified advancement minecraft:husbandry/bred_all_animals with 3 patches
[04Aug2026 17:25:04.226] [main/INFO] [quark-zeta/]: Modified advancement minecraft:adventure/kill_all_mobs with 3 patches
[04Aug2026 17:25:04.227] [main/INFO] [quark-zeta/]: Modified advancement minecraft:husbandry/balanced_diet with 3 patches
[04Aug2026 17:25:04.227] [main/INFO] [quark-zeta/]: Modified advancement minecraft:husbandry/plant_seed with 1 patches
[04Aug2026 17:25:04.227] [main/INFO] [quark-zeta/]: Modified advancement minecraft:nether/all_effects with 2 patches
[04Aug2026 17:25:04.227] [main/INFO] [quark-zeta/]: Modified advancement minecraft:husbandry/wax_off with 2 patches
[04Aug2026 17:25:04.227] [main/INFO] [quark-zeta/]: Modified advancement minecraft:adventure/adventuring_time with 1 patches
[04Aug2026 17:25:04.228] [main/INFO] [quark-zeta/]: Modified advancement minecraft:nether/all_potions with 1 patches
[04Aug2026 17:25:04.230] [main/INFO] [Diet/]: Loaded 5 diet groups
[04Aug2026 17:25:04.235] [main/INFO] [Diet/]: Loaded 1 diet suites
[04Aug2026 17:25:04.240] [main/INFO] [Supplementaries/]: Loaded 27 flute songs
[04Aug2026 17:25:04.282] [main/INFO] [rechiseled/]: Loaded 100 chiseling recipes
[04Aug2026 17:25:04.325] [main/WARN] [net.minecraft.core.MappedRegistry/]: Not all defined tags for registry ResourceKey[minecraft:root / minecraft:worldgen/biome] are present in data pack: idas:has_structure/bopmahogany_biomes, idas:has_structure/bopredwood_biomes, idas:has_structure/bygmahogany_biomes, idas:has_structure/bygredwood_biomes
[04Aug2026 17:25:04.424] [main/INFO] [Moonlight/]: Applied 17 data villager trades
[04Aug2026 17:25:04.557] [main/INFO] [Supplementaries/]: Finished additional setup in 0 ms
[04Aug2026 17:25:04.664] [main/INFO] [structurify/]: Loading Structurify config...
[04Aug2026 17:25:04.838] [main/INFO] [structurify/]: Structurify config loaded
[04Aug2026 17:25:04.839] [main/INFO] [structurify/]: Disabled 4 structures: [block_factorys_bosses:kraken_ship, idas:castle, idas:tinkers_workshop, underground_village:underground_village]
[04Aug2026 17:25:04.849] [main/INFO] [structurify/]: Enabled structure overlap prevention
[04Aug2026 17:25:04.849] [main/INFO] [structurify/]: Enabled global spacing and separation modifier with value of 2.0
[04Aug2026 17:25:04.849] [main/INFO] [structurify/]: Changed settings of 7 structures: [block_factorys_bosses:kraken_ship, cataclysm:ruined_citadel, create_easy_structures:big_1, idas:castle, idas:tinkers_workshop, nova_structures:illager_camp, underground_village:underground_village]
[04Aug2026 17:25:04.849] [main/INFO] [structurify/]: Changed settings of 7 structure namespaces: [block_factorys_bosses:kraken_ship, cataclysm:ruined_citadel, create_easy_structures:big_1, idas:castle, idas:tinkers_workshop, nova_structures:illager_camp, underground_village:underground_village]
[04Aug2026 17:25:04.849] [main/INFO] [structurify/]: Changed settings of 53 structures sets: [betterarcheology:archeology_sites, born_in_chaos_v1:clown_caravan_plains, born_in_chaos_v1:clown_caravan_savanna, born_in_chaos_v1:clown_caravan_taiga, born_in_chaos_v1:dark_tower_forest, born_in_chaos_v1:dark_tower_taiga, born_in_chaos_v1:farm, born_in_chaos_v1:firewell, born_in_chaos_v1:mound_of_hounds, born_in_chaos_v1:observation_tower_forest, cataclysm:abandoned_structures, cataclysm:acropolis, cataclysm:amethyst_nest, cataclysm:ancient_factory, cataclysm:cursed_pyramid, cataclysm:desert_structures, cataclysm:frosted_prison, cataclysm:ruined_citadel, cataclysm:soul_black_smith, cataclysm:sunken_city, clifftree:beached_treasure, clifftree:camel, create_easy_structures:big_1, create_rustic_structures:rustic_smithy, create_rustic_structures:rustic_well, idas:idas_common, idas:idas_nether, idas:idas_ocean, idas:idas_rare, idas:idas_small, idas:idas_small_nether, integrated_stronghold:stronghold, medieval_nether:houses, medievalend:houses, minecraft:ancient_cities, minecraft:desert_pyramids, minecraft:end_cities, minecraft:igloos, minecraft:jungle_temples, minecraft:nether_complexes, minecraft:nether_fossils, minecraft:ocean_monuments, minecraft:ocean_ruins, minecraft:pillager_outposts, minecraft:ruined_portals, minecraft:shipwrecks, minecraft:shipwrecks_stone_ocean, minecraft:swamp_huts, minecraft:trail_ruins, minecraft:villages, minecraft:woodland_mansions, nova_structures:nether_structures, ribbits:ribbit_village]
[04Aug2026 17:25:04.853] [main/INFO] [com.possible_triangle.sliceanddice.SliceAndDice/]: Injecting recipes
[04Aug2026 17:25:04.877] [main/INFO] [STDOUT/]: [earth.terrarium.botarium.common.energy.EnergyApi:finalizeItemRegistration:54]: Finalizing energy item registration
[04Aug2026 17:25:04.880] [main/INFO] [STDOUT/]: [earth.terrarium.botarium.common.fluid.FluidApi:finalizeItemRegistration:55]: Finalizing fluid item registration
[04Aug2026 17:25:04.990] [main/WARN] [ModernFix/]: Initial datapack load took 14.24 s
[04Aug2026 17:25:05.363] [main/INFO] [majruszlibrary/]: [majruszsdifficulty.json] Reloading configuration file took 8 milliseconds
[04Aug2026 17:25:05.368] [main/INFO] [majruszlibrary/]: [majruszlibrary.json] Reloading configuration file took 1 milliseconds
[04Aug2026 17:25:05.493] [Server thread/INFO] [net.minecraft.server.dedicated.DedicatedServer/]: Starting minecraft server version 1.20.1
[04Aug2026 17:25:05.493] [Server thread/INFO] [net.minecraft.server.dedicated.DedicatedServer/]: Loading properties
[04Aug2026 17:25:05.493] [Server thread/INFO] [net.minecraft.server.dedicated.DedicatedServer/]: Default game type: SURVIVAL
[04Aug2026 17:25:05.493] [Server thread/INFO] [net.minecraft.server.MinecraftServer/]: Generating keypair
[04Aug2026 17:25:05.651] [Server thread/INFO] [net.minecraft.server.dedicated.DedicatedServer/]: Starting Minecraft server on *:25565
[04Aug2026 17:25:05.717] [Server thread/INFO] [net.minecraft.server.network.ServerConnectionListener/]: Using epoll channel type
[04Aug2026 17:25:05.860] [Server thread/WARN] [net.minecraft.server.dedicated.DedicatedServer/]: **** SERVER IS RUNNING IN OFFLINE/INSECURE MODE!
[04Aug2026 17:25:05.861] [Server thread/WARN] [net.minecraft.server.dedicated.DedicatedServer/]: The server will make no attempt to authenticate usernames. Beware.
[04Aug2026 17:25:05.861] [Server thread/WARN] [net.minecraft.server.dedicated.DedicatedServer/]: While this makes the game possible to play without internet access, it also opens up the ability for hackers to connect with any username they choose.
[04Aug2026 17:25:05.861] [Server thread/WARN] [net.minecraft.server.dedicated.DedicatedServer/]: To change this, set "online-mode" to "true" in the server.properties file.
[04Aug2026 17:25:05.889] [Server thread/INFO] [Cold Sweat/]: Loading registries from configs...
[04Aug2026 17:25:05.890] [Server thread/INFO] [Cold Sweat/]: Loading registries from data resources...
[04Aug2026 17:25:05.897] [Server thread/INFO] [Cold Sweat/]: Handling registry modifiers...
[04Aug2026 17:25:05.898] [Server thread/INFO] [Cold Sweat/]: Loaded 6 insulators: [cold_sweat:aquamirae/three_bolt_boots, cold_sweat:aquamirae/three_bolt_helmet, cold_sweat:aquamirae/three_bolt_leggings, cold_sweat:aquamirae/three_bolt_suit, cold_sweat:create/netherite_backtank, cold_sweat:create_sa/netherite_jetpack_chestplate]
[04Aug2026 17:25:05.899] [Server thread/INFO] [Cold Sweat/]: Loaded 0 fuels.
[04Aug2026 17:25:05.900] [Server thread/INFO] [Cold Sweat/]: Loaded 0 foods.
[04Aug2026 17:25:05.900] [Server thread/INFO] [Cold Sweat/]: Loaded 0 item temperatures.
[04Aug2026 17:25:05.901] [Server thread/INFO] [Cold Sweat/]: Loaded 0 drying items.
[04Aug2026 17:25:05.901] [Server thread/INFO] [Cold Sweat/]: Loaded 0 insulation slots configs.
[04Aug2026 17:25:05.902] [Server thread/INFO] [Cold Sweat/]: Loaded 0 block temperatures.
[04Aug2026 17:25:05.902] [Server thread/INFO] [Cold Sweat/]: Loaded 0 biome temperatures.
[04Aug2026 17:25:05.903] [Server thread/INFO] [Cold Sweat/]: Loaded 0 dimension temperatures.
[04Aug2026 17:25:05.903] [Server thread/INFO] [Cold Sweat/]: Loaded 0 structure temperatures.
[04Aug2026 17:25:05.910] [Server thread/INFO] [Cold Sweat/]: Loaded 1 depth temperatures: [cold_sweat:default]
[04Aug2026 17:25:05.911] [Server thread/INFO] [Cold Sweat/]: Loaded 1 insulated mounts: [cold_sweat:strider]
[04Aug2026 17:25:05.912] [Server thread/INFO] [Cold Sweat/]: Loaded 0 entity spawn biomes.
[04Aug2026 17:25:05.912] [Server thread/INFO] [Cold Sweat/]: Loaded 2 entity temperatures: [cold_sweat:furnace_minecart, cold_sweat:on_fire]
[04Aug2026 17:25:05.913] [Server thread/INFO] [Cold Sweat/]: Loaded 0 entity climates.
[04Aug2026 17:25:05.914] [Server thread/INFO] [Cold Sweat/]: Loaded 2 temp effects: [cold_sweat:default_entity, cold_sweat:default_player]
[04Aug2026 17:25:05.914] [Server thread/INFO] [Cold Sweat/]: Loading TOML configs...
[04Aug2026 17:25:05.937] [Server thread/INFO] [Cold Sweat/]: Loading BlockTemps...
[04Aug2026 17:25:06.253] [Server thread/INFO] [spark/]: Starting background profiler...
[04Aug2026 17:25:07.194] [Server thread/INFO] [net.jrdemiurge.enigmaticdice.EnigmaticDice/]: Enigmatic Dice config loading...
[04Aug2026 17:25:07.212] [Server thread/INFO] [zeta/]: Server starting, accepting filewatcher changes for zeta's config
[04Aug2026 17:25:07.216] [Server thread/INFO] [Framework/]: Loading server configs...
[04Aug2026 17:25:07.228] [Server thread/INFO] [quark-zeta/]: Server starting, accepting filewatcher changes for quark's config
[04Aug2026 17:25:07.235] [Server thread/INFO] [structurify/]: Updating registries...
[04Aug2026 17:25:07.235] [Server thread/INFO] [structurify/]: Structure registries updated
[04Aug2026 17:25:07.238] [Server thread/INFO] [structurify/]: Structure Sets registries updated
[04Aug2026 17:25:07.242] [Server thread/INFO] [structurify/]: Structure Template Pools registries updated
[04Aug2026 17:25:07.242] [Server thread/INFO] [structurify/]: Registries updated
[04Aug2026 17:25:07.512] [Server thread/INFO] [terrablender/]: Initialized TerraBlender biomes for level stem minecraft:overworld
[04Aug2026 17:25:07.512] [Server thread/INFO] [terrablender/]: Initialized TerraBlender biomes for level stem minecraft:the_nether
[04Aug2026 17:25:07.515] [Server thread/INFO] [net.jadenxgamer.elysium_api.Elysium/]: ElysiumBiomeSource successfully initialized for minecraft:overworld
[04Aug2026 17:25:07.515] [Server thread/INFO] [net.jadenxgamer.elysium_api.Elysium/]: ElysiumBiomeSource successfully initialized for minecraft:the_nether
[04Aug2026 17:25:07.516] [Server thread/INFO] [net.minecraft.server.dedicated.DedicatedServer/]: Preparing level "world"
[04Aug2026 17:25:08.142] [Server thread/INFO] [net.bananemdnsa.historystages.HistoryStages/]: [HistoryStages] Server cache initialized.
[04Aug2026 17:25:08.191] [Server thread/INFO] [net.minecraft.server.MinecraftServer/]: Preparing start region for dimension minecraft:overworld
[04Aug2026 17:25:08.197] [Server thread/WARN] [mixin/]: Method overwrite conflict for removeIf in lithium.mixins.json:world.chunk_tickets.SortedArraySetMixin from mod radium, previously written by org.embeddedt.modernfix.common.mixin.bugfix.paper_chunk_patches.SortedArraySetMixin. Skipping method.
[04Aug2026 17:25:08.200] [Server thread/INFO] [KubeJS Server/]: Server resource reload complete!
[04Aug2026 17:25:09.249] [Netty Epoll Server IO #1/INFO] [net.minecraftforge.server.ServerLifecycleHooks/SERVERHOOKS]: Disconnecting Player (server is still starting): literal{Server is still starting! Please wait before reconnecting.}
[04Aug2026 17:25:09.249] [Netty Epoll Server IO #2/INFO] [net.minecraftforge.server.ServerLifecycleHooks/SERVERHOOKS]: Disconnecting Player (server is still starting): literal{Server is still starting! Please wait before reconnecting.}
[04Aug2026 17:25:10.679] [Server thread/INFO] [STDOUT/]: [earth.terrarium.botarium.common.energy.EnergyApi:finalizeBlockRegistration:39]: Finalizing energy block registration
[04Aug2026 17:25:10.679] [Server thread/INFO] [STDOUT/]: [earth.terrarium.botarium.common.fluid.FluidApi:finalizeBlockRegistration:42]: Finalizing fluid block registration
[04Aug2026 17:25:11.107] [Server thread/INFO] [net.minecraft.server.level.progress.LoggerChunkProgressListener/]: Time elapsed: 323145 ms
[04Aug2026 17:25:11.108] [Server thread/INFO] [net.minecraft.server.dedicated.DedicatedServer/]: Done (5.222s)! For help, type "help"
[04Aug2026 17:25:11.398] [Server thread/INFO] [net.minecraftforge.server.permission.PermissionAPI/]: Successfully initialized permission handler forge:default_handler
[04Aug2026 17:25:11.404] [Server thread/INFO] [com.azukaar.usefulluck.UsefulLuck/]: UsefulLuck Mod Loading!
[04Aug2026 17:25:11.444] [Server thread/INFO] [com.yanny.aci.manager.CorePluginManager/]: Registering server plugin data...
[04Aug2026 17:25:11.509] [Server thread/INFO] [com.yanny.aci.manager.ManagedRegistry/]: Registered 8/9 entry factories
[04Aug2026 17:25:11.509] [Server thread/INFO] [com.yanny.aci.manager.ManagedRegistry/]: Registered 4/4 number converters
[04Aug2026 17:25:11.509] [Server thread/INFO] [com.yanny.aci.manager.ManagedRegistry/]: Registered 10 trade item listings
[04Aug2026 17:25:11.509] [Server thread/INFO] [com.yanny.aci.manager.ManagedRegistry/]: Registered 8 entry item collectors
[04Aug2026 17:25:11.510] [Server thread/INFO] [com.yanny.aci.manager.ManagedRegistry/]: Registered 1 function item collectors
[04Aug2026 17:25:11.510] [Server thread/INFO] [com.yanny.aci.manager.ManagedRegistry/]: Registered 10 trade item collectors
[04Aug2026 17:25:11.510] [Server thread/INFO] [com.yanny.aci.manager.ManagedRegistry/]: Registered 30/41 function tooltips
[04Aug2026 17:25:11.510] [Server thread/INFO] [com.yanny.aci.manager.ManagedRegistry/]: Registered 37/40 condition tooltips
[04Aug2026 17:25:11.510] [Server thread/INFO] [com.yanny.aci.manager.ManagedRegistry/]: Registered 1 ingredient tooltips
[04Aug2026 17:25:11.510] [Server thread/INFO] [com.yanny.aci.manager.ManagedRegistry/]: Registered 68 value tooltips
[04Aug2026 17:25:11.510] [Server thread/INFO] [com.yanny.aci.manager.ManagedRegistry/]: Registered 3 chance modifiers
[04Aug2026 17:25:11.510] [Server thread/INFO] [com.yanny.aci.manager.ManagedRegistry/]: Registered 4 count modifiers
[04Aug2026 17:25:11.510] [Server thread/INFO] [com.yanny.aci.manager.ManagedRegistry/]: Registered 7 item stack modifiers
[04Aug2026 17:25:11.519] [Server thread/WARN] [com.yanny.ali.forge.plugin.ForgePlugin/]: Unable to locate destination for auto GLM usefulluck:luck_modifier
[04Aug2026 17:25:11.519] [Server thread/WARN] [com.yanny.ali.forge.plugin.ForgePlugin/]: Unable to locate destination for auto GLM relics:relic_loot
[04Aug2026 17:25:11.520] [Server thread/WARN] [com.yanny.ali.forge.plugin.ForgePlugin/]: Unable to locate destination for auto GLM mynethersdelight:remplace_item
[04Aug2026 17:25:11.520] [Server thread/WARN] [com.yanny.ali.forge.plugin.ForgePlugin/]: Unable to locate destination for auto GLM artifacts:smelt_ores_with_pickaxe_heater
[04Aug2026 17:25:11.521] [Server thread/WARN] [com.yanny.ali.forge.plugin.ForgePlugin/]: Unable to locate destination for auto GLM usefulluck:luck_modifier
[04Aug2026 17:25:11.522] [Server thread/WARN] [com.yanny.ali.forge.plugin.ForgePlugin/]: Unable to locate destination for auto GLM usefulluck:luck_modifier
[04Aug2026 17:25:11.522] [Server thread/WARN] [com.yanny.ali.forge.plugin.ForgePlugin/]: Unable to locate destination for auto GLM mynethersdelight:remplace_item
[04Aug2026 17:25:11.522] [Server thread/WARN] [com.yanny.ali.forge.plugin.ForgePlugin/]: Unable to locate destination for auto GLM supplementaries:replace_rope
[04Aug2026 17:25:11.523] [Server thread/WARN] [com.yanny.ali.forge.plugin.ForgePlugin/]: Unable to locate destination for auto GLM moonlight:add_item
[04Aug2026 17:25:11.523] [Server thread/WARN] [com.yanny.ali.forge.plugin.ForgePlugin/]: Unable to locate destination for auto GLM knightlib:add_item
[04Aug2026 17:25:11.524] [Server thread/WARN] [com.yanny.ali.forge.plugin.ForgePlugin/]: Unable to locate destination for auto GLM miners_delight:add_items
[04Aug2026 17:25:11.524] [Server thread/WARN] [com.yanny.ali.forge.plugin.ForgePlugin/]: Missing GLM for it.hurts.sskirillss.relics.level.RelicLootModifier
[04Aug2026 17:25:11.524] [Server thread/WARN] [com.yanny.ali.forge.plugin.ForgePlugin/]: Missing GLM for net.jadenxgamer.netherexp.registry.loot.custom.AddEnchantedItemModifier
[04Aug2026 17:25:11.524] [Server thread/WARN] [com.yanny.ali.forge.plugin.ForgePlugin/]: Missing GLM for com.momosoftworks.coldsweat.data.loot.modifier.AddDropsModifier
[04Aug2026 17:25:11.524] [Server thread/WARN] [com.yanny.ali.forge.plugin.ForgePlugin/]: Missing GLM for net.davio.aquaticambitions.infrastructure.loot.AddItemModifier
[04Aug2026 17:25:11.524] [Server thread/WARN] [com.yanny.ali.forge.plugin.ForgePlugin/]: Missing GLM for net.jadenxgamer.netherexp.registry.loot.custom.AddItemModifier
[04Aug2026 17:25:11.524] [Server thread/WARN] [com.yanny.ali.forge.plugin.ForgePlugin/]: Missing GLM for dev.xylonity.knightlib.datagen.KnightLibAddItemModifier
[04Aug2026 17:25:11.525] [Server thread/WARN] [com.yanny.ali.forge.plugin.ForgePlugin/]: Missing GLM for com.soytutta.mynethersdelight.common.loot.RemplaceLootModifier
[04Aug2026 17:25:11.525] [Server thread/WARN] [com.yanny.ali.forge.plugin.ForgePlugin/]: Missing GLM for com.soytutta.mynethersdelight.common.loot.MNDPastrySlicingModifier
[04Aug2026 17:25:11.525] [Server thread/WARN] [com.yanny.ali.forge.plugin.ForgePlugin/]: Missing GLM for net.mcreator.protectionpixel.init.ProtectionPixelModLootModifier$ProtectionPixelModLootTableModifier
[04Aug2026 17:25:11.525] [Server thread/WARN] [com.yanny.ali.forge.plugin.ForgePlugin/]: Missing GLM for umpaz.brewinandchewin.common.loot.modifier.BnCSlicingModifier
[04Aug2026 17:25:11.525] [Server thread/WARN] [com.yanny.ali.forge.plugin.ForgePlugin/]: Missing GLM for com.sammy.minersdelight.content.loot.AddSeveralItemsModifier
[04Aug2026 17:25:11.525] [Server thread/WARN] [com.yanny.ali.forge.plugin.ForgePlugin/]: Missing GLM for artifacts.forge.loot.SmeltOresWithPickaxeHeaterModifier
[04Aug2026 17:25:11.525] [Server thread/WARN] [com.yanny.ali.forge.plugin.ForgePlugin/]: Missing GLM for com.azukaar.usefulluck.LuckLootModifier
[04Aug2026 17:25:11.525] [Server thread/WARN] [com.yanny.ali.forge.plugin.ForgePlugin/]: Missing GLM for artifacts.forge.loot.RollLootTableModifier
[04Aug2026 17:25:11.525] [Server thread/WARN] [com.yanny.ali.forge.plugin.ForgePlugin/]: Missing GLM for com.sammy.minersdelight.content.loot.ReplaceDroppedLootModifier
[04Aug2026 17:25:11.526] [Server thread/WARN] [com.yanny.ali.forge.plugin.ForgePlugin/]: Missing GLM for net.mcreator.unusualend.init.UnusualendModLootModifier$UnusualendModLootTableModifier
[04Aug2026 17:25:11.526] [Server thread/WARN] [com.yanny.ali.forge.plugin.ForgePlugin/]: Missing GLM for net.p3pp3rf1y.sophisticatedbackpacks.data.SBLootModifierProvider$InjectLootModifier
[04Aug2026 17:25:11.526] [Server thread/WARN] [com.yanny.ali.forge.plugin.ForgePlugin/]: Missing GLM for com.teamremastered.endrem.utils.LootInjector$LootInjectorModifier
[04Aug2026 17:25:11.526] [Server thread/WARN] [com.yanny.ali.forge.plugin.ForgePlugin/]: Missing GLM for net.mcreator.ancientforgemastery.init.AncientForgemasteryModLootModifier$AncientForgemasteryModLootTableModifier
[04Aug2026 17:25:11.526] [Server thread/WARN] [com.yanny.ali.forge.plugin.ForgePlugin/]: Missing GLM for net.mehvahdjukaar.moonlight.core.misc.forge.ModLootModifiers$AddItemModifier
[04Aug2026 17:25:11.526] [Server thread/WARN] [com.yanny.ali.forge.plugin.ForgePlugin/]: Missing GLM for io.github.mortuusars.exposure.forge.loot.ConfigurableAddTableLootModifier
[04Aug2026 17:25:11.526] [Server thread/WARN] [com.yanny.ali.forge.plugin.ForgePlugin/]: Missing GLM for net.mehvahdjukaar.supplementaries.forge.ReplaceRopeByConfigModifier
[04Aug2026 17:25:11.526] [Server thread/WARN] [com.yanny.ali.forge.plugin.ForgePlugin/]: Missing GLM for com.momosoftworks.coldsweat.data.loot.modifier.AddPiglinBartersModifier
[04Aug2026 17:25:11.527] [Server thread/INFO] [com.yanny.ali.manager.AliServerRegistry/]: Registered 247 loot modifiers
[04Aug2026 17:25:11.527] [Server thread/INFO] [com.yanny.aci.manager.CorePluginManager/]: Registering server plugin data finished
[04Aug2026 17:25:11.527] [Server thread/INFO] [com.yanny.ali.network.AbstractServer/]: Started reading loot info
[04Aug2026 17:25:13.730] [Server thread/INFO] [com.yanny.ali.network.AbstractServer/]: Skipped 151 empty or hidden loot tables and 44 injected loot tables
[04Aug2026 17:25:13.740] [Server thread/WARN] [com.yanny.ali.network.AbstractServer/]: No trades defined for minecraft:nitwit
[04Aug2026 17:25:13.740] [Server thread/WARN] [com.yanny.ali.network.AbstractServer/]: No trades defined for minecraft:none
[04Aug2026 17:25:13.742] [Server thread/INFO] [com.yanny.ali.network.AbstractServer/]: Processing 11459 loot tables, 16 fake loot tables and 20 trades took 2215ms
[04Aug2026 17:25:15.790] [Server thread/INFO] [com.yanny.ali.network.AbstractServer/]: Compressed loot data (2.71 MB -> 0.59 MB) and stored in 19 chunk(s)
[04Aug2026 17:25:15.791] [Server thread/WARN] [com.yanny.aci.manager.ManagedRegistry/]: Missing entry factories for net.mehvahdjukaar.moonlight.core.loot.OptionalItemPool
[04Aug2026 17:25:15.791] [Server thread/WARN] [com.yanny.aci.manager.ManagedRegistry/]: Missing trade item listings for net.Pandarix.betterarcheology.event.ModEvents$$Lambda$37954/0x00007c3cec195170
[04Aug2026 17:25:15.791] [Server thread/WARN] [com.yanny.aci.manager.ManagedRegistry/]: Missing trade item listings for net.Pandarix.betterarcheology.event.ModEvents$$Lambda$37968/0x00007c3cec196f30
[04Aug2026 17:25:15.791] [Server thread/WARN] [com.yanny.aci.manager.ManagedRegistry/]: Missing trade item listings for net.Pandarix.betterarcheology.event.ModEvents$$Lambda$37957/0x00007c3cec1957d0
[04Aug2026 17:25:15.791] [Server thread/WARN] [com.yanny.aci.manager.ManagedRegistry/]: Missing trade item listings for net.Pandarix.betterarcheology.event.ModEvents$$Lambda$37964/0x00007c3cec1966b0
[04Aug2026 17:25:15.791] [Server thread/WARN] [com.yanny.aci.manager.ManagedRegistry/]: Missing trade item listings for net.Pandarix.betterarcheology.event.ModEvents$$Lambda$37967/0x00007c3cec196d10
[04Aug2026 17:25:15.792] [Server thread/WARN] [com.yanny.aci.manager.ManagedRegistry/]: Missing trade item listings for net.Pandarix.betterarcheology.event.ModEvents$$Lambda$37965/0x00007c3cec1968d0
[04Aug2026 17:25:15.792] [Server thread/WARN] [com.yanny.aci.manager.ManagedRegistry/]: Missing trade item listings for org.violetmoon.quark.content.tools.module.PathfinderMapsModule$PathfinderQuillTrade
[04Aug2026 17:25:15.792] [Server thread/WARN] [com.yanny.aci.manager.ManagedRegistry/]: Missing trade item listings for net.Pandarix.betterarcheology.event.ModEvents$$Lambda$37959/0x00007c3cec195c10
[04Aug2026 17:25:15.792] [Server thread/WARN] [com.yanny.aci.manager.ManagedRegistry/]: Missing trade item listings for net.satisfy.vinery.core.util.VillagerUtil$BuyForOneEmeraldFactory
[04Aug2026 17:25:15.792] [Server thread/WARN] [com.yanny.aci.manager.ManagedRegistry/]: Missing trade item listings for net.Pandarix.betterarcheology.event.ModEvents$$Lambda$37955/0x00007c3cec195390
[04Aug2026 17:25:15.792] [Server thread/WARN] [com.yanny.aci.manager.ManagedRegistry/]: Missing trade item listings for net.Pandarix.betterarcheology.event.ModEvents$$Lambda$37960/0x00007c3cec195e30
[04Aug2026 17:25:15.792] [Server thread/WARN] [com.yanny.aci.manager.ManagedRegistry/]: Missing trade item listings for net.satisfy.vinery.core.util.VillagerUtil$SellItemFactory
[04Aug2026 17:25:15.792] [Server thread/WARN] [com.yanny.aci.manager.ManagedRegistry/]: Missing trade item listings for net.Pandarix.betterarcheology.event.ModEvents$$Lambda$37961/0x00007c3cec196050
[04Aug2026 17:25:15.793] [Server thread/WARN] [com.yanny.aci.manager.ManagedRegistry/]: Missing trade item listings for net.Pandarix.betterarcheology.event.ModEvents$$Lambda$37963/0x00007c3cec196490
[04Aug2026 17:25:15.793] [Server thread/WARN] [com.yanny.aci.manager.ManagedRegistry/]: Missing trade item listings for net.Pandarix.betterarcheology.event.ModEvents$$Lambda$37956/0x00007c3cec1955b0
[04Aug2026 17:25:15.793] [Server thread/WARN] [com.yanny.aci.manager.ManagedRegistry/]: Missing trade item listings for net.Pandarix.betterarcheology.event.ModEvents$$Lambda$37962/0x00007c3cec196270
[04Aug2026 17:25:15.793] [Server thread/WARN] [com.yanny.aci.manager.ManagedRegistry/]: Missing trade item listings for com.teamremastered.endrem.events.ModEvents$EREyeTrade
[04Aug2026 17:25:15.793] [Server thread/WARN] [com.yanny.aci.manager.ManagedRegistry/]: Missing trade item listings for com.jesz.createdieselgenerators.events.ForgeEvents$$Lambda$37952/0x00007c3cec1948d0
[04Aug2026 17:25:15.793] [Server thread/WARN] [com.yanny.aci.manager.ManagedRegistry/]: Missing trade item listings for net.Pandarix.betterarcheology.event.ModEvents$$Lambda$37953/0x00007c3cec194f50
[04Aug2026 17:25:15.793] [Server thread/WARN] [com.yanny.aci.manager.ManagedRegistry/]: Missing trade item listings for net.mehvahdjukaar.supplementaries.common.entities.trades.RandomAdventurerMapListing
[04Aug2026 17:25:15.794] [Server thread/WARN] [com.yanny.aci.manager.ManagedRegistry/]: Missing trade item listings for net.minecraftforge.common.BasicItemListing
[04Aug2026 17:25:15.794] [Server thread/WARN] [com.yanny.aci.manager.ManagedRegistry/]: Missing trade item listings for net.Pandarix.betterarcheology.event.ModEvents$$Lambda$37958/0x00007c3cec1959f0
[04Aug2026 17:25:15.794] [Server thread/WARN] [com.yanny.aci.manager.ManagedRegistry/]: Missing trade item listings for net.Pandarix.betterarcheology.event.ModEvents$$Lambda$37966/0x00007c3cec196af0
[04Aug2026 17:25:15.794] [Server thread/WARN] [com.yanny.aci.manager.ManagedRegistry/]: Missing trade item listings for org.violetmoon.quark.content.tools.module.AncientTomesModule$ExchangeAncientTomesTrade
[04Aug2026 17:25:15.794] [Server thread/WARN] [com.yanny.aci.manager.ManagedRegistry/]: Missing trade item listings for net.mehvahdjukaar.moonlight.api.trades.SimpleItemListing
[04Aug2026 17:25:15.794] [Server thread/WARN] [com.yanny.aci.manager.ManagedRegistry/]: Missing trade item listings for com.craisinlord.integrated_api.misc.maptrades.StructureSpecificMaps$TreasureMapForEmeralds
[04Aug2026 17:25:15.794] [Server thread/WARN] [com.yanny.aci.manager.ManagedRegistry/]: Missing function tooltips for net.mehvahdjukaar.supplementaries.common.items.loot.CurseLootFunction
[04Aug2026 17:25:15.794] [Server thread/WARN] [com.yanny.aci.manager.ManagedRegistry/]: Missing function tooltips for org.violetmoon.quark.content.tools.loot.EnchantTome
[04Aug2026 17:25:15.794] [Server thread/WARN] [com.yanny.aci.manager.ManagedRegistry/]: Missing function tooltips for net.mehvahdjukaar.supplementaries.common.items.loot.RandomArrowFunction
[04Aug2026 17:25:15.794] [Server thread/WARN] [com.yanny.aci.manager.ManagedRegistry/]: Missing function tooltips for umpaz.brewinandchewin.common.loot.CopyDrinkFunction
[04Aug2026 17:25:15.794] [Server thread/WARN] [com.yanny.aci.manager.ManagedRegistry/]: Missing function tooltips for net.p3pp3rf1y.sophisticatedbackpacks.data.CopyBackpackDataFunction
[04Aug2026 17:25:15.794] [Server thread/WARN] [com.yanny.aci.manager.ManagedRegistry/]: Missing function tooltips for com.sammy.minersdelight.content.block.copper_pot.CopperPotCopyMealFunction
[04Aug2026 17:25:15.795] [Server thread/WARN] [com.yanny.aci.manager.ManagedRegistry/]: Missing function tooltips for com.majruszsdifficulty.loot.CurseRandomly
[04Aug2026 17:25:15.795] [Server thread/WARN] [com.yanny.aci.manager.ManagedRegistry/]: Missing function tooltips for net.yirmiri.dungeonsdelight.common.util.misc.CopyMonsterMealFunction
[04Aug2026 17:25:15.795] [Server thread/WARN] [com.yanny.aci.manager.ManagedRegistry/]: Missing condition tooltips for artifacts.loot.ArtifactRarityAdjustedChance
[04Aug2026 17:25:15.795] [Server thread/WARN] [com.yanny.aci.manager.ManagedRegistry/]: Missing condition tooltips for artifacts.loot.ConfigValueChance
[04Aug2026 17:25:15.795] [Server thread/WARN] [com.yanny.aci.manager.ManagedRegistry/]: Missing condition tooltips for artifacts.loot.IsAprilFools
[04Aug2026 17:25:15.795] [Server thread/WARN] [com.yanny.aci.manager.ManagedRegistry/]: Missing condition tooltips for org.violetmoon.zeta.config.FlagLootCondition
[04Aug2026 17:25:15.795] [Server thread/WARN] [com.yanny.aci.manager.ManagedRegistry/]: Missing condition tooltips for org.violetmoon.quark.content.tools.loot.InBiomeCondition
[04Aug2026 17:25:15.795] [Server thread/WARN] [com.yanny.aci.manager.ManagedRegistry/]: Missing value tooltips for org.violetmoon.quark.content.tools.module.PathfinderMapsModule$TradeInfo
[04Aug2026 17:25:15.813] [Server thread/INFO] [org.infernalstudios.questlog.Questlog/]: Loaded 48 quests and 3 chapters from config.
[04Aug2026 17:25:15.816] [Server thread/INFO] [Diet/]: Generating diet values...
[04Aug2026 17:25:15.816] [Server thread/INFO] [Diet/]: Finding ungrouped food items...
[04Aug2026 17:25:15.836] [Server thread/INFO] [Diet/]: Found 401 ungrouped food items
[04Aug2026 17:25:15.836] [Server thread/INFO] [Diet/]: Building item-to-recipes map...
[04Aug2026 17:25:15.903] [Server thread/INFO] [Diet/]: Found 7122 valid items with recipes
[04Aug2026 17:25:15.903] [Server thread/INFO] [Diet/]: Processing items...
[04Aug2026 17:25:15.913] [Server thread/INFO] [Diet/]: Processed 660 items
[04Aug2026 17:25:15.914] [Server thread/INFO] [Diet/]: Generating diet values took 97.32 ms
[04Aug2026 17:25:15.914] [Server thread/INFO] [org.ddkolbb.createartifacts.Createartifacts/]: CreateArtifacts: Server starting.
[04Aug2026 17:25:16.180] [Server thread/INFO] [com.adonis.fluid.CreateFluid/]: Added 113 runtime sandblasting recipes.
[04Aug2026 17:25:16.181] [Server thread/INFO] [com.mafuyu404.oneenoughitem.Oneenoughitem/]: Cleared 11 cached item mappings and 0 cached tag mappings
[04Aug2026 17:25:16.181] [Server thread/INFO] [com.mafuyu404.oneenoughitem.Oneenoughitem/]: Added replacement rule for 1 items and 0 tags: [cgs:steel_nugget] -> alloyed:steel_nugget
[04Aug2026 17:25:16.181] [Server thread/INFO] [com.mafuyu404.oneenoughitem.Oneenoughitem/]: Added replacement rule for 1 items and 0 tags: [cgs:steel_ingot] -> alloyed:steel_ingot
[04Aug2026 17:25:16.181] [Server thread/INFO] [com.mafuyu404.oneenoughitem.Oneenoughitem/]: Added replacement rule for 2 items and 0 tags: [createaddition:zinc_sheet, createfisheryindustry:zinc_sheet] -> createdeco:zinc_sheet
[04Aug2026 17:25:16.182] [Server thread/INFO] [com.mafuyu404.oneenoughitem.Oneenoughitem/]: Added replacement rule for 1 items and 0 tags: [cgs:steel_nugget] -> alloyed:steel_nugget
[04Aug2026 17:25:16.182] [Server thread/INFO] [com.mafuyu404.oneenoughitem.Oneenoughitem/]: Added replacement rule for 1 items and 0 tags: [cgs:steel_sheet] -> alloyed:steel_sheet
[04Aug2026 17:25:16.182] [Server thread/INFO] [com.mafuyu404.oneenoughitem.Oneenoughitem/]: Added replacement rule for 1 items and 0 tags: [protection_pixel:smallnetheritesheet] -> create_crush_everything:netherite_shard
[04Aug2026 17:25:16.182] [Server thread/INFO] [com.mafuyu404.oneenoughitem.Oneenoughitem/]: Added replacement rule for 1 items and 0 tags: [dungeonsdelight:smoked_spider_meat] -> miners_delight:baked_spider_leg
[04Aug2026 17:25:16.182] [Server thread/INFO] [com.mafuyu404.oneenoughitem.Oneenoughitem/]: Added replacement rule for 1 items and 0 tags: [dungeonsdelight:spider_meat] -> miners_delight:spider_leg
[04Aug2026 17:25:16.182] [Server thread/INFO] [com.mafuyu404.oneenoughitem.Oneenoughitem/]: Added replacement rule for 1 items and 0 tags: [artifacts:aqua_dashers] -> relics:aqua_walker
[04Aug2026 17:25:16.183] [Server thread/INFO] [com.mafuyu404.oneenoughitem.Oneenoughitem/]: Added replacement rule for 1 items and 0 tags: [clockwork:clockwork_gear] -> create:cogwheel
[04Aug2026 17:25:16.183] [Server thread/INFO] [com.mafuyu404.oneenoughitem.Oneenoughitem/]: Added replacement rule for 1 items and 0 tags: [warriorsofpastepoch:batwing] -> miners_delight:bat_wing
[04Aug2026 17:25:30.995] [Server thread/INFO] [com.finderfeed.fdlib.FDLib/]: Loading FD configs...
[04Aug2026 17:25:30.996] [Server thread/INFO] [com.finderfeed.fdlib.FDLib/]: Loading config fdlib:test
[04Aug2026 17:25:30.997] [Server thread/INFO] [com.finderfeed.fdlib.FDLib/]: Loading config fdlib:fdlib_client
[04Aug2026 17:25:30.998] [Server thread/INFO] [com.finderfeed.fdlib.FDLib/]: Loaded FD configs.
[04Aug2026 17:25:31.081] [Server thread/INFO] [com.cupboard.Cupboard/]: Loaded config for: smoothchunk.json
[04Aug2026 17:25:31.083] [Server thread/INFO] [com.cupboard.Cupboard/]: Loaded config for: chunksending.json
[04Aug2026 17:25:31.447] [Server thread/WARN] [ModernFix/]: Dedicated server took 118.771 seconds to load
[04Aug2026 17:27:50.606] [Server thread/INFO] [net.minecraft.server.network.ServerLoginPacketListenerImpl/]: com.mojang.authlib.GameProfile@5ec50b1f[id=<null>,name=emilaviv,properties={},legacy=false] (/10.166.13.90:61351) lost connection: Disconnected
[04Aug2026 17:28:24.208] [Server thread/INFO] [net.minecraft.server.players.PlayerList/]: emilaviv[/10.166.13.90:59604] logged in with entity id 1036 at (-964.0063834565262, 71.0, -1662.33882137633)
[04Aug2026 17:28:24.322] [Server thread/INFO] [ModernFix/]: Using enhanced recipe sync for player emilaviv
[04Aug2026 17:28:24.421] [Server thread/INFO] [net.minecraft.server.MinecraftServer/]: emilaviv joined the game
[04Aug2026 17:28:24.614] [Server thread/INFO] [oelib/]: Sending Replacements data: 14 entries, 1536 bytes
[04Aug2026 17:28:24.736] [Server thread/INFO] [Jade/]: Syncing config to emilaviv (62ce933d-669a-3e80-a037-56044a85235c)
[04Aug2026 17:28:48.817] [Server thread/INFO] [com.yanny.ali.network.AbstractServer/]: Started syncing loot info to emilaviv
[04Aug2026 17:28:48.818] [Server thread/INFO] [com.yanny.ali.network.AbstractServer/]: Finished syncing loot info to emilaviv
[04Aug2026 17:32:00.562] [Server thread/INFO] [com.yanny.aci.manager.CorePluginManager/]: Deregistering server plugin data...
[04Aug2026 17:32:00.562] [Server thread/INFO] [com.yanny.aci.manager.CorePluginManager/]: Deregistering server plugin data finished
[04Aug2026 17:32:00.590] [Server thread/INFO] [net.minecraft.server.MinecraftServer/]: Stopping server
[04Aug2026 17:32:00.591] [Server thread/INFO] [net.minecraft.server.MinecraftServer/]: Saving players
[04Aug2026 17:32:00.651] [Server thread/INFO] [net.minecraft.server.MinecraftServer/]: Saving worlds
[04Aug2026 17:32:01.489] [Server thread/INFO] [net.minecraft.server.MinecraftServer/]: Saving chunks for level 'ServerLevel[world]'/minecraft:overworld
[04Aug2026 17:32:02.975] [Server thread/INFO] [net.minecraft.server.MinecraftServer/]: Saving chunks for level 'ServerLevel[world]'/minecraft:the_end
[04Aug2026 17:32:02.977] [Server thread/INFO] [net.minecraft.server.MinecraftServer/]: Saving chunks for level 'ServerLevel[world]'/minecraft:the_nether
[04Aug2026 17:32:03.108] [Server thread/INFO] [net.minecraft.server.MinecraftServer/]: ThreadedAnvilChunkStorage (world): All chunks are saved
[04Aug2026 17:32:03.109] [Server thread/INFO] [net.minecraft.server.MinecraftServer/]: ThreadedAnvilChunkStorage (DIM1): All chunks are saved
[04Aug2026 17:32:03.109] [Server thread/INFO] [net.minecraft.server.MinecraftServer/]: ThreadedAnvilChunkStorage (DIM-1): All chunks are saved
[04Aug2026 17:32:03.109] [Server thread/INFO] [net.minecraft.server.MinecraftServer/]: ThreadedAnvilChunkStorage: All dimensions are saved
[04Aug2026 17:32:03.126] [Server thread/INFO] [Framework/]: Unloading server configs...
[04Aug2026 17:32:03.126] [Server thread/INFO] [Framework/]: Finished unloading server configs
